-- phpMyAdmin SQL Dump
-- version 5.2.1
-- https://www.phpmyadmin.net/
--
-- Host: localhost
-- Waktu pembuatan: 04 Des 2023 pada 10.15
-- Versi server: 10.5.21-MariaDB-0+deb11u1
-- Versi PHP: 8.1.23

SET SQL_MODE = "NO_AUTO_VALUE_ON_ZERO";
START TRANSACTION;
SET time_zone = "+00:00";


/*!40101 SET @OLD_CHARACTER_SET_CLIENT=@@CHARACTER_SET_CLIENT */;
/*!40101 SET @OLD_CHARACTER_SET_RESULTS=@@CHARACTER_SET_RESULTS */;
/*!40101 SET @OLD_COLLATION_CONNECTION=@@COLLATION_CONNECTION */;
/*!40101 SET NAMES utf8mb4 */;

--
-- Database: `crmptain`
--

-- --------------------------------------------------------

--
-- Struktur dari tabel `customerque`
--

CREATE TABLE `customerque` (
  `id_customer` int(20) NOT NULL,
  `order_date` varchar(100) DEFAULT NULL,
  `phone` varchar(20) NOT NULL,
  `id_statusf` int(20) NOT NULL,
  `order_id` varchar(50) NOT NULL,
  `product_name` varchar(50) NOT NULL,
  `first_name` varchar(100) NOT NULL,
  `id_statusg` int(20) NOT NULL,
  `attempt` varchar(50) NOT NULL,
  `onpause` varchar(50) NOT NULL,
  `last_operator` varchar(50) NOT NULL,
  `date_added` date DEFAULT NULL,
  `processing_operation` varchar(50) NOT NULL,
  `promo` varchar(50) NOT NULL,
  `id_agent` int(20) NOT NULL
) ENGINE=InnoDB DEFAULT CHARSET=utf8mb4 COLLATE=utf8mb4_general_ci;

--
-- Dumping data untuk tabel `customerque`
--

INSERT INTO `customerque` (`id_customer`, `order_date`, `phone`, `id_statusf`, `order_id`, `product_name`, `first_name`, `id_statusg`, `attempt`, `onpause`, `last_operator`, `date_added`, `processing_operation`, `promo`, `id_agent`) VALUES
(506, '2023-12-03 08:34:58', '08111111111', 19, '31127666', 'EPROS', 'handyyy', 1, '0', 'NO', '0', NULL, '0', 'prm_spesial1190', 0);

-- --------------------------------------------------------

--
-- Struktur dari tabel `history_agent`
--

CREATE TABLE `history_agent` (
  `nb` int(11) NOT NULL,
  `id_customer` int(20) NOT NULL,
  `first_name` varchar(100) NOT NULL,
  `last_name` varchar(100) NOT NULL,
  `phone` varchar(20) NOT NULL,
  `country` varchar(30) NOT NULL,
  `timezone` varchar(50) NOT NULL,
  `addrest_list` varchar(50) NOT NULL,
  `state` varchar(30) NOT NULL,
  `city` varchar(30) NOT NULL,
  `zip` int(20) NOT NULL,
  `shipper` varchar(50) NOT NULL,
  `note` varchar(50) NOT NULL,
  `order_date` varchar(100) NOT NULL,
  `gender` varchar(50) NOT NULL,
  `email` varchar(50) NOT NULL,
  `age` varchar(20) NOT NULL,
  `height` varchar(11) NOT NULL,
  `Chronic_disease` varchar(50) NOT NULL,
  `married` varchar(30) DEFAULT NULL,
  `children` varchar(30) DEFAULT NULL,
  `id_status` int(20) NOT NULL,
  `id_statusb` int(20) NOT NULL,
  `id_statusc` int(20) NOT NULL,
  `id_statusd` int(20) NOT NULL,
  `id_statusf` int(20) NOT NULL,
  `id_agent` int(20) DEFAULT NULL,
  `order_id` varchar(50) NOT NULL,
  `operator_comment2` varchar(50) NOT NULL,
  `promo` varchar(50) NOT NULL,
  `nama_product` varchar(50) NOT NULL,
  `description` varchar(50) NOT NULL,
  `package` varchar(30) NOT NULL,
  `shipment_type` varchar(50) NOT NULL,
  `amount` varchar(50) NOT NULL,
  `price` int(30) NOT NULL,
  `total` int(30) NOT NULL,
  `operator_comment` varchar(500) NOT NULL,
  `operator_comment3` varchar(50) NOT NULL,
  `operator_comment4` varchar(50) NOT NULL,
  `date_comment` varchar(100) NOT NULL,
  `date_comment2` datetime NOT NULL,
  `date_comment3` datetime NOT NULL,
  `date_comment4` datetime NOT NULL,
  `bank_payment` varchar(50) NOT NULL
) ENGINE=InnoDB DEFAULT CHARSET=utf8mb4 COLLATE=utf8mb4_general_ci;

--
-- Dumping data untuk tabel `history_agent`
--

INSERT INTO `history_agent` (`nb`, `id_customer`, `first_name`, `last_name`, `phone`, `country`, `timezone`, `addrest_list`, `state`, `city`, `zip`, `shipper`, `note`, `order_date`, `gender`, `email`, `age`, `height`, `Chronic_disease`, `married`, `children`, `id_status`, `id_statusb`, `id_statusc`, `id_statusd`, `id_statusf`, `id_agent`, `order_id`, `operator_comment2`, `promo`, `nama_product`, `description`, `package`, `shipment_type`, `amount`, `price`, `total`, `operator_comment`, `operator_comment3`, `operator_comment4`, `date_comment`, `date_comment2`, `date_comment3`, `date_comment4`, `bank_payment`) VALUES
(1274, 113, 'ibeng (pak tyo)', '-', '081226150312', 'Indonesia', 'Asia/Jakarta', 'jalan margonda raya no 112 blok 13', 'Jawa Timur', 'Blitar', 12000, '', 'minta cepat dikirim sudah kritiss...', '2023-10-11 08:58:03', '', '', '78', '192', 'Batuk kejang muntah2', 'yes', 'yes', 0, 0, 0, 15, 0, 13, '42145479', 'minta cepat dikirim sudah kritiss...', '', 'Obat', '', '', '', '1', 1190, 1190, 'test', 'minta cepat dikirim sudah kritiss...', 'minta cepat dikirim sudah kritiss...', '2023-11-24 21:45:48', '2023-11-24 21:45:48', '2023-11-24 21:45:48', '2023-11-24 21:45:48', ''),
(1275, 247, 'Gayadi/bp usman', '', '081266878178', '', '', '', '', '', 0, '', '', '2023-11-11 00:24:11', '', '', '', '', '', '', '', 0, 0, 7, 0, 0, 11, '76988243', '', 'prm_spesial1190', 'EPROS', '', '', '', '', 0, 0, '', '', '', '2023-11-25 09:15:19', '2023-11-25 09:15:19', '2023-11-25 09:15:19', '2023-11-25 09:15:19', ''),
(1276, 246, 'Rahim', '', '085241529467', '', '', '', '', '', 0, '', '', '2023-11-11 00:23:32', '', '', '', '', '', '', '', 0, 0, 7, 0, 0, 11, '71241864', '', 'prm_spesial1190', 'EPROS', '', '', '', '', 0, 0, '', '', '', '2023-11-25 09:15:45', '2023-11-25 09:15:45', '2023-11-25 09:15:45', '2023-11-25 09:15:45', ''),
(1277, 244, 'Hendri', '', '081345014141', '', '', '', '', '', 0, '', '', '2023-11-11 00:21:57', '', '', '', '', '', '', '', 0, 0, 7, 0, 0, 11, '43334419', '', 'prm_spesial1190', 'EPROS', '', '', '', '', 0, 0, '', '', '', '2023-11-25 10:17:06', '2023-11-25 10:17:06', '2023-11-25 10:17:06', '2023-11-25 10:17:06', ''),
(1278, 238, 'Roki', '', '085380860294', '', '', '', '', '', 0, '', '', '2023-11-11 00:16:54', '', '', '', '', '', '', '', 0, 0, 7, 0, 0, 11, '51182517', '', 'prm_spesial1190', 'EPROS', '', '', '', '', 0, 0, '', '', '', '2023-11-25 21:09:55', '2023-11-25 21:09:55', '2023-11-25 21:09:55', '2023-11-25 21:09:55', ''),
(1279, 303, 'Judi', '', '085335746316', '', '', '', '', '', 0, '', '', '2023-11-13 12:15:56', '', '', '', '', '', '', '', 0, 0, 6, 0, 0, 12, '64497844', '', '', '', '', '', '', '', 0, 0, '', '', '', '2023-11-26 15:36:59', '2023-11-26 15:36:59', '2023-11-26 15:36:59', '2023-11-26 15:36:59', ''),
(1280, 304, 'Yasir', '', '082192411577', '', '', '', '', '', 0, '', '', '2023-11-13 12:16:20', '', '', '', '', '', '', '', 0, 0, 6, 0, 0, 12, '44354118', '', '', '', '', '', '', '', 0, 0, '', '', '', '2023-11-26 15:39:37', '2023-11-26 15:39:37', '2023-11-26 15:39:37', '2023-11-26 15:39:37', ''),
(1281, 305, 'Yulia', '', '085810257290', '', '', '', '', '', 0, '', '', '2023-11-13 12:16:55', '', '', '', '', '', '', '', 0, 0, 6, 0, 0, 12, '23266281', '', '', '', '', '', '', '', 0, 0, '', '', '', '2023-11-26 15:40:18', '2023-11-26 15:40:18', '2023-11-26 15:40:18', '2023-11-26 15:40:18', ''),
(1282, 329, 'I made suarsa', '', '082236824085', '', '', '', '', '', 0, '', '', '2023-11-15 12:33:45', '', '', '', '', '', '', '', 0, 0, 7, 0, 0, 12, '41283688', '', '', '', '', '', '', '', 0, 0, '', '', '', '2023-11-26 15:40:49', '2023-11-26 15:40:49', '2023-11-26 15:40:49', '2023-11-26 15:40:49', ''),
(1283, 330, 'Subarko', '', '085323034600', '', '', '', '', '', 0, '', '', '2023-11-15 12:34:15', '', '', '', '', '', '', '', 0, 0, 7, 0, 0, 12, '92231252', '', '', '', '', '', '', '', 0, 0, '', '', '', '2023-11-26 15:42:50', '2023-11-26 15:42:50', '2023-11-26 15:42:50', '2023-11-26 15:42:50', ''),
(1284, 331, 'Rahayu', '', '081329339996', '', '', '', '', '', 0, '', '', '2023-11-15 12:34:32', '', '', '', '', '', '', '', 0, 0, 6, 0, 0, 12, '85269833', '', '', '', '', '', '', '', 0, 0, '', '', '', '2023-11-26 15:44:19', '2023-11-26 15:44:19', '2023-11-26 15:44:19', '2023-11-26 15:44:19', ''),
(1285, 332, 'Herman', '', '081223242519', '', '', '', '', '', 0, '', '', '2023-11-15 12:34:50', '', '', '', '', '', '', '', 3, 0, 0, 0, 0, 12, '94235856', '', '', '', '', '', '', '', 0, 0, 'tahap greeting', '', '', '2023-11-26 15:44:49', '2023-11-26 15:44:49', '2023-11-26 15:44:49', '2023-11-26 15:44:49', ''),
(1286, 333, 'Jaka', '', '081243859533', '', '', '', '', '', 0, '', '', '2023-11-15 12:35:17', '', '', '', '', '', '', '', 0, 0, 8, 0, 0, 12, '66971369', '', '', '', '', '', '', '', 0, 0, '', '', '', '2023-11-26 15:45:50', '2023-11-26 15:45:50', '2023-11-26 15:45:50', '2023-11-26 15:45:50', ''),
(1287, 334, 'Kristianto', '', '085740894340', '', '', '', '', '', 0, '', '', '2023-11-15 12:35:41', '', '', '', '', '', '', '', 0, 0, 6, 0, 0, 12, '18636925', '', '', '', '', '', '', '', 0, 0, '', '', '', '2023-11-26 15:47:04', '2023-11-26 15:47:04', '2023-11-26 15:47:04', '2023-11-26 15:47:04', ''),
(1288, 335, 'Burhanuddin', '', '085240432953', '', '', '', '', '', 0, '', '', '2023-11-15 12:36:03', '', '', '', '', '', '', '', 0, 0, 6, 0, 0, 12, '93523168', '', '', '', '', '', '', '', 0, 0, '', '', '', '2023-11-26 15:49:34', '2023-11-26 15:49:34', '2023-11-26 15:49:34', '2023-11-26 15:49:34', ''),
(1289, 336, 'Hetty Nababan', '', '081311493677', '', '', '', '', '', 0, '', '', '2023-11-15 12:36:47', '', '', '', '', '', '', '', 2, 0, 0, 0, 0, 12, '33182764', '', '', '', '', '', '', '', 0, 0, 'lgi di luar rmh ', '', '', '2023-11-26 15:50:19', '2023-11-26 15:50:19', '2023-11-26 15:50:19', '2023-11-26 15:50:19', ''),
(1290, 337, 'Yanti.', '', '081360666290', '', '', '', '', '', 0, '', '', '2023-11-15 12:37:05', '', '', '', '', '', '', '', 0, 0, 6, 0, 0, 12, '21846684', '', '', '', '', '', '', '', 0, 0, '', '', '', '2023-11-26 15:52:34', '2023-11-26 15:52:34', '2023-11-26 15:52:34', '2023-11-26 15:52:34', ''),
(1291, 338, 'Meidy Diem', '', '081340404454', '', '', '', '', '', 0, '', '', '2023-11-15 12:37:24', '', '', '', '', '', '', '', 0, 0, 7, 0, 0, 12, '89834272', '', '', '', '', '', '', '', 0, 0, '', '', '', '2023-11-26 15:53:19', '2023-11-26 15:53:19', '2023-11-26 15:53:19', '2023-11-26 15:53:19', ''),
(1292, 339, 'Hasrizal Hasanudin', '', '081310013665', '', '', '', '', '', 0, '', '', '2023-11-15 12:37:44', '', '', '', '', '', '', '', 0, 0, 7, 0, 0, 12, '61788345', '', '', '', '', '', '', '', 0, 0, '', '', '', '2023-11-26 15:54:49', '2023-11-26 15:54:49', '2023-11-26 15:54:49', '2023-11-26 15:54:49', ''),
(1293, 340, 'Prasetio Hadi', '', '082286592887', '', '', '', '', '', 0, '', '', '2023-11-15 12:38:09', '', '', '', '', '', '', '', 0, 0, 6, 0, 0, 12, '24756188', '', '', '', '', '', '', '', 0, 0, '', '', '', '2023-11-26 15:56:19', '2023-11-26 15:56:19', '2023-11-26 15:56:19', '2023-11-26 15:56:19', ''),
(1294, 341, 'Sugito', '', '081232605597', '', '', '', '', '', 0, '', '', '2023-11-15 12:38:54', '', '', '', '', '', '', '', 0, 0, 6, 0, 0, 12, '49158293', '', '', '', '', '', '', '', 0, 0, '', '', '', '2023-11-26 15:56:48', '2023-11-26 15:56:48', '2023-11-26 15:56:48', '2023-11-26 15:56:48', ''),
(1295, 342, 'Bambang', '', '081231880885', '', '', '', '', '', 0, '', '', '2023-11-15 12:39:12', '', '', '', '', '', '', '', 0, 0, 6, 0, 0, 12, '47974443', '', '', '', '', '', '', '', 0, 0, '', '', '', '2023-11-26 15:57:34', '2023-11-26 15:57:34', '2023-11-26 15:57:34', '2023-11-26 15:57:34', ''),
(1296, 343, 'Arman madina', '', '085656569366', '', '', '', '', '', 0, '', '', '2023-11-15 12:39:30', '', '', '', '', '', '', '', 0, 0, 6, 0, 0, 12, '37527874', '', '', '', '', '', '', '', 0, 0, '', '', '', '2023-11-26 15:58:19', '2023-11-26 15:58:19', '2023-11-26 15:58:19', '2023-11-26 15:58:19', ''),
(1297, 344, 'Hotma Raja Siahaan', '', '081265699965', '', '', '', '', '', 0, '', '', '2023-11-15 12:39:54', '', '', '', '', '', '', '', 0, 0, 6, 0, 0, 12, '74326963', '', '', '', '', '', '', '', 0, 0, '', '', '', '2023-11-26 15:58:49', '2023-11-26 15:58:49', '2023-11-26 15:58:49', '2023-11-26 15:58:49', ''),
(1298, 345, 'Linne Tamara', '', '081319203434', '', '', '', '', '', 0, '', '', '2023-11-15 12:40:16', '', '', '', '', '', '', '', 2, 0, 0, 0, 0, 12, '85582434', '', '', '', '', '', '', '', 0, 0, 'lgi jaga cucu di rmh skt', '', '', '2023-11-26 15:59:34', '2023-11-26 15:59:34', '2023-11-26 15:59:34', '2023-11-26 15:59:34', ''),
(1299, 346, 'Subiantara', '', '082237613407', '', '', '', '', '', 0, '', '', '2023-11-15 12:40:41', '', '', '', '', '', '', '', 0, 0, 6, 0, 0, 12, '28239436', '', '', '', '', '', '', '', 0, 0, '', '', '', '2023-11-26 16:03:34', '2023-11-26 16:03:34', '2023-11-26 16:03:34', '2023-11-26 16:03:34', ''),
(1300, 347, 'Serimpuni Lussy', '', '082193082443', '', '', '', '', '', 0, '', '', '2023-11-15 12:41:06', '', '', '', '', '', '', '', 0, 0, 7, 0, 0, 12, '44546529', '', '', '', '', '', '', '', 0, 0, '', '', '', '2023-11-26 16:04:04', '2023-11-26 16:04:04', '2023-11-26 16:04:04', '2023-11-26 16:04:04', ''),
(1301, 348, 'Ishak Junaedi', '', '085649475296', '', '', '', '', '', 0, '', '', '2023-11-15 12:41:30', '', '', '', '', '', '', '', 0, 0, 6, 0, 0, 12, '56977233', '', '', '', '', '', '', '', 0, 0, '', '', '', '2023-11-26 16:05:49', '2023-11-26 16:05:49', '2023-11-26 16:05:49', '2023-11-26 16:05:49', ''),
(1302, 349, 'Rinduan Samosiro', '', '085280527066', '', '', '', '', '', 0, '', '', '2023-11-15 12:41:57', '', '', '', '', '', '', '', 0, 0, 6, 0, 0, 12, '42914493', '', '', '', '', '', '', '', 0, 0, '', '', '', '2023-11-26 16:07:04', '2023-11-26 16:07:04', '2023-11-26 16:07:04', '2023-11-26 16:07:04', ''),
(1303, 350, 'Bpk Abdullah R', '', '081355526339', '', '', '', '', '', 0, '', '', '2023-11-15 12:42:20', '', '', '', '', '', '', '', 0, 0, 8, 0, 0, 12, '47549432', '', '', '', '', '', '', '', 0, 0, '', '', '', '2023-11-26 16:07:34', '2023-11-26 16:07:34', '2023-11-26 16:07:34', '2023-11-26 16:07:34', ''),
(1304, 351, 'Bagus Priambodo', '', '081326848999', '', '', '', '', '', 0, '', '', '2023-11-15 12:42:40', '', '', '', '', '', '', '', 3, 0, 0, 0, 0, 12, '34357646', '', '', '', '', '', '', '', 0, 0, 'tahap greeting', '', '', '2023-11-26 16:09:00', '2023-11-26 16:09:00', '2023-11-26 16:09:00', '2023-11-26 16:09:00', ''),
(1305, 352, 'M herbianto S', '', '085778573693', '', '', '', '', '', 0, '', '', '2023-11-15 12:43:10', '', '', '', '', '', '', '', 0, 0, 6, 0, 0, 12, '77945593', '', '', '', '', '', '', '', 0, 0, '', '', '', '2023-11-26 16:10:19', '2023-11-26 16:10:19', '2023-11-26 16:10:19', '2023-11-26 16:10:19', ''),
(1306, 353, 'Iketut Gangga Putra', '', '082145076949', '', '', '', '', '', 0, '', '', '2023-11-15 12:43:44', '', '', '', '', '', '', '', 0, 13, 0, 0, 0, 12, '12277498', '', '', '', '', '', '', '', 0, 0, 'lgi penanggan dokter', '', '', '2023-11-26 16:10:48', '2023-11-26 16:10:48', '2023-11-26 16:10:48', '2023-11-26 16:10:48', ''),
(1307, 354, 'Artinis (ibu pemilik)', '', '081288164117', '', '', '', '', '', 0, '', '', '2023-11-15 12:44:08', '', '', '', '', '', '', '', 0, 0, 7, 0, 0, 12, '51756711', '', '', '', '', '', '', '', 0, 0, '', '', '', '2023-11-26 16:13:34', '2023-11-26 16:13:34', '2023-11-26 16:13:34', '2023-11-26 16:13:34', ''),
(1308, 355, 'Iya Kosasih', '', '089630440214', '', '', '', '', '', 0, '', '', '2023-11-15 12:44:31', '', '', '', '', '', '', '', 0, 0, 6, 0, 0, 12, '15186755', '', '', '', '', '', '', '', 0, 0, '', '', '', '2023-11-26 16:15:04', '2023-11-26 16:15:04', '2023-11-26 16:15:04', '2023-11-26 16:15:04', ''),
(1309, 356, 'Jamat bin ldi (pak jamat)', '', '082159781243', '', '', '', '', '', 0, '', '', '2023-11-15 12:44:56', '', '', '', '', '', '', '', 0, 0, 6, 0, 0, 12, '54898597', '', '', '', '', '', '', '', 0, 0, '', '', '', '2023-11-26 16:15:34', '2023-11-26 16:15:34', '2023-11-26 16:15:34', '2023-11-26 16:15:34', ''),
(1310, 357, 'Abd Rahman', '', '082236744241', '', '', '', '', '', 0, '', '', '2023-11-15 12:45:27', '', '', '', '', '', '', '', 2, 0, 0, 0, 0, 12, '71977629', '', '', '', '', '', '', '', 0, 0, 'anknya yg angkat', '', '', '2023-11-26 16:16:03', '2023-11-26 16:16:03', '2023-11-26 16:16:03', '2023-11-26 16:16:03', ''),
(1311, 358, 'Andi anto', '', '082347419231', '', '', '', '', '', 0, '', '', '2023-11-15 12:45:47', '', '', '', '', '', '', '', 0, 0, 6, 0, 0, 12, '62146245', '', '', '', '', '', '', '', 0, 0, '', '', '', '2023-11-26 16:17:34', '2023-11-26 16:17:34', '2023-11-26 16:17:34', '2023-11-26 16:17:34', ''),
(1312, 359, 'Komeng Roti', '', '081586864561', '', '', '', '', '', 0, '', '', '2023-11-15 12:46:06', '', '', '', '', '', '', '', 0, 0, 6, 0, 0, 12, '74266539', '', '', '', '', '', '', '', 0, 0, '', '', '', '2023-11-26 16:18:04', '2023-11-26 16:18:04', '2023-11-26 16:18:04', '2023-11-26 16:18:04', ''),
(1313, 360, 'Hendril', '', '085363689214', '', '', '', '', '', 0, '', '', '2023-11-15 12:46:47', '', '', '', '', '', '', '', 0, 0, 6, 0, 0, 12, '83263937', '', '', '', '', '', '', '', 0, 0, '', '', '', '2023-11-26 16:19:19', '2023-11-26 16:19:19', '2023-11-26 16:19:19', '2023-11-26 16:19:19', ''),
(1314, 361, 'Nawawi', '', '087814435800', '', '', '', '', '', 0, '', '', '2023-11-15 12:47:23', '', '', '', '', '', '', '', 0, 0, 6, 0, 0, 12, '41491878', '', '', '', '', '', '', '', 0, 0, '', '', '', '2023-11-26 16:19:49', '2023-11-26 16:19:49', '2023-11-26 16:19:49', '2023-11-26 16:19:49', ''),
(1315, 362, 'Ansi', '', '082144713503', '', '', '', '', '', 0, '', '', '2023-11-15 12:47:44', '', '', '', '', '', '', '', 0, 14, 0, 0, 0, 12, '87199633', '', '', '', '', '', '', '', 0, 0, 'di kira pesanaan hp', '', '', '2023-11-26 16:20:28', '2023-11-26 16:20:28', '2023-11-26 16:20:28', '2023-11-26 16:20:28', ''),
(1316, 363, 'Andiranreng', '', '085221873454', '', '', '', '', '', 0, '', '', '2023-11-15 12:48:01', '', '', '', '', '', '', '', 0, 0, 6, 0, 0, 12, '91483975', '', '', '', '', '', '', '', 0, 0, '', '', '', '2023-11-26 16:22:49', '2023-11-26 16:22:49', '2023-11-26 16:22:49', '2023-11-26 16:22:49', ''),
(1317, 364, 'Gustav Sihombing', '', '085316029156', '', '', '', '', '', 0, '', '', '2023-11-15 12:48:25', '', '', '', '', '', '', '', 0, 0, 6, 0, 0, 12, '72821787', '', '', '', '', '', '', '', 0, 0, '', '', '', '2023-11-26 16:23:19', '2023-11-26 16:23:19', '2023-11-26 16:23:19', '2023-11-26 16:23:19', ''),
(1318, 365, 'Rizki', '', '087835384513', '', '', '', '', '', 0, '', '', '2023-11-15 12:48:44', '', '', '', '', '', '', '', 0, 0, 6, 0, 0, 12, '18825161', '', '', '', '', '', '', '', 0, 0, '', '', '', '2023-11-26 16:23:49', '2023-11-26 16:23:49', '2023-11-26 16:23:49', '2023-11-26 16:23:49', ''),
(1319, 366, 'Situmeang pane', '', '0813111214136', '', '', '', '', '', 0, '', '', '2023-11-15 12:49:09', '', '', '', '', '', '', '', 0, 0, 6, 0, 0, 12, '78657831', '', '', '', '', '', '', '', 0, 0, '', '', '', '2023-11-26 16:26:04', '2023-11-26 16:26:04', '2023-11-26 16:26:04', '2023-11-26 16:26:04', ''),
(1320, 367, 'bakar. m', '', '081374017778', '', '', '', '', '', 0, '', '', '2023-11-15 12:49:30', '', '', '', '', '', '', '', 0, 0, 6, 0, 0, 12, '12535972', '', '', '', '', '', '', '', 0, 0, '', '', '', '2023-11-26 16:26:34', '2023-11-26 16:26:34', '2023-11-26 16:26:34', '2023-11-26 16:26:34', ''),
(1321, 368, 'Usnaim', '', '08124151854', '', '', '', '', '', 0, '', '', '2023-11-15 12:49:56', '', '', '', '', '', '', '', 0, 0, 7, 0, 0, 12, '61414767', '', '', '', '', '', '', '', 0, 0, '', '', '', '2023-11-26 16:27:04', '2023-11-26 16:27:04', '2023-11-26 16:27:04', '2023-11-26 16:27:04', ''),
(1322, 369, 'Mulyadi Supir', '', '083856021469', '', '', '', '', '', 0, '', '', '2023-11-15 12:50:14', '', '', '', '', '', '', '', 2, 0, 0, 0, 0, 12, '59857428', '', '', '', '', '', '', '', 0, 0, 'lgi membawa mobil', '', '', '2023-11-26 16:28:19', '2023-11-26 16:28:19', '2023-11-26 16:28:19', '2023-11-26 16:28:19', ''),
(1323, 370, 'Stevanli mokoagow', '', '082323485867', '', '', '', '', '', 0, '', '', '2023-11-15 12:50:45', '', '', '', '', '', '', '', 0, 0, 6, 0, 0, 12, '13641212', '', '', '', '', '', '', '', 0, 0, '', '', '', '2023-11-26 16:33:22', '2023-11-26 16:33:22', '2023-11-26 16:33:22', '2023-11-26 16:33:22', ''),
(1324, 371, 'syamsul', '', '081275656160', '', '', '', '', '', 0, '', '', '2023-11-15 12:51:10', '', '', '', '', '', '', '', 0, 0, 7, 0, 0, 12, '73267346', '', '', '', '', '', '', '', 0, 0, '', '', '', '2023-11-26 16:37:10', '2023-11-26 16:37:10', '2023-11-26 16:37:10', '2023-11-26 16:37:10', ''),
(1325, 237, 'S. Rakhmat', '', '087733935111', '', '', '', '', '', 0, '', '', '2023-11-11 00:16:23', '', '', '', '', '', '', '', 0, 0, 7, 0, 0, 11, '23569229', '', 'prm_spesial1190', 'EPROS', '', '', '', '', 0, 0, '', '', '', '2023-11-26 21:19:26', '2023-11-26 21:19:26', '2023-11-26 21:19:26', '2023-11-26 21:19:26', ''),
(1326, 239, 'Jumadi', '', '081362464217', '', '', '', '', '', 0, '', '', '2023-11-11 00:17:17', '', '', '', '', '', '', '', 0, 0, 7, 0, 0, 11, '34585787', '', 'prm_spesial1190', 'EPROS', '', '', '', '', 0, 0, '', '', '', '2023-11-26 21:22:01', '2023-11-26 21:22:01', '2023-11-26 21:22:01', '2023-11-26 21:22:01', ''),
(1327, 240, 'Amirin', '', '082131409192', '', '', '', '', '', 0, '', '', '2023-11-11 00:19:56', '', '', '', '', '', '', '', 0, 0, 7, 0, 0, 11, '38745534', '', 'prm_spesial1190', 'EPROS', '', '', '', '', 0, 0, '', '', '', '2023-11-26 21:22:16', '2023-11-26 21:22:16', '2023-11-26 21:22:16', '2023-11-26 21:22:16', ''),
(1328, 215, 'Marwan', '', '081291586172', '', '', '', '', '', 0, '', '', '2023-11-11 00:02:55', '', '', '', '', '', '', '', 0, 0, 7, 0, 0, 11, '87179541', '', 'prm_spesial1190', 'EPROS', '', '', '', '', 0, 0, '', '', '', '2023-11-26 21:22:31', '2023-11-26 21:22:31', '2023-11-26 21:22:31', '2023-11-26 21:22:31', ''),
(1329, 241, 'Umar soko', '', '085241112638', '', '', '', '', '', 0, '', '', '2023-11-11 00:20:23', '', '', '', '', '', '', '', 0, 0, 7, 0, 0, 11, '15838543', '', 'prm_spesial1190', 'EPROS', '', '', '', '', 0, 0, '', '', '', '2023-11-26 21:22:46', '2023-11-26 21:22:46', '2023-11-26 21:22:46', '2023-11-26 21:22:46', ''),
(1330, 216, 'H jaja', '', '083152995162', '', '', '', '', '', 0, '', '', '2023-11-11 00:03:32', '', '', '', '', '', '', '', 0, 0, 7, 0, 0, 11, '88558118', '', 'prm_spesial1190', 'EPROS', '', '', '', '', 0, 0, '', '', '', '2023-11-26 21:23:01', '2023-11-26 21:23:01', '2023-11-26 21:23:01', '2023-11-26 21:23:01', ''),
(1331, 242, 'Martin yudhi', '', '082125529772', '', '', '', '', '', 0, '', '', '2023-11-11 00:20:55', '', '', '', '', '', '', '', 0, 0, 7, 0, 0, 11, '88936295', '', 'prm_spesial1190', 'EPROS', '', '', '', '', 0, 0, '', '', '', '2023-11-26 21:23:31', '2023-11-26 21:23:31', '2023-11-26 21:23:31', '2023-11-26 21:23:31', ''),
(1332, 217, 'Wisdarseni (Bp Wis)', '', '087863133797', '', '', '', '', '', 0, '', '', '2023-11-11 00:04:03', '', '', '', '', '', '', '', 0, 0, 7, 0, 0, 11, '89126437', '', 'prm_spesial1190', 'EPROS', '', '', '', '', 0, 0, '', '', '', '2023-11-26 21:24:01', '2023-11-26 21:24:01', '2023-11-26 21:24:01', '2023-11-26 21:24:01', ''),
(1333, 218, 'Wujut', '', '081364357714', '', '', '', '', '', 0, '', '', '2023-11-11 00:04:56', '', '', '', '', '', '', '', 0, 0, 7, 0, 0, 11, '81733821', '', 'prm_spesial1190', 'EPROS', '', '', '', '', 0, 0, '', '', '', '2023-11-26 21:24:15', '2023-11-26 21:24:15', '2023-11-26 21:24:15', '2023-11-26 21:24:15', ''),
(1334, 243, 'ARUL', '', '081314057596', '', '', '', '', '', 0, '', '', '2023-11-11 00:21:33', '', '', '', '', '', '', '', 0, 0, 7, 0, 0, 11, '11993362', '', 'prm_spesial1190', 'EPROS', '', '', '', '', 0, 0, '', '', '', '2023-11-26 21:24:31', '2023-11-26 21:24:31', '2023-11-26 21:24:31', '2023-11-26 21:24:31', ''),
(1335, 187, 'Satriyono', '', '081349612436', '', '', '', '', '', 0, '', '', '2023-11-08 11:40:10', '', '', '', '', '', '', '', 0, 0, 7, 0, 0, 11, '42178294', '', 'prm_spesial1190', 'EPROS', '', '', '', '', 0, 0, '', '', '', '2023-11-26 21:24:46', '2023-11-26 21:24:46', '2023-11-26 21:24:46', '2023-11-26 21:24:46', ''),
(1336, 203, 'Jaka', '', '081243859533', '', '', '', '', '', 0, '', '', '2023-11-08 11:49:35', '', '', '', '', '', '', '', 0, 0, 7, 0, 0, 11, '34789414', '', 'prm_spesial1190', 'EPROS', '', '', '', '', 0, 0, '', '', '', '2023-11-26 21:25:31', '2023-11-26 21:25:31', '2023-11-26 21:25:31', '2023-11-26 21:25:31', ''),
(1337, 236, 'Pak Erindes (tkg kac', '', '082388322084', '', '', '', '', '', 0, '', '', '2023-11-11 00:15:26', '', '', '', '', '', '', '', 0, 0, 7, 0, 0, 11, '38871388', '', '', '', '', '', '', '', 0, 0, '', '', '', '2023-11-26 21:25:46', '2023-11-26 21:25:46', '2023-11-26 21:25:46', '2023-11-26 21:25:46', ''),
(1338, 247, 'Gayadi/bp usman', '', '081266878178', '', '', '', '', '', 0, '', '', '2023-11-11 00:24:11', '', '', '', '', '', '', '', 0, 0, 7, 0, 0, 11, '76988243', '', 'prm_spesial1190', 'EPROS', '', '', '', '', 0, 0, '', '', '', '2023-11-26 21:26:01', '2023-11-26 21:26:01', '2023-11-26 21:26:01', '2023-11-26 21:26:01', ''),
(1339, 246, 'Rahim', '', '085241529467', '', '', '', '', '', 0, '', '', '2023-11-11 00:23:32', '', '', '', '', '', '', '', 0, 0, 7, 0, 0, 11, '71241864', '', 'prm_spesial1190', 'EPROS', '', '', '', '', 0, 0, '', '', '', '2023-11-26 21:26:16', '2023-11-26 21:26:16', '2023-11-26 21:26:16', '2023-11-26 21:26:16', ''),
(1340, 373, 'Tobing', '', '081341435344', '', '', '', '', '', 0, '', '', '2023-11-15 12:52:12', '', '', '', '', '', '', '', 3, 0, 0, 0, 0, 12, '47497639', '', '', '', '', '', '', '', 0, 0, 'tahap greeting', '', '', '2023-11-27 17:33:56', '2023-11-27 17:33:56', '2023-11-27 17:33:56', '2023-11-27 17:33:56', ''),
(1341, 374, 'Sutarmin', '', '081233171488', '', '', '', '', '', 0, '', '', '2023-11-15 12:52:29', '', '', '', '', '', '', '', 0, 0, 6, 0, 0, 12, '37693676', '', '', '', '', '', '', '', 0, 0, '', '', '', '2023-11-27 17:40:10', '2023-11-27 17:40:10', '2023-11-27 17:40:10', '2023-11-27 17:40:10', ''),
(1342, 375, 'Tarmizi', '', '081361806639', '', '', '', '', '', 0, '', '', '2023-11-15 12:52:47', '', '', '', '', '', '', '', 3, 0, 0, 0, 0, 12, '82433961', '', '', '', '', '', '', '', 0, 0, 'tahap greeting', '', '', '2023-11-27 17:41:06', '2023-11-27 17:41:06', '2023-11-27 17:41:06', '2023-11-27 17:41:06', ''),
(1343, 536, 'Wujut', '', '081364357714', '', '', '', '', '', 0, '', '', '2023-11-24 08:45:56', '', '', '', '', '', '', '', 0, 0, 7, 0, 0, 12, '97643784', '', 'prm_spesial1190', 'EPROS', '', '', '', '', 0, 0, '', '', '', '2023-11-27 18:01:19', '2023-11-27 18:01:19', '2023-11-27 18:01:19', '2023-11-27 18:01:19', ''),
(1344, 537, 'H.achmad Basuni', '', '081349781149', '', '', '', '', '', 0, '', '', '2023-11-27 14:52:24', '', '', '', '', '', '', '', 0, 0, 6, 0, 0, 12, '74447285', '', 'prm_spesial1190', 'EPROS', '', '', '', '', 0, 0, '', '', '', '2023-11-27 18:03:02', '2023-11-27 18:03:02', '2023-11-27 18:03:02', '2023-11-27 18:03:02', ''),
(1345, 538, 'Lalu ihsan', '', '087702919543', '', '', '', '', '', 0, '', '', '2023-11-27 14:54:30', '', '', '', '', '', '', '', 3, 0, 0, 0, 0, 12, '77839731', '', 'prm_spesial1190', 'EPROS', '', '', '', '', 0, 0, 'tahap greeting', '', '', '2023-11-27 18:03:47', '2023-11-27 18:03:47', '2023-11-27 18:03:47', '2023-11-27 18:03:47', ''),
(1346, 539, 'Junaidi', '', '085248080783', '', '', '', '', '', 0, '', '', '2023-11-27 14:55:04', '', '', '', '', '', '', '', 0, 0, 7, 0, 0, 12, '13612672', '', 'prm_spesial1190', 'EPROS', '', '', '', '', 0, 0, '', '', '', '2023-11-27 18:06:18', '2023-11-27 18:06:18', '2023-11-27 18:06:18', '2023-11-27 18:06:18', ''),
(1347, 540, 'Yudi', '', '082178785568', '', '', '', '', '', 0, '', '', '2023-11-27 14:55:36', '', '', '', '', '', '', '', 0, 0, 6, 0, 0, 12, '24635476', '', 'prm_spesial1190', 'EPROS', '', '', '', '', 0, 0, '', '', '', '2023-11-27 18:08:33', '2023-11-27 18:08:33', '2023-11-27 18:08:33', '2023-11-27 18:08:33', ''),
(1348, 541, 'Santoso', '', '082227551750', '', '', '', '', '', 0, '', '', '2023-11-27 14:55:57', '', '', '', '', '', '', '', 0, 0, 7, 0, 0, 12, '77572717', '', 'prm_spesial1190', 'EPROS', '', '', '', '', 0, 0, '', '', '', '2023-11-27 18:09:32', '2023-11-27 18:09:32', '2023-11-27 18:09:32', '2023-11-27 18:09:32', ''),
(1349, 542, 'Mindo', '', '081348606614', '', '', '', '', '', 0, '', '', '2023-11-27 14:56:26', '', '', '', '', '', '', '', 0, 0, 7, 0, 0, 12, '93195444', '', 'prm_spesial1190', 'EPROS', '', '', '', '', 0, 0, '', '', '', '2023-11-27 18:11:02', '2023-11-27 18:11:02', '2023-11-27 18:11:02', '2023-11-27 18:11:02', ''),
(1350, 543, 'Nama sumardi', '', '087753593769', '', '', '', '', '', 0, '', '', '2023-11-27 14:56:48', '', '', '', '', '', '', '', 0, 0, 6, 0, 0, 12, '74276796', '', 'prm_spesial1190', 'EPROS', '', '', '', '', 0, 0, '', '', '', '2023-11-27 18:17:11', '2023-11-27 18:17:11', '2023-11-27 18:17:11', '2023-11-27 18:17:11', ''),
(1351, 544, 'Saadi arsan', '', '085885928759', '', '', '', '', '', 0, '', '', '2023-11-27 14:57:19', '', '', '', '', '', '', '', 2, 0, 0, 0, 0, 12, '33535133', '', 'prm_spesial1190', 'EPROS', '', '', '', '', 0, 0, 'mau ibadah dlu', '', '', '2023-11-27 18:17:49', '2023-11-27 18:17:49', '2023-11-27 18:17:49', '2023-11-27 18:17:49', ''),
(1352, 545, 'Yeskial kause', '', '085362036201', '', '', '', '', '', 0, '', '', '2023-11-27 14:57:59', '', '', '', '', '', '', '', 0, 0, 8, 0, 0, 12, '45376713', '', 'prm_spesial1190', 'EPROS', '', '', '', '', 0, 0, '', '', '', '2023-11-27 18:20:49', '2023-11-27 18:20:49', '2023-11-27 18:20:49', '2023-11-27 18:20:49', ''),
(1353, 546, 'Hafidyusuf', '', '082194158395', '', '', '', '', '', 0, '', '', '2023-11-27 14:58:43', '', '', '', '', '', '', '', 0, 0, 6, 0, 0, 12, '73612816', '', 'prm_spesial1190', 'EPROS', '', '', '', '', 0, 0, '', '', '', '2023-11-27 18:21:33', '2023-11-27 18:21:33', '2023-11-27 18:21:33', '2023-11-27 18:21:33', ''),
(1354, 547, 'Mansyur. Manurung', '', '081371739075', '', '', '', '', '', 0, '', '', '2023-11-27 14:59:22', '', '', '', '', '', '', '', 0, 0, 6, 0, 0, 12, '48456557', '', 'prm_spesial1190', 'EPROS', '', '', '', '', 0, 0, '', '', '', '2023-11-27 18:22:03', '2023-11-27 18:22:03', '2023-11-27 18:22:03', '2023-11-27 18:22:03', ''),
(1355, 548, 'Hendra Gunawan', '', '082255222282', '', '', '', '', '', 0, '', '', '2023-11-27 14:59:59', '', '', '', '', '', '', '', 3, 0, 0, 0, 0, 12, '14627831', '', 'prm_spesial1190', 'EPROS', '', '', '', '', 0, 0, 'tahap greeting', '', '', '2023-11-27 18:23:02', '2023-11-27 18:23:02', '2023-11-27 18:23:02', '2023-11-27 18:23:02', ''),
(1356, 549, 'Ardi', '', '082188997848', '', '', '', '', '', 0, '', '', '2023-11-27 15:00:33', '', '', '', '', '', '', '', 0, 0, 6, 0, 0, 12, '78769957', '', 'prm_spesial1190', 'EPROS', '', '', '', '', 0, 0, '', '', '', '2023-11-27 18:24:33', '2023-11-27 18:24:33', '2023-11-27 18:24:33', '2023-11-27 18:24:33', ''),
(1357, 550, 'Santi Kasuasnawa', '', '082145756099', '', '', '', '', '', 0, '', '', '2023-11-27 15:01:06', '', '', '', '', '', '', '', 0, 0, 7, 0, 0, 12, '64888673', '', 'prm_spesial1190', 'EPROS', '', '', '', '', 0, 0, '', '', '', '2023-11-27 18:25:02', '2023-11-27 18:25:02', '2023-11-27 18:25:02', '2023-11-27 18:25:02', ''),
(1358, 551, 'Nico Rompas', '', '081356626564', '', '', '', '', '', 0, '', '', '2023-11-27 15:01:42', '', '', '', '', '', '', '', 0, 0, 7, 0, 0, 12, '71511776', '', 'prm_spesial1190', 'EPROS', '', '', '', '', 0, 0, '', '', '', '2023-11-27 18:27:32', '2023-11-27 18:27:32', '2023-11-27 18:27:32', '2023-11-27 18:27:32', ''),
(1359, 552, 'Ridho', '', '082320945567', '', '', '', '', '', 0, '', '', '2023-11-27 15:02:10', '', '', '', '', '', '', '', 0, 0, 6, 0, 0, 12, '75111986', '', 'prm_spesial1190', 'EPROS', '', '', '', '', 0, 0, '', '', '', '2023-11-27 18:29:33', '2023-11-27 18:29:33', '2023-11-27 18:29:33', '2023-11-27 18:29:33', ''),
(1360, 553, 'Heronimus wake', '', '081349394328', '', '', '', '', '', 0, '', '', '2023-11-27 15:02:53', '', '', '', '', '', '', '', 2, 0, 0, 0, 0, 12, '42646485', '', 'prm_spesial1190', 'EPROS', '', '', '', '', 0, 0, 'lgi ada kegiatan', '', '', '2023-11-27 18:30:17', '2023-11-27 18:30:17', '2023-11-27 18:30:17', '2023-11-27 18:30:17', ''),
(1361, 376, 'Stanly', '', '081245530661', '', '', '', '', '', 0, '', '', '2023-11-15 12:53:02', '', '', '', '', '', '', '', 0, 14, 0, 0, 0, 12, '22373914', '', '', '', '', '', '', '', 0, 0, 'salah org', '', '', '2023-11-27 18:44:20', '2023-11-27 18:44:20', '2023-11-27 18:44:20', '2023-11-27 18:44:20', ''),
(1362, 377, 'Pebruari', '', '085317756881', '', '', '', '', '', 0, '', '', '2023-11-15 12:53:32', '', '', '', '', '', '', '', 0, 0, 6, 0, 0, 12, '38948755', '', '', '', '', '', '', '', 0, 0, '', '', '', '2023-11-27 18:47:32', '2023-11-27 18:47:32', '2023-11-27 18:47:32', '2023-11-27 18:47:32', ''),
(1363, 378, 'isjayadi', '', '081228540036', '', '', '', '', '', 0, '', '', '2023-11-15 12:53:55', '', '', '', '', '', '', '', 0, 0, 7, 0, 0, 12, '43759233', '', '', '', '', '', '', '', 0, 0, '', '', '', '2023-11-27 18:48:17', '2023-11-27 18:48:17', '2023-11-27 18:48:17', '2023-11-27 18:48:17', ''),
(1364, 379, 'Sujiatmono', '', '085713426367', '', '', '', '', '', 0, '', '', '2023-11-15 12:54:17', '', '', '', '', '', '', '', 0, 0, 6, 0, 0, 12, '71142494', '', '', '', '', '', '', '', 0, 0, '', '', '', '2023-11-27 18:49:32', '2023-11-27 18:49:32', '2023-11-27 18:49:32', '2023-11-27 18:49:32', ''),
(1365, 380, 'Naila', '', '085216100538', '', '', '', '', '', 0, '', '', '2023-11-15 12:54:38', '', '', '', '', '', '', '', 0, 0, 6, 0, 0, 12, '68834695', '', '', '', '', '', '', '', 0, 0, '', '', '', '2023-11-27 18:50:32', '2023-11-27 18:50:32', '2023-11-27 18:50:32', '2023-11-27 18:50:32', ''),
(1366, 381, 'Martha Antou', '', '082188903555', '', '', '', '', '', 0, '', '', '2023-11-15 12:54:55', '', '', '', '', '', '', '', 0, 14, 0, 0, 0, 12, '94527646', '', '', '', '', '', '', '', 0, 0, 'diblng penipuan', '', '', '2023-11-27 18:51:01', '2023-11-27 18:51:01', '2023-11-27 18:51:01', '2023-11-27 18:51:01', ''),
(1367, 382, 'Haryanto/Pak Heri', '', '081295089467', '', '', '', '', '', 0, '', '', '2023-11-15 12:55:15', '', '', '', '', '', '', '', 0, 0, 7, 0, 0, 12, '51771313', '', '', '', '', '', '', '', 0, 0, '', '', '', '2023-11-27 18:55:17', '2023-11-27 18:55:17', '2023-11-27 18:55:17', '2023-11-27 18:55:17', ''),
(1368, 383, 'Tarsini/solikin', '', '083869108254', '', '', '', '', '', 0, '', '', '2023-11-15 12:55:40', '', '', '', '', '', '', '', 0, 0, 6, 0, 0, 12, '85364625', '', '', '', '', '', '', '', 0, 0, '', '', '', '2023-11-27 18:56:56', '2023-11-27 18:56:56', '2023-11-27 18:56:56', '2023-11-27 18:56:56', ''),
(1369, 384, 'Imade Tarka Bag Kepegawaian', '', '087862246822', '', '', '', '', '', 0, '', '', '2023-11-15 12:56:39', '', '', '', '', '', '', '', 0, 0, 6, 0, 0, 12, '84677433', '', '', '', '', '', '', '', 0, 0, '', '', '', '2023-11-27 18:57:31', '2023-11-27 18:57:31', '2023-11-27 18:57:31', '2023-11-27 18:57:31', ''),
(1370, 385, 'Subarto', '', '082358379997', '', '', '', '', '', 0, '', '', '2023-11-15 12:57:26', '', '', '', '', '', '', '', 0, 0, 7, 0, 0, 12, '63163538', '', '', '', '', '', '', '', 0, 0, '', '', '', '2023-11-27 18:59:29', '2023-11-27 18:59:29', '2023-11-27 18:59:29', '2023-11-27 18:59:29', ''),
(1371, 386, 'Nurinti ', '', '081362756014', '', '', '', '', '', 0, '', '', '2023-11-15 12:57:58', '', '', '', '', '', '', '', 0, 0, 6, 0, 0, 12, '26991643', '', '', '', '', '', '', '', 0, 0, '', '', '', '2023-11-27 19:00:47', '2023-11-27 19:00:47', '2023-11-27 19:00:47', '2023-11-27 19:00:47', ''),
(1372, 387, 'Zaidun', '', '081316283206', '', '', '', '', '', 0, '', '', '2023-11-15 12:58:21', '', '', '', '', '', '', '', 0, 14, 0, 0, 0, 12, '11896942', '', '', '', '', '', '', '', 0, 0, 'tdk minat psn', '', '', '2023-11-27 19:01:17', '2023-11-27 19:01:17', '2023-11-27 19:01:17', '2023-11-27 19:01:17', ''),
(1373, 388, 'Aliaman Sinaga', '', '081264966606', '', '', '', '', '', 0, '', '', '2023-11-15 12:58:37', '', '', '', '', '', '', '', 0, 0, 6, 0, 0, 12, '95267457', '', '', '', '', '', '', '', 0, 0, '', '', '', '2023-11-27 19:04:19', '2023-11-27 19:04:19', '2023-11-27 19:04:19', '2023-11-27 19:04:19', ''),
(1374, 389, 'Marwan', '', '085342599499', '', '', '', '', '', 0, '', '', '2023-11-15 12:59:05', '', '', '', '', '', '', '', 0, 0, 6, 0, 0, 12, '78378555', '', '', '', '', '', '', '', 0, 0, '', '', '', '2023-11-27 19:04:49', '2023-11-27 19:04:49', '2023-11-27 19:04:49', '2023-11-27 19:04:49', ''),
(1375, 390, 'payong', '', '082154154108', '', '', '', '', '', 0, '', '', '2023-11-15 12:59:27', '', '', '', '', '', '', '', 0, 0, 7, 0, 0, 12, '91619216', '', '', '', '', '', '', '', 0, 0, '', '', '', '2023-11-27 19:05:18', '2023-11-27 19:05:18', '2023-11-27 19:05:18', '2023-11-27 19:05:18', ''),
(1376, 391, 'Pak Santos (perawatan)', '', '081337542107', '', '', '', '', '', 0, '', '', '2023-11-15 12:59:43', '', '', '', '', '', '', '', 0, 14, 0, 0, 0, 12, '35532424', '', '', '', '', '', '', '', 0, 0, 'tdk minat psn', '', '', '2023-11-27 19:06:32', '2023-11-27 19:06:32', '2023-11-27 19:06:32', '2023-11-27 19:06:32', ''),
(1377, 392, 'Edi', '', '085858911530', '', '', '', '', '', 0, '', '', '2023-11-15 13:00:17', '', '', '', '', '', '', '', 0, 0, 6, 0, 0, 12, '33728811', '', '', '', '', '', '', '', 0, 0, '', '', '', '2023-11-27 19:09:17', '2023-11-27 19:09:17', '2023-11-27 19:09:17', '2023-11-27 19:09:17', ''),
(1378, 393, 'Jubaida', '', '085249121346', '', '', '', '', '', 0, '', '', '2023-11-15 13:00:50', '', '', '', '', '', '', '', 0, 0, 6, 0, 0, 12, '61222454', '', '', '', '', '', '', '', 0, 0, '', '', '', '2023-11-27 19:09:47', '2023-11-27 19:09:47', '2023-11-27 19:09:47', '2023-11-27 19:09:47', ''),
(1379, 394, 'Budi Riadi', '', '085830777504', '', '', '', '', '', 0, '', '', '2023-11-15 13:01:09', '', '', '', '', '', '', '', 2, 0, 0, 0, 0, 12, '81694275', '', '', '', '', '', '', '', 0, 0, 'lgi sibuk', '', '', '2023-11-27 19:10:32', '2023-11-27 19:10:32', '2023-11-27 19:10:32', '2023-11-27 19:10:32', ''),
(1380, 395, 'Surip', '', '082161887473', '', '', '', '', '', 0, '', '', '2023-11-15 13:01:36', '', '', '', '', '', '', '', 0, 0, 6, 0, 0, 12, '61281757', '', '', '', '', '', '', '', 0, 0, '', '', '', '2023-11-27 19:17:03', '2023-11-27 19:17:03', '2023-11-27 19:17:03', '2023-11-27 19:17:03', ''),
(1381, 396, 'Martono', '', '085875539376', '', '', '', '', '', 0, '', '', '2023-11-15 13:01:53', '', '', '', '', '', '', '', 0, 14, 0, 0, 0, 12, '59274239', '', '', '', '', '', '', '', 0, 0, 'anak-anak yg slh pnct', '', '', '2023-11-27 19:19:33', '2023-11-27 19:19:33', '2023-11-27 19:19:33', '2023-11-27 19:19:33', ''),
(1382, 400, 'I nyoman warsa', '', '082340789769', '', '', '', '', '', 0, '', '', '2023-11-15 13:03:14', '', '', '', '', '', '', '', 0, 0, 8, 0, 0, 12, '53339361', '', '', '', '', '', '', '', 0, 0, '', '', '', '2023-11-27 19:24:08', '2023-11-27 19:24:08', '2023-11-27 19:24:08', '2023-11-27 19:24:08', ''),
(1383, 401, 'Ropinus Tomy atau Pak Roki', '', '085828254441', '', '', '', '', '', 0, '', '', '2023-11-15 13:03:49', '', '', '', '', '', '', '', 0, 0, 6, 0, 0, 12, '48116445', '', '', '', '', '', '', '', 0, 0, '', '', '', '2023-11-27 19:25:17', '2023-11-27 19:25:17', '2023-11-27 19:25:17', '2023-11-27 19:25:17', ''),
(1384, 402, 'Bambang Siswosukono', '', '081259827972', '', '', '', '', '', 0, '', '', '2023-11-15 13:04:15', '', '', '', '', '', '', '', 0, 0, 7, 0, 0, 12, '91399348', '', '', '', '', '', '', '', 0, 0, '', '', '', '2023-11-27 19:25:47', '2023-11-27 19:25:47', '2023-11-27 19:25:47', '2023-11-27 19:25:47', ''),
(1385, 403, 'Rokhman', '', '081320937673', '', '', '', '', '', 0, '', '', '2023-11-15 13:04:38', '', '', '', '', '', '', '', 0, 0, 7, 0, 0, 12, '22455154', '', '', '', '', '', '', '', 0, 0, '', '', '', '2023-11-27 19:27:39', '2023-11-27 19:27:39', '2023-11-27 19:27:39', '2023-11-27 19:27:39', ''),
(1386, 404, 'Heto Susantoro', '', '085220226807', '', '', '', '', '', 0, '', '', '2023-11-15 13:04:56', '', '', '', '', '', '', '', 0, 0, 6, 0, 0, 12, '73471555', '', '', '', '', '', '', '', 0, 0, '', '', '', '2023-11-27 19:29:02', '2023-11-27 19:29:02', '2023-11-27 19:29:02', '2023-11-27 19:29:02', ''),
(1387, 405, 'Hamid Mohammad', '', '082196645148', '', '', '', '', '', 0, '', '', '2023-11-15 13:05:14', '', '', '', '', '', '', '', 2, 0, 0, 0, 0, 12, '48138827', '', '', '', '', '', '', '', 0, 0, 'lgi dijln plng', '', '', '2023-11-27 19:29:50', '2023-11-27 19:29:50', '2023-11-27 19:29:50', '2023-11-27 19:29:50', ''),
(1388, 406, 'Didin', '', '087723008578', '', '', '', '', '', 0, '', '', '2023-11-15 13:05:45', '', '', '', '', '', '', '', 0, 0, 7, 0, 0, 12, '33198364', '', '', '', '', '', '', '', 0, 0, '', '', '', '2023-11-27 19:35:20', '2023-11-27 19:35:20', '2023-11-27 19:35:20', '2023-11-27 19:35:20', ''),
(1389, 407, 'MAerat Bujang', '', '085752166376', '', '', '', '', '', 0, '', '', '2023-11-15 13:06:00', '', '', '', '', '', '', '', 0, 0, 6, 0, 0, 12, '29774942', '', '', '', '', '', '', '', 0, 0, '', '', '', '2023-11-27 19:36:48', '2023-11-27 19:36:48', '2023-11-27 19:36:48', '2023-11-27 19:36:48', ''),
(1390, 408, 'Sahri', '', '081216702543', '', '', '', '', '', 0, '', '', '2023-11-15 13:06:25', '', '', '', '', '', '', '', 0, 0, 7, 0, 0, 12, '13131444', '', '', '', '', '', '', '', 0, 0, '', '', '', '2023-11-27 19:37:32', '2023-11-27 19:37:32', '2023-11-27 19:37:32', '2023-11-27 19:37:32', ''),
(1391, 409, 'Giyono', '', '082215049998', '', '', '', '', '', 0, '', '', '2023-11-15 13:06:49', '', '', '', '', '', '', '', 0, 14, 0, 0, 0, 12, '91272649', '', '', '', '', '', '', '', 0, 0, 'tdk tahu almt krn ska pindh kerjaan', '', '', '2023-11-27 19:38:48', '2023-11-27 19:38:48', '2023-11-27 19:38:48', '2023-11-27 19:38:48', ''),
(1392, 410, 'Marten', '', '081256007323', '', '', '', '', '', 0, '', '', '2023-11-15 13:07:10', '', '', '', '', '', '', '', 0, 0, 6, 0, 0, 12, '17921461', '', '', '', '', '', '', '', 0, 0, '', '', '', '2023-11-27 19:42:33', '2023-11-27 19:42:33', '2023-11-27 19:42:33', '2023-11-27 19:42:33', ''),
(1393, 411, 'Bima', '', '082121365577', '', '', '', '', '', 0, '', '', '2023-11-15 13:08:07', '', '', '', '', '', '', '', 0, 14, 0, 0, 0, 12, '33332439', '', '', '', '', '', '', '', 0, 0, 'bukan saya yg psn', '', '', '2023-11-27 19:44:17', '2023-11-27 19:44:17', '2023-11-27 19:44:17', '2023-11-27 19:44:17', ''),
(1394, 412, 'Usman (sopir angkot)', '', '082345003000', '', '', '', '', '', 0, '', '', '2023-11-15 13:08:31', '', '', '', '', '', '', '', 0, 14, 0, 0, 0, 12, '16326586', '', '', '', '', '', '', '', 0, 0, 'blm ad ung, nnti di tlp lg aja', '', '', '2023-11-27 19:46:51', '2023-11-27 19:46:51', '2023-11-27 19:46:51', '2023-11-27 19:46:51', ''),
(1395, 413, 'Karsam', '', '081573473303', '', '', '', '', '', 0, '', '', '2023-11-15 13:09:11', '', '', '', '', '', '', '', 0, 0, 6, 0, 0, 12, '38934454', '', '', '', '', '', '', '', 0, 0, '', '', '', '2023-11-27 19:53:19', '2023-11-27 19:53:19', '2023-11-27 19:53:19', '2023-11-27 19:53:19', ''),
(1396, 414, 'Indra', '', '0895385959841', '', '', '', '', '', 0, '', '', '2023-11-15 13:09:36', '', '', '', '', '', '', '', 0, 0, 7, 0, 0, 12, '83183131', '', '', '', '', '', '', '', 0, 0, '', '', '', '2023-11-27 19:54:51', '2023-11-27 19:54:51', '2023-11-27 19:54:51', '2023-11-27 19:54:51', ''),
(1397, 415, 'Darsito', '', '082148576914', '', '', '', '', '', 0, '', '', '2023-11-15 13:10:00', '', '', '', '', '', '', '', 0, 0, 6, 0, 0, 12, '38768578', '', '', '', '', '', '', '', 0, 0, '', '', '', '2023-11-27 19:56:22', '2023-11-27 19:56:22', '2023-11-27 19:56:22', '2023-11-27 19:56:22', ''),
(1398, 416, 'Saldi', '', '081244112444', '', '', '', '', '', 0, '', '', '2023-11-15 13:10:24', '', '', '', '', '', '', '', 0, 0, 6, 0, 0, 12, '31813441', '', '', '', '', '', '', '', 0, 0, '', '', '', '2023-11-27 19:57:17', '2023-11-27 19:57:17', '2023-11-27 19:57:17', '2023-11-27 19:57:17', ''),
(1399, 417, 'Yayan', '', '085810580948', '', '', '', '', '', 0, '', '', '2023-11-15 13:10:47', '', '', '', '', '', '', '', 0, 0, 6, 0, 0, 12, '52312892', '', '', '', '', '', '', '', 0, 0, '', '', '', '2023-11-27 19:58:20', '2023-11-27 19:58:20', '2023-11-27 19:58:20', '2023-11-27 19:58:20', ''),
(1400, 418, 'Antonio', '', '081250704512', '', '', '', '', '', 0, '', '', '2023-11-15 13:11:14', '', '', '', '', '', '', '', 0, 0, 6, 0, 0, 12, '48323527', '', '', '', '', '', '', '', 0, 0, '', '', '', '2023-11-27 20:00:03', '2023-11-27 20:00:03', '2023-11-27 20:00:03', '2023-11-27 20:00:03', ''),
(1401, 419, 'Ridwan', '', '085894771878', '', '', '', '', '', 0, '', '', '2023-11-15 13:11:38', '', '', '', '', '', '', '', 0, 0, 6, 0, 0, 12, '87644365', '', '', '', '', '', '', '', 0, 0, '', '', '', '2023-11-27 20:06:47', '2023-11-27 20:06:47', '2023-11-27 20:06:47', '2023-11-27 20:06:47', ''),
(1402, 420, 'Lowell Hutapea (pendeta)', '', '081223425520', '', '', '', '', '', 0, '', '', '2023-11-15 13:12:16', '', '', '', '', '', '', '', 2, 0, 0, 0, 0, 12, '62785782', '', '', '', '', '', '', '', 0, 0, 'lagi sibuk', '', '', '2023-11-27 20:07:17', '2023-11-27 20:07:17', '2023-11-27 20:07:17', '2023-11-27 20:07:17', ''),
(1403, 421, 'Budi Tira', '', '081381257576', '', '', '', '', '', 0, '', '', '2023-11-15 13:12:51', '', '', '', '', '', '', '', 0, 0, 6, 0, 0, 12, '58783614', '', '', '', '', '', '', '', 0, 0, '', '', '', '2023-11-27 20:09:05', '2023-11-27 20:09:05', '2023-11-27 20:09:05', '2023-11-27 20:09:05', ''),
(1404, 422, 'Kanjeng Mamy/ Dwi retno', '', '081252770019', '', '', '', '', '', 0, '', '', '2023-11-15 13:13:12', '', '', '', '', '', '', '', 0, 0, 6, 0, 0, 12, '64913874', '', '', '', '', '', '', '', 0, 0, '', '', '', '2023-11-27 20:10:35', '2023-11-27 20:10:35', '2023-11-27 20:10:35', '2023-11-27 20:10:35', ''),
(1405, 423, 'Karyono Palet Kayu UD Barok', '', '082393155037', '', '', '', '', '', 0, '', '', '2023-11-16 10:44:24', '', '', '', '', '', '', '', 2, 0, 0, 0, 0, 12, '52347883', '', '', '', '', '', '', '', 0, 0, 'nanti klien yg tlp lgi utk pesan', '', '', '2023-11-27 20:11:50', '2023-11-27 20:11:50', '2023-11-27 20:11:50', '2023-11-27 20:11:50', ''),
(1406, 424, 'Misdiansyah', '', '085822290028', '', '', '', '', '', 0, '', '', '2023-11-16 10:45:19', '', '', '', '', '', '', '', 0, 0, 6, 0, 0, 12, '97726281', '', '', '', '', '', '', '', 0, 0, '', '', '', '2023-11-27 20:20:52', '2023-11-27 20:20:52', '2023-11-27 20:20:52', '2023-11-27 20:20:52', ''),
(1407, 425, 'Muhammad Rusli', '', '085397469945', '', '', '', '', '', 0, '', '', '2023-11-16 10:45:43', '', '', '', '', '', '', '', 0, 0, 6, 0, 0, 12, '79652786', '', '', '', '', '', '', '', 0, 0, '', '', '', '2023-11-27 20:22:48', '2023-11-27 20:22:48', '2023-11-27 20:22:48', '2023-11-27 20:22:48', ''),
(1408, 426, 'AA. Komp Sukarta Wirawan', '', '087701157783', '', '', '', '', '', 0, '', '', '2023-11-16 10:46:05', '', '', '', '', '', '', '', 0, 14, 0, 0, 0, 12, '47774754', '', '', '', '', '', '', '', 0, 0, 'blm ada dana atau uang', '', '', '2023-11-27 20:24:02', '2023-11-27 20:24:02', '2023-11-27 20:24:02', '2023-11-27 20:24:02', ''),
(1409, 427, 'ANDREW', '', '087817620316', '', '', '', '', '', 0, '', '', '2023-11-16 10:46:28', '', '', '', '', '', '', '', 0, 0, 6, 0, 0, 12, '42668938', '', '', '', '', '', '', '', 0, 0, '', '', '', '2023-11-27 20:26:02', '2023-11-27 20:26:02', '2023-11-27 20:26:02', '2023-11-27 20:26:02', ''),
(1410, 428, 'Mustamin', '', '082156995777', '', '', '', '', '', 0, '', '', '2023-11-16 10:46:52', '', '', '', '', '', '', '', 0, 0, 6, 0, 0, 12, '76643858', '', '', '', '', '', '', '', 0, 0, '', '', '', '2023-11-27 20:28:45', '2023-11-27 20:28:45', '2023-11-27 20:28:45', '2023-11-27 20:28:45', ''),
(1411, 429, 'Andri prasetyo', '', '085749001128', '', '', '', '', '', 0, '', '', '2023-11-16 10:47:14', '', '', '', '', '', '', '', 0, 0, 6, 0, 0, 12, '29865199', '', '', '', '', '', '', '', 0, 0, '', '', '', '2023-11-27 20:29:17', '2023-11-27 20:29:17', '2023-11-27 20:29:17', '2023-11-27 20:29:17', ''),
(1412, 430, 'Polikarpus Deodatus', '', '081256128477', '', '', '', '', '', 0, '', '', '2023-11-16 10:47:44', '', '', '', '', '', '', '', 3, 0, 0, 0, 0, 12, '32837168', '', '', '', '', '', '', '', 0, 0, 'tahap greeting', '', '', '2023-11-27 20:30:37', '2023-11-27 20:30:37', '2023-11-27 20:30:37', '2023-11-27 20:30:37', ''),
(1413, 431, 'abiel', '', '085716638219', '', '', '', '', '', 0, '', '', '2023-11-16 10:48:07', '', '', '', '', '', '', '', 0, 0, 6, 0, 0, 12, '89989798', '', '', '', '', '', '', '', 0, 0, '', '', '', '2023-11-27 20:36:17', '2023-11-27 20:36:17', '2023-11-27 20:36:17', '2023-11-27 20:36:17', ''),
(1414, 432, 'TAHIR DJ ALI Bapak Indri', '', '082194073428', '', '', '', '', '', 0, '', '', '2023-11-16 10:48:29', '', '', '', '', '', '', '', 0, 0, 7, 0, 0, 12, '85217222', '', '', '', '', '', '', '', 0, 0, '', '', '', '2023-11-27 20:38:21', '2023-11-27 20:38:21', '2023-11-27 20:38:21', '2023-11-27 20:38:21', ''),
(1415, 433, 'DWI ASTUTI', '', '081231971328', '', '', '', '', '', 0, '', '', '2023-11-16 10:48:52', '', '', '', '', '', '', '', 0, 14, 0, 0, 0, 12, '21944963', '', '', '', '', '', '', '', 0, 0, 'slh, tdk pesan', '', '', '2023-11-27 20:39:53', '2023-11-27 20:39:53', '2023-11-27 20:39:53', '2023-11-27 20:39:53', ''),
(1416, 434, 'Lenny manueke', '', '085255005916', '', '', '', '', '', 0, '', '', '2023-11-16 10:49:16', '', '', '', '', '', '', '', 0, 0, 6, 0, 0, 12, '78563934', '', '', '', '', '', '', '', 0, 0, '', '', '', '2023-11-27 20:42:22', '2023-11-27 20:42:22', '2023-11-27 20:42:22', '2023-11-27 20:42:22', ''),
(1417, 435, 'Fajar kasih hutasoit', '', '082162918576', '', '', '', '', '', 0, '', '', '2023-11-16 10:49:41', '', '', '', '', '', '', '', 0, 14, 0, 0, 0, 12, '75617743', '', '', '', '', '', '', '', 0, 0, 'jgn dulu tdk ada uang', '', '', '2023-11-27 20:44:52', '2023-11-27 20:44:52', '2023-11-27 20:44:52', '2023-11-27 20:44:52', ''),
(1418, 436, 'Berlin Sijabat', '', '082368658477', '', '', '', '', '', 0, '', '', '2023-11-16 10:50:25', '', '', '', '', '', '', '', 3, 0, 0, 0, 0, 12, '97842638', '', '', '', '', '', '', '', 0, 0, 'tahap greeting', '', '', '2023-11-27 20:47:17', '2023-11-27 20:47:17', '2023-11-27 20:47:17', '2023-11-27 20:47:17', ''),
(1419, 437, 'Syahbudin', '', '085753881039', '', '', '', '', '', 0, '', '', '2023-11-16 10:50:53', '', '', '', '', '', '', '', 0, 0, 6, 0, 0, 12, '81727678', '', '', '', '', '', '', '', 0, 0, '', '', '', '2023-11-27 20:48:16', '2023-11-27 20:48:16', '2023-11-27 20:48:16', '2023-11-27 20:48:16', ''),
(1420, 438, 'Benny Robert', '', '081213099415', '', '', '', '', '', 0, '', '', '2023-11-16 10:51:18', '', '', '', '', '', '', '', 0, 0, 7, 0, 0, 12, '92446314', '', '', '', '', '', '', '', 0, 0, '', '', '', '2023-11-27 20:48:47', '2023-11-27 20:48:47', '2023-11-27 20:48:47', '2023-11-27 20:48:47', ''),
(1421, 439, 'Yuliaty', '', '083867818660', '', '', '', '', '', 0, '', '', '2023-11-16 10:51:42', '', '', '', '', '', '', '', 0, 0, 7, 0, 0, 12, '91128673', '', '', '', '', '', '', '', 0, 0, '', '', '', '2023-11-27 20:51:13', '2023-11-27 20:51:13', '2023-11-27 20:51:13', '2023-11-27 20:51:13', ''),
(1422, 440, 'Amiruddin Sitorus', '', '081233720693', '', '', '', '', '', 0, '', '', '2023-11-16 10:52:08', '', '', '', '', '', '', '', 0, 0, 6, 0, 0, 12, '68126165', '', '', '', '', '', '', '', 0, 0, '', '', '', '2023-11-27 20:52:48', '2023-11-27 20:52:48', '2023-11-27 20:52:48', '2023-11-27 20:52:48', ''),
(1423, 441, 'Johny Galela', '', '082262709840', '', '', '', '', '', 0, '', '', '2023-11-16 10:52:32', '', '', '', '', '', '', '', 0, 0, 7, 0, 0, 12, '57616829', '', '', '', '', '', '', '', 0, 0, '', '', '', '2023-11-27 20:53:53', '2023-11-27 20:53:53', '2023-11-27 20:53:53', '2023-11-27 20:53:53', ''),
(1424, 442, 'I nyoman Gentos', '', '081339768642', '', '', '', '', '', 0, '', '', '2023-11-16 13:49:08', '', '', '', '', '', '', '', 0, 0, 7, 0, 0, 12, '37939478', '', '', '', '', '', '', '', 0, 0, '', '', '', '2023-11-27 20:56:03', '2023-11-27 20:56:03', '2023-11-27 20:56:03', '2023-11-27 20:56:03', ''),
(1425, 443, 'Deni', '', '082394150111', '', '', '', '', '', 0, '', '', '2023-11-16 13:50:35', '', '', '', '', '', '', '', 0, 0, 6, 0, 0, 12, '93189644', '', '', '', '', '', '', '', 0, 0, '', '', '', '2023-11-27 20:57:32', '2023-11-27 20:57:32', '2023-11-27 20:57:32', '2023-11-27 20:57:32', ''),
(1426, 444, 'Ida Bagus Alit Oka', '', '081238440827', '', '', '', '', '', 0, '', '', '2023-11-16 13:51:00', '', '', '', '', '', '', '', 0, 0, 7, 0, 0, 12, '54711454', '', '', '', '', '', '', '', 0, 0, '', '', '', '2023-11-27 20:58:32', '2023-11-27 20:58:32', '2023-11-27 20:58:32', '2023-11-27 20:58:32', ''),
(1427, 445, 'Abdul Asis', '', '082193163137', '', '', '', '', '', 0, '', '', '2023-11-16 13:51:32', '', '', '', '', '', '', '', 3, 0, 0, 0, 0, 12, '69621647', '', '', '', '', '', '', '', 0, 0, 'diangkat tapi tdk ada respon', '', '', '2023-11-27 21:00:46', '2023-11-27 21:00:46', '2023-11-27 21:00:46', '2023-11-27 21:00:46', ''),
(1428, 446, 'Aman', '', '085893792276', '', '', '', '', '', 0, '', '', '2023-11-16 13:51:52', '', '', '', '', '', '', '', 0, 0, 6, 0, 0, 12, '33323655', '', '', '', '', '', '', '', 0, 0, '', '', '', '2023-11-27 21:03:32', '2023-11-27 21:03:32', '2023-11-27 21:03:32', '2023-11-27 21:03:32', ''),
(1429, 447, 'Wawan Anwar', '', '081223524977', '', '', '', '', '', 0, '', '', '2023-11-16 13:52:16', '', '', '', '', '', '', '', 0, 0, 7, 0, 0, 12, '79188699', '', '', '', '', '', '', '', 0, 0, '', '', '', '2023-11-27 21:04:50', '2023-11-27 21:04:50', '2023-11-27 21:04:50', '2023-11-27 21:04:50', ''),
(1430, 448, 'Apriadi', '', '081260534986', '', '', '', '', '', 0, '', '', '2023-11-16 13:52:37', '', '', '', '', '', '', '', 0, 14, 0, 0, 0, 12, '36574417', '', '', '', '', '', '', '', 0, 0, 'tdk minat psn', '', '', '2023-11-27 21:06:33', '2023-11-27 21:06:33', '2023-11-27 21:06:33', '2023-11-27 21:06:33', ''),
(1431, 449, 'Tujiah D', '', '083147822759', '', '', '', '', '', 0, '', '', '2023-11-16 13:52:59', '', '', '', '', '', '', '', 0, 0, 6, 0, 0, 12, '43529927', '', '', '', '', '', '', '', 0, 0, '', '', '', '2023-11-27 21:10:33', '2023-11-27 21:10:33', '2023-11-27 21:10:33', '2023-11-27 21:10:33', '');
INSERT INTO `history_agent` (`nb`, `id_customer`, `first_name`, `last_name`, `phone`, `country`, `timezone`, `addrest_list`, `state`, `city`, `zip`, `shipper`, `note`, `order_date`, `gender`, `email`, `age`, `height`, `Chronic_disease`, `married`, `children`, `id_status`, `id_statusb`, `id_statusc`, `id_statusd`, `id_statusf`, `id_agent`, `order_id`, `operator_comment2`, `promo`, `nama_product`, `description`, `package`, `shipment_type`, `amount`, `price`, `total`, `operator_comment`, `operator_comment3`, `operator_comment4`, `date_comment`, `date_comment2`, `date_comment3`, `date_comment4`, `bank_payment`) VALUES
(1432, 450, 'Densi', '', '081298196561', '', '', '', '', '', 0, '', '', '2023-11-16 13:53:21', '', '', '', '', '', '', '', 0, 13, 0, 0, 0, 12, '84693275', '', '', '', '', '', '', '', 0, 0, 'dlm pengawas dokter', '', '', '2023-11-27 21:11:07', '2023-11-27 21:11:07', '2023-11-27 21:11:07', '2023-11-27 21:11:07', ''),
(1433, 451, 'Pakdul', '', '081249297841', '', '', '', '', '', 0, '', '', '2023-11-16 13:53:40', '', '', '', '', '', '', '', 0, 0, 7, 0, 0, 12, '94726976', '', '', '', '', '', '', '', 0, 0, '', '', '', '2023-11-27 21:14:21', '2023-11-27 21:14:21', '2023-11-27 21:14:21', '2023-11-27 21:14:21', ''),
(1434, 452, 'Komandan Security PT. Murini', '', '082383273133', '', '', '', '', '', 0, '', '', '2023-11-16 13:54:00', '', '', '', '', '', '', '', 0, 0, 6, 0, 0, 12, '73626167', '', '', '', '', '', '', '', 0, 0, '', '', '', '2023-11-27 21:16:35', '2023-11-27 21:16:35', '2023-11-27 21:16:35', '2023-11-27 21:16:35', ''),
(1435, 453, 'Milton', '', '081356388944', '', '', '', '', '', 0, '', '', '2023-11-16 13:54:27', '', '', '', '', '', '', '', 0, 0, 7, 0, 0, 12, '62665722', '', '', '', '', '', '', '', 0, 0, '', '', '', '2023-11-27 21:17:17', '2023-11-27 21:17:17', '2023-11-27 21:17:17', '2023-11-27 21:17:17', ''),
(1436, 454, 'Suryadi', '', '085335815569', '', '', '', '', '', 0, '', '', '2023-11-16 13:54:46', '', '', '', '', '', '', '', 0, 0, 7, 0, 0, 12, '94864728', '', '', '', '', '', '', '', 0, 0, '', '', '', '2023-11-27 21:19:18', '2023-11-27 21:19:18', '2023-11-27 21:19:18', '2023-11-27 21:19:18', ''),
(1437, 455, 'Arman Sarmahata Saragih', '', '085710872846', '', '', '', '', '', 0, '', '', '2023-11-16 13:55:10', '', '', '', '', '', '', '', 0, 0, 6, 0, 0, 12, '37315347', '', '', '', '', '', '', '', 0, 0, '', '', '', '2023-11-27 21:21:02', '2023-11-27 21:21:02', '2023-11-27 21:21:02', '2023-11-27 21:21:02', ''),
(1438, 456, 'Mursyal', '', '083170909858', '', '', '', '', '', 0, '', '', '2023-11-16 13:55:34', '', '', '', '', '', '', '', 3, 0, 0, 0, 0, 12, '96122633', '', '', '', '', '', '', '', 0, 0, 'tahap greeting', '', '', '2023-11-27 21:22:53', '2023-11-27 21:22:53', '2023-11-27 21:22:53', '2023-11-27 21:22:53', ''),
(1439, 457, 'Hakim', '', '08133869443', '', '', '', '', '', 0, '', '', '2023-11-16 13:55:52', '', '', '', '', '', '', '', 0, 0, 6, 0, 0, 12, '67261639', '', '', '', '', '', '', '', 0, 0, '', '', '', '2023-11-27 21:24:32', '2023-11-27 21:24:32', '2023-11-27 21:24:32', '2023-11-27 21:24:32', ''),
(1440, 458, 'Yop Dano', '', '081342968865', '', '', '', '', '', 0, '', '', '2023-11-16 13:56:16', '', '', '', '', '', '', '', 0, 0, 6, 0, 0, 12, '72415866', '', '', '', '', '', '', '', 0, 0, '', '', '', '2023-11-27 21:25:02', '2023-11-27 21:25:02', '2023-11-27 21:25:02', '2023-11-27 21:25:02', ''),
(1441, 459, 'Rapiun', '', '081917658079', '', '', '', '', '', 0, '', '', '2023-11-16 13:56:37', '', '', '', '', '', '', '', 0, 14, 0, 0, 0, 12, '53951737', '', '', '', '', '', '', '', 0, 0, 'sdh ngntuk', '', '', '2023-11-27 21:25:32', '2023-11-27 21:25:32', '2023-11-27 21:25:32', '2023-11-27 21:25:32', ''),
(1442, 460, 'Adri S Oping', '', '082259966484', '', '', '', '', '', 0, '', '', '2023-11-16 13:56:58', '', '', '', '', '', '', '', 0, 0, 7, 0, 0, 12, '45672314', '', '', '', '', '', '', '', 0, 0, '', '', '', '2023-11-27 21:28:17', '2023-11-27 21:28:17', '2023-11-27 21:28:17', '2023-11-27 21:28:17', ''),
(1443, 461, 'Ally', '', '082161688008', '', '', '', '', '', 0, '', '', '2023-11-16 13:57:23', '', '', '', '', '', '', '', 0, 0, 6, 0, 0, 12, '82531648', '', '', '', '', '', '', '', 0, 0, '', '', '', '2023-11-27 21:29:50', '2023-11-27 21:29:50', '2023-11-27 21:29:50', '2023-11-27 21:29:50', ''),
(1444, 208, 'Kristianto', '', '085740894340', '', '', '', '', '', 0, '', '', '2023-11-10 23:58:22', '', '', '', '', '', '', '', 0, 0, 6, 0, 0, 12, '91467134', '', 'prm_spesial1190', 'EPROS', '', '', '', '', 0, 0, '', '', '', '2023-11-27 21:31:09', '2023-11-27 21:31:09', '2023-11-27 21:31:09', '2023-11-27 21:31:09', ''),
(1445, 209, 'Imam supnadi', '', '081323459300', '', '', '', '', '', 0, '', '', '2023-11-10 23:59:21', '', '', '', '', '', '', '', 0, 0, 6, 0, 0, 12, '21728665', '', 'prm_spesial1190', 'EPROS', '', '', '', '', 0, 0, '', '', '', '2023-11-27 21:31:43', '2023-11-27 21:31:43', '2023-11-27 21:31:43', '2023-11-27 21:31:43', ''),
(1446, 212, 'Suryanto', '', '081249987278', '', '', '', '', '', 0, '', '', '2023-11-11 00:01:01', '', '', '', '', '', '', '', 0, 0, 6, 0, 0, 12, '63282658', '', 'prm_spesial1190', 'EPROS', '', '', '', '', 0, 0, '', '', '', '2023-11-27 21:32:32', '2023-11-27 21:32:32', '2023-11-27 21:32:32', '2023-11-27 21:32:32', ''),
(1447, 213, 'Gento / Pakde Mebel', '', '085348431420', '', '', '', '', '', 0, '', '', '2023-11-11 00:01:27', '', '', '', '', '', '', '', 0, 14, 0, 0, 0, 12, '43437244', '', 'prm_spesial1190', 'EPROS', '', '', '', '', 0, 0, 'blm ada uang', '', '', '2023-11-27 21:34:07', '2023-11-27 21:34:07', '2023-11-27 21:34:07', '2023-11-27 21:34:07', ''),
(1448, 148, 'M.Hanfiah yusuf', '', '082361693597', '', '', '', '', '', 0, '', '', '2023-11-07 18:53:37', '', '', '', '', '', '', '', 0, 0, 7, 0, 0, 12, '19658524', '', 'prm_spesial1190', 'EPROS', '', '', '', '', 0, 0, '', '', '', '2023-11-27 21:38:17', '2023-11-27 21:38:17', '2023-11-27 21:38:17', '2023-11-27 21:38:17', ''),
(1449, 149, 'jamal', '', '087816231832', '', '', '', '', '', 0, '', '', '2023-11-07 18:54:06', '', '', '', '', '', '', '', 0, 0, 6, 0, 0, 12, '42692882', '', 'prm_spesial1190', 'EPROS', '', '', '', '', 0, 0, '', '', '', '2023-11-28 18:13:37', '2023-11-28 18:13:37', '2023-11-28 18:13:37', '2023-11-28 18:13:37', ''),
(1450, 158, 'wesko', '', '082187317067', '', '', '', '', '', 0, '', '', '2023-11-07 18:59:29', '', '', '', '', '', '', '', 0, 0, 6, 0, 0, 12, '27467759', '', 'prm_spesial1190', 'EPROS', '', '', '', '', 0, 0, '', '', '', '2023-11-28 18:15:13', '2023-11-28 18:15:13', '2023-11-28 18:15:13', '2023-11-28 18:15:13', ''),
(1451, 506, 'Syamsuddin T', '', '082188059935', '', '', '', '', '', 0, '', '', '2023-11-28 16:40:00', '', '', '', '', '', '', '', 0, 0, 6, 0, 0, 12, '96443447', '', '', '', '', '', '', '', 0, 0, '', '', '', '2023-11-28 18:17:56', '2023-11-28 18:17:56', '2023-11-28 18:17:56', '2023-11-28 18:17:56', ''),
(1452, 507, 'harianto', '', '082117036851', '', '', '', '', '', 0, '', '', '2023-11-28 16:43:58', '', '', '', '', '', '', '', 0, 0, 6, 0, 0, 12, '77117962', '', '', '', '', '', '', '', 0, 0, '', '', '', '2023-11-28 18:18:26', '2023-11-28 18:18:26', '2023-11-28 18:18:26', '2023-11-28 18:18:26', ''),
(1453, 508, 'Pak Nor', '', '082133716560', '', '', '', '', '', 0, '', '', '2023-11-28 16:44:41', '', '', '', '', '', '', '', 0, 0, 6, 0, 0, 12, '77878556', '', '', '', '', '', '', '', 0, 0, '', '', '', '2023-11-28 18:21:48', '2023-11-28 18:21:48', '2023-11-28 18:21:48', '2023-11-28 18:21:48', ''),
(1454, 509, 'sahrul efendi', '', '085276928803', '', '', '', '', '', 0, '', '', '2023-11-28 16:45:03', '', '', '', '', '', '', '', 0, 0, 6, 0, 0, 12, '34963528', '', '', '', '', '', '', '', 0, 0, '', '', '', '2023-11-28 18:28:29', '2023-11-28 18:28:29', '2023-11-28 18:28:29', '2023-11-28 18:28:29', ''),
(1455, 510, 'moch sahri', '', '081290806048', '', '', '', '', '', 0, '', '', '2023-11-28 16:45:37', '', '', '', '', '', '', '', 0, 0, 6, 0, 0, 12, '99688818', '', '', '', '', '', '', '', 0, 0, '', '', '', '2023-11-28 18:29:26', '2023-11-28 18:29:26', '2023-11-28 18:29:26', '2023-11-28 18:29:26', ''),
(1456, 511, 'Lubis Madi (bpk lubis)', '', '081275121243', '', '', '', '', '', 0, '', '', '2023-11-28 16:47:14', '', '', '', '', '', '', '', 0, 0, 6, 0, 0, 12, '75946635', '', '', '', '', '', '', '', 0, 0, '', '', '', '2023-11-28 18:31:12', '2023-11-28 18:31:12', '2023-11-28 18:31:12', '2023-11-28 18:31:12', ''),
(1457, 512, 'Dediwansyah', '', '08126108813', '', '', '', '', '', 0, '', '', '2023-11-28 16:47:55', '', '', '', '', '', '', '', 0, 0, 6, 0, 0, 12, '92586755', '', '', '', '', '', '', '', 0, 0, '', '', '', '2023-11-28 18:33:55', '2023-11-28 18:33:55', '2023-11-28 18:33:55', '2023-11-28 18:33:55', ''),
(1458, 513, 'Zulmidi', '', '085264650076', '', '', '', '', '', 0, '', '', '2023-11-28 16:49:33', '', '', '', '', '', '', '', 0, 0, 6, 0, 0, 12, '56869523', '', '', '', '', '', '', '', 0, 0, '', '', '', '2023-11-28 18:35:27', '2023-11-28 18:35:27', '2023-11-28 18:35:27', '2023-11-28 18:35:27', ''),
(1459, 514, 'Ibnu Hiban', '', '082289654843', '', '', '', '', '', 0, '', '', '2023-11-28 16:50:03', '', '', '', '', '', '', '', 0, 0, 6, 0, 0, 12, '86798597', '', '', '', '', '', '', '', 0, 0, '', '', '', '2023-11-28 18:36:41', '2023-11-28 18:36:41', '2023-11-28 18:36:41', '2023-11-28 18:36:41', ''),
(1460, 515, 'NAni Hartini Ahmad', '', '081322125629', '', '', '', '', '', 0, '', '', '2023-11-28 16:50:35', '', '', '', '', '', '', '', 2, 0, 0, 0, 0, 12, '84955936', '', '', '', '', '', '', '', 0, 0, 'lgi di jln', '', '', '2023-11-28 18:41:34', '2023-11-28 18:41:34', '2023-11-28 18:41:34', '2023-11-28 18:41:34', ''),
(1461, 516, 'syahtiran', '', '082229821509', '', '', '', '', '', 0, '', '', '2023-11-28 16:51:23', '', '', '', '', '', '', '', 0, 0, 6, 0, 0, 12, '88833151', '', '', '', '', '', '', '', 0, 0, '', '', '', '2023-11-28 18:43:05', '2023-11-28 18:43:05', '2023-11-28 18:43:05', '2023-11-28 18:43:05', ''),
(1462, 517, 'Andri sada', '', '085384474424', '', '', '', '', '', 0, '', '', '2023-11-28 16:52:05', '', '', '', '', '', '', '', 0, 0, 6, 0, 0, 12, '68527664', '', '', '', '', '', '', '', 0, 0, '', '', '', '2023-11-28 18:43:42', '2023-11-28 18:43:42', '2023-11-28 18:43:42', '2023-11-28 18:43:42', ''),
(1463, 518, 'Linder sindage', '', '081240164459', '', '', '', '', '', 0, '', '', '2023-11-28 16:53:08', '', '', '', '', '', '', '', 0, 14, 0, 0, 0, 12, '24559266', '', '', '', '', '', '', '', 0, 0, 'anak-anak yg pesan', '', '', '2023-11-28 18:47:13', '2023-11-28 18:47:13', '2023-11-28 18:47:13', '2023-11-28 18:47:13', ''),
(1464, 519, 'hulman purba', '', '081280896395', '', '', '', '', '', 0, '', '', '2023-11-28 16:53:37', '', '', '', '', '', '', '', 0, 0, 6, 0, 0, 12, '33249835', '', '', '', '', '', '', '', 0, 0, '', '', '', '2023-11-28 18:51:27', '2023-11-28 18:51:27', '2023-11-28 18:51:27', '2023-11-28 18:51:27', ''),
(1465, 520, 'H. Bani', '', '082396051525', '', '', '', '', '', 0, '', '', '2023-11-28 16:54:03', '', '', '', '', '', '', '', 0, 0, 6, 0, 0, 12, '23172936', '', '', '', '', '', '', '', 0, 0, '', '', '', '2023-11-28 18:52:16', '2023-11-28 18:52:16', '2023-11-28 18:52:16', '2023-11-28 18:52:16', ''),
(1466, 521, 'Jamri', '', '085346844468', '', '', '', '', '', 0, '', '', '2023-11-28 16:54:27', '', '', '', '', '', '', '', 0, 0, 6, 0, 0, 12, '27446388', '', '', '', '', '', '', '', 0, 0, '', '', '', '2023-11-28 18:53:43', '2023-11-28 18:53:43', '2023-11-28 18:53:43', '2023-11-28 18:53:43', ''),
(1467, 522, 'nul wafa / anak buah gondrong', '', '085754660747', '', '', '', '', '', 0, '', '', '2023-11-28 16:55:02', '', '', '', '', '', '', '', 0, 0, 6, 0, 0, 12, '21169249', '', '', '', '', '', '', '', 0, 0, '', '', '', '2023-11-28 18:55:42', '2023-11-28 18:55:42', '2023-11-28 18:55:42', '2023-11-28 18:55:42', ''),
(1468, 523, 'Asep sutami', '', '085773412749', '', '', '', '', '', 0, '', '', '2023-11-28 18:41:41', '', '', '', '', '', '', '', 0, 0, 7, 0, 0, 12, '13413888', '', '', '', '', '', '', '', 0, 0, '', '', '', '2023-11-28 18:56:26', '2023-11-28 18:56:26', '2023-11-28 18:56:26', '2023-11-28 18:56:26', ''),
(1469, 524, 'Riawati', '', '081265616842', '', '', '', '', '', 0, '', '', '2023-11-28 18:42:08', '', '', '', '', '', '', '', 0, 14, 0, 0, 0, 12, '59795782', '', '', '', '', '', '', '', 0, 0, 'suami sdh meninggl 20 tahun lalu', '', '', '2023-11-28 18:58:13', '2023-11-28 18:58:13', '2023-11-28 18:58:13', '2023-11-28 18:58:13', ''),
(1470, 525, 'Hidan', '', '087894073619', '', '', '', '', '', 0, '', '', '2023-11-28 18:42:39', '', '', '', '', '', '', '', 0, 0, 6, 0, 0, 12, '17529523', '', '', '', '', '', '', '', 0, 0, '', '', '', '2023-11-28 19:00:27', '2023-11-28 19:00:27', '2023-11-28 19:00:27', '2023-11-28 19:00:27', ''),
(1471, 526, 'Herman Tel (bag. lapangan)', '', '081378516731', '', '', '', '', '', 0, '', '', '2023-11-28 18:43:03', '', '', '', '', '', '', '', 0, 0, 6, 0, 0, 12, '85765233', '', '', '', '', '', '', '', 0, 0, '', '', '', '2023-11-28 19:05:13', '2023-11-28 19:05:13', '2023-11-28 19:05:13', '2023-11-28 19:05:13', ''),
(1472, 527, 'Rikka sarekdek', '', '081363905848', '', '', '', '', '', 0, '', '', '2023-11-28 18:43:29', '', '', '', '', '', '', '', 0, 0, 7, 0, 0, 12, '41755243', '', '', '', '', '', '', '', 0, 0, '', '', '', '2023-11-28 19:06:11', '2023-11-28 19:06:11', '2023-11-28 19:06:11', '2023-11-28 19:06:11', ''),
(1473, 528, 'Mu safri', '', '085342523314', '', '', '', '', '', 0, '', '', '2023-11-28 18:44:15', '', '', '', '', '', '', '', 0, 0, 6, 0, 0, 12, '17947752', '', '', '', '', '', '', '', 0, 0, '', '', '', '2023-11-28 19:07:27', '2023-11-28 19:07:27', '2023-11-28 19:07:27', '2023-11-28 19:07:27', ''),
(1474, 529, 'supriyatna', '', '089526920425', '', '', '', '', '', 0, '', '', '2023-11-28 18:45:08', '', '', '', '', '', '', '', 0, 14, 0, 0, 0, 12, '15749963', '', '', '', '', '', '', '', 0, 0, 'istri sdh mnggl dan sdh lnjt usia', '', '', '2023-11-28 19:08:27', '2023-11-28 19:08:27', '2023-11-28 19:08:27', '2023-11-28 19:08:27', ''),
(1475, 530, 'Hotmaida', '', '081394481751', '', '', '', '', '', 0, '', '', '2023-11-28 18:45:47', '', '', '', '', '', '', '', 0, 0, 7, 0, 0, 12, '82525739', '', '', '', '', '', '', '', 0, 0, '', '', '', '2023-11-28 19:12:12', '2023-11-28 19:12:12', '2023-11-28 19:12:12', '2023-11-28 19:12:12', ''),
(1476, 531, 'Deetje Abuno', '', '081356361444', '', '', '', '', '', 0, '', '', '2023-11-28 18:46:58', '', '', '', '', '', '', '', 0, 0, 6, 0, 0, 12, '62559797', '', '', '', '', '', '', '', 0, 0, '', '', '', '2023-11-28 19:22:00', '2023-11-28 19:22:00', '2023-11-28 19:22:00', '2023-11-28 19:22:00', ''),
(1477, 532, 'Maradika', '', '082172130966', '', '', '', '', '', 0, '', '', '2023-11-28 18:47:52', '', '', '', '', '', '', '', 0, 0, 6, 0, 0, 12, '67592754', '', '', '', '', '', '', '', 0, 0, '', '', '', '2023-11-28 19:23:16', '2023-11-28 19:23:16', '2023-11-28 19:23:16', '2023-11-28 19:23:16', ''),
(1478, 533, 'HADI PRAYITNO', '', '087797700541', '', '', '', '', '', 0, '', '', '2023-11-28 18:48:42', '', '', '', '', '', '', '', 0, 0, 6, 0, 0, 12, '19251853', '', '', '', '', '', '', '', 0, 0, '', '', '', '2023-11-28 19:23:57', '2023-11-28 19:23:57', '2023-11-28 19:23:57', '2023-11-28 19:23:57', ''),
(1479, 534, 'Daniel Tambun', '', '085217281099', '', '', '', '', '', 0, '', '', '2023-11-28 18:49:19', '', '', '', '', '', '', '', 0, 0, 6, 0, 0, 12, '62978814', '', '', '', '', '', '', '', 0, 0, '', '', '', '2023-11-28 19:25:43', '2023-11-28 19:25:43', '2023-11-28 19:25:43', '2023-11-28 19:25:43', ''),
(1480, 535, 'Yulias samardi', '', '082130461294', '', '', '', '', '', 0, '', '', '2023-11-28 18:50:24', '', '', '', '', '', '', '', 0, 0, 6, 0, 0, 12, '22187862', '', '', '', '', '', '', '', 0, 0, '', '', '', '2023-11-28 19:27:57', '2023-11-28 19:27:57', '2023-11-28 19:27:57', '2023-11-28 19:27:57', ''),
(1481, 536, 'Dian', '', '085712436264', '', '', '', '', '', 0, '', '', '2023-11-28 18:50:54', '', '', '', '', '', '', '', 0, 0, 6, 0, 0, 12, '99754687', '', '', '', '', '', '', '', 0, 0, '', '', '', '2023-11-28 19:30:17', '2023-11-28 19:30:17', '2023-11-28 19:30:17', '2023-11-28 19:30:17', ''),
(1482, 537, 'Hj. Faridah', '', '082395924352', '', '', '', '', '', 0, '', '', '2023-11-28 18:51:20', '', '', '', '', '', '', '', 0, 0, 6, 0, 0, 12, '98928712', '', '', '', '', '', '', '', 0, 0, '', '', '', '2023-11-28 19:34:08', '2023-11-28 19:34:08', '2023-11-28 19:34:08', '2023-11-28 19:34:08', ''),
(1483, 538, 'Sucipto', '', '081373200392', '', '', '', '', '', 0, '', '', '2023-11-28 18:51:54', '', '', '', '', '', '', '', 0, 0, 6, 0, 0, 12, '49885563', '', '', '', '', '', '', '', 0, 0, '', '', '', '2023-11-28 19:34:58', '2023-11-28 19:34:58', '2023-11-28 19:34:58', '2023-11-28 19:34:58', ''),
(1484, 539, 'Maria Tampi', '', '081340894444', '', '', '', '', '', 0, '', '', '2023-11-28 18:52:44', '', '', '', '', '', '', '', 0, 0, 7, 0, 0, 12, '88613448', '', '', '', '', '', '', '', 0, 0, '', '', '', '2023-11-28 19:36:45', '2023-11-28 19:36:45', '2023-11-28 19:36:45', '2023-11-28 19:36:45', ''),
(1485, 540, 'Hi Darmawati', '', '082192475610', '', '', '', '', '', 0, '', '', '2023-11-28 18:53:36', '', '', '', '', '', '', '', 0, 0, 6, 0, 0, 12, '91659943', '', '', '', '', '', '', '', 0, 0, '', '', '', '2023-11-28 19:39:11', '2023-11-28 19:39:11', '2023-11-28 19:39:11', '2023-11-28 19:39:11', ''),
(1486, 541, 'Zaenuddin', '', '081348288229', '', '', '', '', '', 0, '', '', '2023-11-28 18:54:19', '', '', '', '', '', '', '', 0, 0, 6, 0, 0, 12, '54718997', '', '', '', '', '', '', '', 0, 0, '', '', '', '2023-11-28 19:39:41', '2023-11-28 19:39:41', '2023-11-28 19:39:41', '2023-11-28 19:39:41', ''),
(1487, 542, 'Chomsiatun', '', '087821984158', '', '', '', '', '', 0, '', '', '2023-11-28 18:55:28', '', '', '', '', '', '', '', 0, 0, 8, 0, 0, 12, '33546486', '', '', '', '', '', '', '', 0, 0, '', '', '', '2023-11-28 19:40:11', '2023-11-28 19:40:11', '2023-11-28 19:40:11', '2023-11-28 19:40:11', ''),
(1488, 543, 'RM Ishak', '', '081377584988', '', '', '', '', '', 0, '', '', '2023-11-28 18:55:58', '', '', '', '', '', '', '', 0, 0, 6, 0, 0, 12, '48585896', '', '', '', '', '', '', '', 0, 0, '', '', '', '2023-11-28 19:42:13', '2023-11-28 19:42:13', '2023-11-28 19:42:13', '2023-11-28 19:42:13', ''),
(1489, 544, 'Subarto', '', '082367471650', '', '', '', '', '', 0, '', '', '2023-11-28 18:56:28', '', '', '', '', '', '', '', 0, 0, 6, 0, 0, 12, '12317425', '', '', '', '', '', '', '', 0, 0, '', '', '', '2023-11-28 19:45:30', '2023-11-28 19:45:30', '2023-11-28 19:45:30', '2023-11-28 19:45:30', ''),
(1490, 545, 'Jonathan', '', '082193841407', '', '', '', '', '', 0, '', '', '2023-11-28 18:58:49', '', '', '', '', '', '', '', 0, 0, 6, 0, 0, 12, '54669956', '', '', '', '', '', '', '', 0, 0, '', '', '', '2023-11-28 19:46:11', '2023-11-28 19:46:11', '2023-11-28 19:46:11', '2023-11-28 19:46:11', ''),
(1491, 546, 'Paid isroi', '', '081229814343', '', '', '', '', '', 0, '', '', '2023-11-28 18:59:28', '', '', '', '', '', '', '', 0, 0, 6, 0, 0, 12, '39638483', '', '', '', '', '', '', '', 0, 0, '', '', '', '2023-11-28 19:46:42', '2023-11-28 19:46:42', '2023-11-28 19:46:42', '2023-11-28 19:46:42', ''),
(1492, 134, 'Yasmin', '', '082247497233', '', '', '', '', '', 0, '', '', '2023-11-07 18:39:08', '', '', '', '', '', '', '', 0, 0, 6, 0, 0, 12, '41375985', '', 'prm_spesial1190', 'EPROS', '', '', '', '', 0, 0, '', '', '', '2023-11-28 19:47:58', '2023-11-28 19:47:58', '2023-11-28 19:47:58', '2023-11-28 19:47:58', ''),
(1493, 172, 'Satuman', '', '083801204990', '', '', '', '', '', 0, '', '', '2023-11-07 21:00:21', '', '', '', '', '', '', '', 3, 0, 0, 0, 0, 12, '78263349', '', 'prm_spesial1190', 'EPROS', '', '', '', '', 0, 0, 'tahap greeting', '', '', '2023-11-28 19:50:41', '2023-11-28 19:50:41', '2023-11-28 19:50:41', '2023-11-28 19:50:41', ''),
(1494, 161, 'Wendi', '', '083833805033', '', '', '', '', '', 0, '', '', '2023-11-07 19:01:05', '', '', '', '', '', '', '', 0, 0, 6, 0, 0, 12, '34943666', '', 'prm_spesial1190', 'EPROS', '', '', '', '', 0, 0, '', '', '', '2023-11-28 20:21:29', '2023-11-28 20:21:29', '2023-11-28 20:21:29', '2023-11-28 20:21:29', ''),
(1495, 162, 'Midi Ramidi', '', '081325012159', '', '', '', '', '', 0, '', '', '2023-11-07 19:01:27', '', '', '', '', '', '', '', 0, 0, 6, 0, 0, 12, '58412711', '', 'prm_spesial1190', 'EPROS', '', '', '', '', 0, 0, '', '', '', '2023-11-28 20:22:57', '2023-11-28 20:22:57', '2023-11-28 20:22:57', '2023-11-28 20:22:57', ''),
(1496, 163, 'Yanto', '', '087877330457', '', '', '', '', '', 0, '', '', '2023-11-07 20:56:23', '', '', '', '', '', '', '', 0, 0, 6, 0, 0, 12, '63187659', '', 'prm_spesial1190', 'EPROS', '', '', '', '', 0, 0, '', '', '', '2023-11-28 20:23:42', '2023-11-28 20:23:42', '2023-11-28 20:23:42', '2023-11-28 20:23:42', ''),
(1497, 175, 'Itsyad (biki)', '', '082310072286', '', '', '', '', '', 0, '', '', '2023-11-08 11:32:59', '', '', '', '', '', '', '', 0, 0, 6, 0, 0, 12, '69179663', '', 'prm_spesial1190', 'EPROS', '', '', '', '', 0, 0, '', '', '', '2023-11-28 20:25:12', '2023-11-28 20:25:12', '2023-11-28 20:25:12', '2023-11-28 20:25:12', ''),
(1498, 176, 'Rizky pambudhi', '', '085963152529', '', '', '', '', '', 0, '', '', '2023-11-08 11:34:17', '', '', '', '', '', '', '', 3, 0, 0, 0, 0, 12, '26788628', '', 'prm_spesial1190', 'EPROS', '', '', '', '', 0, 0, 'tahap greeting', '', '', '2023-11-28 20:25:57', '2023-11-28 20:25:57', '2023-11-28 20:25:57', '2023-11-28 20:25:57', ''),
(1499, 183, 'R. Arya', '', '085248366089', '', '', '', '', '', 0, '', '', '2023-11-08 11:38:01', '', '', '', '', '', '', '', 0, 0, 8, 0, 0, 12, '47274464', '', 'prm_spesial1190', 'EPROS', '', '', '', '', 0, 0, '', '', '', '2023-11-28 20:28:42', '2023-11-28 20:28:42', '2023-11-28 20:28:42', '2023-11-28 20:28:42', ''),
(1500, 184, 'Dani', '', '082162500049', '', '', '', '', '', 0, '', '', '2023-11-08 11:38:26', '', '', '', '', '', '', '', 0, 0, 6, 0, 0, 12, '26338758', '', 'prm_spesial1190', 'EPROS', '', '', '', '', 0, 0, '', '', '', '2023-11-28 20:29:28', '2023-11-28 20:29:28', '2023-11-28 20:29:28', '2023-11-28 20:29:28', ''),
(1501, 185, 'Rudy Lody', '', '085340727304', '', '', '', '', '', 0, '', '', '2023-11-08 11:38:48', '', '', '', '', '', '', '', 0, 0, 6, 0, 0, 12, '23481281', '', 'prm_spesial1190', 'EPROS', '', '', '', '', 0, 0, '', '', '', '2023-11-28 20:30:01', '2023-11-28 20:30:01', '2023-11-28 20:30:01', '2023-11-28 20:30:01', ''),
(1502, 204, 'Kristianto', '', '085740894340', '', '', '', '', '', 0, '', '', '2023-11-08 11:50:03', '', '', '', '', '', '', '', 0, 0, 6, 0, 0, 12, '84385586', '', 'prm_spesial1190', 'EPROS', '', '', '', '', 0, 0, '', '', '', '2023-11-28 20:30:27', '2023-11-28 20:30:27', '2023-11-28 20:30:27', '2023-11-28 20:30:27', ''),
(1503, 205, 'Imam Supnadi', '', '081323459300', '', '', '', '', '', 0, '', '', '2023-11-08 11:50:25', '', '', '', '', '', '', '', 0, 0, 6, 0, 0, 12, '77477883', '', 'prm_spesial1190', 'EPROS', '', '', '', '', 0, 0, '', '', '', '2023-11-28 20:30:59', '2023-11-28 20:30:59', '2023-11-28 20:30:59', '2023-11-28 20:30:59', ''),
(1504, 190, 'Abah Hj Gari', '', '085282671186', '', '', '', '', '', 0, '', '', '2023-11-08 11:41:46', '', '', '', '', '', '', '', 0, 0, 6, 0, 0, 12, '99849652', '', 'prm_spesial1190', 'EPROS', '', '', '', '', 0, 0, '', '', '', '2023-11-28 20:31:30', '2023-11-28 20:31:30', '2023-11-28 20:31:30', '2023-11-28 20:31:30', ''),
(1505, 191, 'Parsimin', '', '081391674243', '', '', '', '', '', 0, '', '', '2023-11-08 11:42:21', '', '', '', '', '', '', '', 0, 0, 6, 0, 0, 12, '66627663', '', 'prm_spesial1190', 'EPROS', '', '', '', '', 0, 0, '', '', '', '2023-11-28 20:32:28', '2023-11-28 20:32:28', '2023-11-28 20:32:28', '2023-11-28 20:32:28', ''),
(1506, 192, 'Sujadi kangoloh', '', '082262838672', '', '', '', '', '', 0, '', '', '2023-11-08 11:44:39', '', '', '', '', '', '', '', 0, 0, 6, 0, 0, 12, '46268627', '', 'prm_spesial1190', 'EPROS', '', '', '', '', 0, 0, '', '', '', '2023-11-28 20:33:27', '2023-11-28 20:33:27', '2023-11-28 20:33:27', '2023-11-28 20:33:27', ''),
(1507, 194, 'Suratman', '', '082192988161', '', '', '', '', '', 0, '', '', '2023-11-08 11:45:47', '', '', '', '', '', '', '', 0, 0, 6, 0, 0, 12, '49793358', '', 'prm_spesial1190', 'EPROS', '', '', '', '', 0, 0, '', '', '', '2023-11-28 20:33:56', '2023-11-28 20:33:56', '2023-11-28 20:33:56', '2023-11-28 20:33:56', ''),
(1508, 200, 'Subarko', '', '085323034600', '', '', '', '', '', 0, '', '', '2023-11-08 11:48:18', '', '', '', '', '', '', '', 3, 0, 0, 0, 0, 12, '91877551', '', 'prm_spesial1190', 'EPROS', '', '', '', '', 0, 0, 'tahap greeting', '', '', '2023-11-28 20:34:27', '2023-11-28 20:34:27', '2023-11-28 20:34:27', '2023-11-28 20:34:27', ''),
(1509, 201, 'Rahayu', '', '081329339996', '', '', '', '', '', 0, '', '', '2023-11-08 11:48:41', '', '', '', '', '', '', '', 0, 0, 6, 0, 0, 12, '47584824', '', 'prm_spesial1190', 'EPROS', '', '', '', '', 0, 0, '', '', '', '2023-11-28 20:36:29', '2023-11-28 20:36:29', '2023-11-28 20:36:29', '2023-11-28 20:36:29', ''),
(1510, 202, 'Herman', '', '081223242519', '', '', '', '', '', 0, '', '', '2023-11-08 11:49:06', '', '', '', '', '', '', '', 0, 0, 8, 0, 0, 12, '35783561', '', 'prm_spesial1190', 'EPROS', '', '', '', '', 0, 0, '', '', '', '2023-11-28 20:36:56', '2023-11-28 20:36:56', '2023-11-28 20:36:56', '2023-11-28 20:36:56', ''),
(1511, 168, 'H. Jaenudin', '', '081384131413', '', '', '', '', '', 0, '', '', '2023-11-07 20:58:25', '', '', '', '', '', '', '', 0, 0, 7, 0, 0, 12, '14138595', '', 'prm_spesial1190', 'EPROS', '', '', '', '', 0, 0, '', '', '', '2023-11-28 20:37:42', '2023-11-28 20:37:42', '2023-11-28 20:37:42', '2023-11-28 20:37:42', ''),
(1512, 170, 'Asep Muas', '', '081546431336', '', '', '', '', '', 0, '', '', '2023-11-07 20:59:18', '', '', '', '', '', '', '', 0, 0, 6, 0, 0, 12, '25793975', '', 'prm_spesial1190', 'EPROS', '', '', '', '', 0, 0, '', '', '', '2023-11-28 20:39:12', '2023-11-28 20:39:12', '2023-11-28 20:39:12', '2023-11-28 20:39:12', ''),
(1513, 171, 'Syafruddin', '', '085399134129', '', '', '', '', '', 0, '', '', '2023-11-07 20:59:57', '', '', '', '', '', '', '', 0, 0, 6, 0, 0, 12, '41251957', '', 'prm_spesial1190', 'EPROS', '', '', '', '', 0, 0, '', '', '', '2023-11-28 20:39:41', '2023-11-28 20:39:41', '2023-11-28 20:39:41', '2023-11-28 20:39:41', ''),
(1514, 165, 'Riky', '', '082125409077', '', '', '', '', '', 0, '', '', '2023-11-07 20:57:06', '', '', '', '', '', '', '', 0, 14, 0, 0, 0, 12, '48881326', '', 'prm_spesial1190', 'EPROS', '', '', '', '', 0, 0, 'slh nmr', '', '', '2023-11-28 20:40:11', '2023-11-28 20:40:11', '2023-11-28 20:40:11', '2023-11-28 20:40:11', ''),
(1515, 166, 'Bp Simanjutak', '', '088210412363', '', '', '', '', '', 0, '', '', '2023-11-07 20:57:39', '', '', '', '', '', '', '', 0, 0, 6, 0, 0, 12, '26323268', '', 'prm_spesial1190', 'EPROS', '', '', '', '', 0, 0, '', '', '', '2023-11-28 20:42:42', '2023-11-28 20:42:42', '2023-11-28 20:42:42', '2023-11-28 20:42:42', ''),
(1516, 167, 'sobari', '', '083867407088', '', '', '', '', '', 0, '', '', '2023-11-07 20:58:06', '', '', '', '', '', '', '', 0, 14, 0, 0, 0, 12, '86749449', '', 'prm_spesial1190', 'EPROS', '', '', '', '', 0, 0, 'tdk ada uang', '', '', '2023-11-28 20:43:12', '2023-11-28 20:43:12', '2023-11-28 20:43:12', '2023-11-28 20:43:12', ''),
(1517, 196, 'yafe', '', '082213448431', '', '', '', '', '', 0, '', '', '2023-11-08 11:46:33', '', '', '', '', '', '', '', 0, 0, 6, 0, 0, 12, '69235979', '', 'prm_spesial1190', 'EPROS', '', '', '', '', 0, 0, '', '', '', '2023-11-28 20:51:42', '2023-11-28 20:51:42', '2023-11-28 20:51:42', '2023-11-28 20:51:42', ''),
(1518, 180, 'Zakiyah', '', '085336483454', '', '', '', '', '', 0, '', '', '2023-11-08 11:36:16', '', '', '', '', '', '', '', 0, 0, 6, 0, 0, 12, '34176343', '', 'prm_spesial1190', 'EPROS', '', '', '', '', 0, 0, '', '', '', '2023-11-28 20:53:02', '2023-11-28 20:53:02', '2023-11-28 20:53:02', '2023-11-28 20:53:02', ''),
(1519, 181, 'mahyudin', '', '081381410263', '', '', '', '', '', 0, '', '', '2023-11-08 11:36:54', '', '', '', '', '', '', '', 0, 0, 6, 0, 0, 12, '12947272', '', 'prm_spesial1190', 'EPROS', '', '', '', '', 0, 0, '', '', '', '2023-11-28 20:53:44', '2023-11-28 20:53:44', '2023-11-28 20:53:44', '2023-11-28 20:53:44', ''),
(1520, 197, 'Nikson', '', '081398140648', '', '', '', '', '', 0, '', '', '2023-11-08 11:46:53', '', '', '', '', '', '', '', 0, 0, 6, 0, 0, 12, '85737487', '', 'prm_spesial1190', 'EPROS', '', '', '', '', 0, 0, '', '', '', '2023-11-28 21:02:27', '2023-11-28 21:02:27', '2023-11-28 21:02:27', '2023-11-28 21:02:27', ''),
(1521, 198, 'Ery Susanto', '', '087885873369', '', '', '', '', '', 0, '', '', '2023-11-08 11:47:20', '', '', '', '', '', '', '', 0, 0, 6, 0, 0, 12, '34774317', '', 'prm_spesial1190', 'EPROS', '', '', '', '', 0, 0, '', '', '', '2023-11-28 21:02:59', '2023-11-28 21:02:59', '2023-11-28 21:02:59', '2023-11-28 21:02:59', ''),
(1522, 199, 'i made suarsa', '', '082236824085', '', '', '', '', '', 0, '', '', '2023-11-08 11:47:50', '', '', '', '', '', '', '', 0, 0, 6, 0, 0, 12, '14916515', '', 'prm_spesial1190', 'EPROS', '', '', '', '', 0, 0, '', '', '', '2023-11-28 21:03:28', '2023-11-28 21:03:28', '2023-11-28 21:03:28', '2023-11-28 21:03:28', ''),
(1523, 178, 'slamat riyadi', '', '081251622070', '', '', '', '', '', 0, '', '', '2023-11-08 11:35:21', '', '', '', '', '', '', '', 0, 0, 8, 0, 0, 12, '44966981', '', 'prm_spesial1190', 'EPROS', '', '', '', '', 0, 0, '', '', '', '2023-11-28 21:03:57', '2023-11-28 21:03:57', '2023-11-28 21:03:57', '2023-11-28 21:03:57', ''),
(1524, 188, 'Listiawan Hartoyo', '', '082136066464', '', '', '', '', '', 0, '', '', '2023-11-08 11:40:37', '', '', '', '', '', '', '', 0, 0, 6, 0, 0, 12, '24237694', '', 'prm_spesial1190', 'EPROS', '', '', '', '', 0, 0, '', '', '', '2023-11-28 21:04:29', '2023-11-28 21:04:29', '2023-11-28 21:04:29', '2023-11-28 21:04:29', ''),
(1525, 195, 'Jomi panggabean', '', '085275114446', '', '', '', '', '', 0, '', '', '2023-11-08 11:46:10', '', '', '', '', '', '', '', 0, 0, 6, 0, 0, 12, '38161599', '', 'prm_spesial1190', 'EPROS', '', '', '', '', 0, 0, '', '', '', '2023-11-28 21:04:57', '2023-11-28 21:04:57', '2023-11-28 21:04:57', '2023-11-28 21:04:57', ''),
(1526, 189, 'Syamsul (Pak Alam)', '', '082344661702', '', '', '', '', '', 0, '', '', '2023-11-08 11:41:13', '', '', '', '', '', '', '', 0, 0, 8, 0, 0, 12, '41556625', '', 'prm_spesial1190', 'EPROS', '', '', '', '', 0, 0, '', '', '', '2023-11-28 21:05:30', '2023-11-28 21:05:30', '2023-11-28 21:05:30', '2023-11-28 21:05:30', ''),
(1527, 139, 'Muhamad Sairudin', '', '082294908210', '', '', '', '', '', 0, '', '', '2023-11-07 18:42:30', '', '', '', '', '', '', '', 0, 0, 6, 0, 0, 12, '85468186', '', 'prm_spesial1190', 'EPROS', '', '', '', '', 0, 0, '', '', '', '2023-11-28 21:06:15', '2023-11-28 21:06:15', '2023-11-28 21:06:15', '2023-11-28 21:06:15', ''),
(1528, 140, 'Asta', '', '085863774239', '', '', '', '', '', 0, '', '', '2023-11-07 18:43:17', '', '', '', '', '', '', '', 0, 0, 7, 0, 0, 12, '95524139', '', 'prm_spesial1190', 'EPROS', '', '', '', '', 0, 0, '', '', '', '2023-11-28 21:06:42', '2023-11-28 21:06:42', '2023-11-28 21:06:42', '2023-11-28 21:06:42', ''),
(1529, 142, 'asmar simarmata', '', '082267978588', '', '', '', '', '', 0, '', '', '2023-11-07 18:49:28', '', '', '', '', '', '', '', 3, 0, 0, 0, 0, 12, '82579483', '', 'prm_spesial1190', 'EPROS', '', '', '', '', 0, 0, 'tahap greeting', '', '', '2023-11-28 21:08:59', '2023-11-28 21:08:59', '2023-11-28 21:08:59', '2023-11-28 21:08:59', ''),
(1530, 144, 'aditya wardana', '', '082170754455', '', '', '', '', '', 0, '', '', '2023-11-07 18:51:12', '', '', '', '', '', '', '', 0, 0, 6, 0, 0, 12, '46694283', '', 'prm_spesial1190', 'EPROS', '', '', '', '', 0, 0, '', '', '', '2023-11-28 21:10:49', '2023-11-28 21:10:49', '2023-11-28 21:10:49', '2023-11-28 21:10:49', ''),
(1531, 145, 'Jidan', '', '085750259701', '', '', '', '', '', 0, '', '', '2023-11-07 18:51:41', '', '', '', '', '', '', '', 0, 0, 6, 0, 0, 12, '43768244', '', 'prm_spesial1190', 'EPROS', '', '', '', '', 0, 0, '', '', '', '2023-11-28 21:11:32', '2023-11-28 21:11:32', '2023-11-28 21:11:32', '2023-11-28 21:11:32', ''),
(1532, 146, 'Santos', '', '081347362744', '', '', '', '', '', 0, '', '', '2023-11-07 18:52:12', '', '', '', '', '', '', '', 0, 0, 6, 0, 0, 12, '27852842', '', 'prm_spesial1190', 'EPROS', '', '', '', '', 0, 0, '', '', '', '2023-11-28 21:12:02', '2023-11-28 21:12:02', '2023-11-28 21:12:02', '2023-11-28 21:12:02', ''),
(1533, 173, 'Musirin', '', '081370985984', '', '', '', '', '', 0, '', '', '2023-11-07 21:00:53', '', '', '', '', '', '', '', 2, 0, 0, 0, 0, 12, '38181868', '', 'prm_spesial1190', 'EPROS', '', '', '', '', 0, 0, 'lgi ada acara', '', '', '2023-11-28 21:12:32', '2023-11-28 21:12:32', '2023-11-28 21:12:32', '2023-11-28 21:12:32', ''),
(1534, 153, 'Siska', '', '082196556576', '', '', '', '', '', 0, '', '', '2023-11-07 18:56:46', '', '', '', '', '', '', '', 0, 0, 6, 0, 0, 12, '96715188', '', 'prm_spesial1190', 'EPROS', '', '', '', '', 0, 0, '', '', '', '2023-11-28 21:16:43', '2023-11-28 21:16:43', '2023-11-28 21:16:43', '2023-11-28 21:16:43', ''),
(1535, 155, 'Nilam', '', '0883833145181', '', '', '', '', '', 0, '', '', '2023-11-07 18:57:45', '', '', '', '', '', '', '', 0, 0, 6, 0, 0, 12, '69298746', '', 'prm_spesial1190', 'EPROS', '', '', '', '', 0, 0, '', '', '', '2023-11-28 21:17:15', '2023-11-28 21:17:15', '2023-11-28 21:17:15', '2023-11-28 21:17:15', ''),
(1536, 152, 'farel', '', '085773793799', '', '', '', '', '', 0, '', '', '2023-11-07 18:55:57', '', '', '', '', '', '', '', 0, 0, 6, 0, 0, 12, '81781916', '', 'prm_spesial1190', 'EPROS', '', '', '', '', 0, 0, '', '', '', '2023-11-28 21:17:57', '2023-11-28 21:17:57', '2023-11-28 21:17:57', '2023-11-28 21:17:57', ''),
(1537, 151, 'yanto', '', '085710447097', '', '', '', '', '', 0, '', '', '2023-11-07 18:55:17', '', '', '', '', '', '', '', 0, 0, 6, 0, 0, 12, '79635568', '', 'prm_spesial1190', 'EPROS', '', '', '', '', 0, 0, '', '', '', '2023-11-28 21:18:42', '2023-11-28 21:18:42', '2023-11-28 21:18:42', '2023-11-28 21:18:42', ''),
(1538, 174, 'Fatwan', '', '081258381001', '', '', '', '', '', 0, '', '', '2023-11-07 21:01:14', '', '', '', '', '', '', '', 0, 0, 7, 0, 0, 12, '31574396', '', 'prm_spesial1190', 'EPROS', '', '', '', '', 0, 0, '', '', '', '2023-11-28 21:19:11', '2023-11-28 21:19:11', '2023-11-28 21:19:11', '2023-11-28 21:19:11', ''),
(1539, 136, 'Rusdianto', '', '081348949290', '', '', '', '', '', 0, '', '', '2023-11-07 18:40:32', '', '', '', '', '', '', '', 0, 0, 6, 0, 0, 12, '89386674', '', 'prm_spesial1190', 'EPROS', '', '', '', '', 0, 0, '', '', '', '2023-11-28 21:20:26', '2023-11-28 21:20:26', '2023-11-28 21:20:26', '2023-11-28 21:20:26', ''),
(1540, 157, 'Dzakwan', '', '082283913556', '', '', '', '', '', 0, '', '', '2023-11-07 18:58:58', '', '', '', '', '', '', '', 0, 0, 6, 0, 0, 12, '31393741', '', 'prm_spesial1190', 'EPROS', '', '', '', '', 0, 0, '', '', '', '2023-11-28 21:21:44', '2023-11-28 21:21:44', '2023-11-28 21:21:44', '2023-11-28 21:21:44', ''),
(1541, 310, 'Pak Nyoman', '', '081236218607', '', '', '', '', '', 0, '', '', '2023-11-13 12:37:35', '', '', '', '', '', '', '', 3, 0, 0, 0, 0, 12, '85638726', '', 'prm_spesial1190', 'EPROS', '', '', '', '', 0, 0, 'tahap greeting', '', '', '2023-11-28 21:23:58', '2023-11-28 21:23:58', '2023-11-28 21:23:58', '2023-11-28 21:23:58', ''),
(1542, 311, 'Mulyadi', '', '085798437895', '', '', '', '', '', 0, '', '', '2023-11-13 12:38:01', '', '', '', '', '', '', '', 0, 0, 6, 0, 0, 12, '47159425', '', 'prm_spesial1190', 'EPROS', '', '', '', '', 0, 0, '', '', '', '2023-11-28 21:25:01', '2023-11-28 21:25:01', '2023-11-28 21:25:01', '2023-11-28 21:25:01', ''),
(1543, 312, 'Rhio Whendry', '', '081254381655', '', '', '', '', '', 0, '', '', '2023-11-13 12:38:27', '', '', '', '', '', '', '', 0, 0, 6, 0, 0, 12, '22558627', '', 'prm_spesial1190', 'EPROS', '', '', '', '', 0, 0, '', '', '', '2023-11-28 21:26:13', '2023-11-28 21:26:13', '2023-11-28 21:26:13', '2023-11-28 21:26:13', ''),
(1544, 211, 'Denny gan', '', '082135353433', '', '', '', '', '', 0, '', '', '2023-11-11 00:00:28', '', '', '', '', '', '', '', 0, 14, 0, 0, 0, 12, '96696784', '', 'prm_spesial1190', 'EPROS', '', '', '', '', 0, 0, 'tdk minat psn', '', '', '2023-11-28 21:26:44', '2023-11-28 21:26:44', '2023-11-28 21:26:44', '2023-11-28 21:26:44', ''),
(1545, 207, 'Riky', '', '082125409077', '', '', '', '', '', 0, '', '', '2023-11-10 23:57:40', '', '', '', '', '', '', '', 0, 0, 6, 0, 0, 12, '48139144', '', 'prm_spesial1190', 'EPROS', '', '', '', '', 0, 0, '', '', '', '2023-11-28 21:31:12', '2023-11-28 21:31:12', '2023-11-28 21:31:12', '2023-11-28 21:31:12', ''),
(1546, 210, 'Yohanes', '', '082233188199', '', '', '', '', '', 0, '', '', '2023-11-10 23:59:57', '', '', '', '', '', '', '', 0, 0, 6, 0, 0, 12, '36429524', '', 'prm_spesial1190', 'EPROS', '', '', '', '', 0, 0, '', '', '', '2023-11-28 21:31:46', '2023-11-28 21:31:46', '2023-11-28 21:31:46', '2023-11-28 21:31:46', ''),
(1547, 214, 'Jefri', '', '085337159697', '', '', '', '', '', 0, '', '', '2023-11-11 00:02:24', '', '', '', '', '', '', '', 0, 0, 7, 0, 0, 12, '67968446', '', 'prm_spesial1190', 'EPROS', '', '', '', '', 0, 0, '', '', '', '2023-11-28 21:32:16', '2023-11-28 21:32:16', '2023-11-28 21:32:16', '2023-11-28 21:32:16', ''),
(1548, 219, 'Roy crisna', '', '082153840444', '', '', '', '', '', 0, '', '', '2023-11-11 00:05:23', '', '', '', '', '', '', '', 0, 0, 6, 0, 0, 12, '75322356', '', 'prm_spesial1190', 'EPROS', '', '', '', '', 0, 0, '', '', '', '2023-11-28 21:33:43', '2023-11-28 21:33:43', '2023-11-28 21:33:43', '2023-11-28 21:33:43', ''),
(1549, 223, 'Dolfie Maringka', '', '082393385112', '', '', '', '', '', 0, '', '', '2023-11-11 00:07:31', '', '', '', '', '', '', '', 0, 0, 6, 0, 0, 12, '96117356', '', 'prm_spesial1190', 'EPROS', '', '', '', '', 0, 0, '', '', '', '2023-11-28 21:34:16', '2023-11-28 21:34:16', '2023-11-28 21:34:16', '2023-11-28 21:34:16', ''),
(1550, 226, 'Leni Ratnasari', '', '087894068888', '', '', '', '', '', 0, '', '', '2023-11-11 00:10:09', '', '', '', '', '', '', '', 0, 0, 6, 0, 0, 12, '43133457', '', 'prm_spesial1190', 'EPROS', '', '', '', '', 0, 0, '', '', '', '2023-11-28 21:35:12', '2023-11-28 21:35:12', '2023-11-28 21:35:12', '2023-11-28 21:35:12', ''),
(1551, 227, 'Sukardi', '', '081315890536', '', '', '', '', '', 0, '', '', '2023-11-11 00:10:39', '', '', '', '', '', '', '', 0, 0, 6, 0, 0, 12, '75444945', '', 'prm_spesial1190', 'EPROS', '', '', '', '', 0, 0, '', '', '', '2023-11-28 21:35:56', '2023-11-28 21:35:56', '2023-11-28 21:35:56', '2023-11-28 21:35:56', ''),
(1552, 228, 'Andy suparman', '', '081276744623', '', '', '', '', '', 0, '', '', '2023-11-11 00:11:15', '', '', '', '', '', '', '', 0, 0, 6, 0, 0, 12, '85614976', '', 'prm_spesial1190', 'EPROS', '', '', '', '', 0, 0, '', '', '', '2023-11-28 21:36:45', '2023-11-28 21:36:45', '2023-11-28 21:36:45', '2023-11-28 21:36:45', ''),
(1553, 229, 'Muslihat', '', '081280038145', '', '', '', '', '', 0, '', '', '2023-11-11 00:11:55', '', '', '', '', '', '', '', 0, 0, 7, 0, 0, 12, '29943697', '', 'prm_spesial1190', 'EPROS', '', '', '', '', 0, 0, '', '', '', '2023-11-28 21:37:15', '2023-11-28 21:37:15', '2023-11-28 21:37:15', '2023-11-28 21:37:15', ''),
(1554, 547, 'Paid isroi', '', '081229814343', '', '', '', '', '', 0, '', '', '2023-11-29 10:07:16', '', '', '', '', '', '', '', 0, 0, 7, 0, 0, 11, '74656437', '', '', '', '', '', '', '', 0, 0, '', '', '', '2023-11-29 16:32:41', '2023-11-29 16:32:41', '2023-11-29 16:32:41', '2023-11-29 16:32:41', ''),
(1555, 548, 'Sam', '', '085261908904', '', '', '', '', '', 0, '', '', '2023-11-29 10:09:01', '', '', '', '', '', '', '', 0, 0, 7, 0, 0, 11, '81465993', '', '', '', '', '', '', '', 0, 0, '', '', '', '2023-11-29 16:40:50', '2023-11-29 16:40:50', '2023-11-29 16:40:50', '2023-11-29 16:40:50', ''),
(1556, 549, 'Bakarudin', '', '082383531987', '', '', '', '', '', 0, '', '', '2023-11-29 10:09:23', '', '', '', '', '', '', '', 0, 10, 0, 0, 0, 11, '13952966', '', '', '', '', '', '', '', 0, 0, 'nanti2 call cut', '', '', '2023-11-29 16:56:40', '2023-11-29 16:56:40', '2023-11-29 16:56:40', '2023-11-29 16:56:40', ''),
(1557, 550, 'Rahmat lubis', '', '081275193645', '', '', '', '', '', 0, '', '', '2023-11-29 10:10:30', '', '', '', '', '', '', '', 0, 0, 7, 0, 0, 11, '47537749', '', '', '', '', '', '', '', 0, 0, '', '', '', '2023-11-29 17:06:37', '2023-11-29 17:06:37', '2023-11-29 17:06:37', '2023-11-29 17:06:37', ''),
(1558, 551, 'Toni suhartoni', '', '085774269591', '', '', '', '', '', 0, '', '', '2023-11-29 10:11:28', '', '', '', '', '', '', '', 0, 0, 6, 0, 0, 11, '45459645', '', '', '', '', '', '', '', 0, 0, '', '', '', '2023-11-29 17:08:10', '2023-11-29 17:08:10', '2023-11-29 17:08:10', '2023-11-29 17:08:10', ''),
(1559, 555, 'Indermawan', '', '085237447762', '', '', '', '', '', 0, '', '', '2023-11-29 10:14:06', '', '', '', '', '', '', '', 2, 0, 0, 0, 0, 11, '17813954', '', '', '', '', '', '', '', 0, 0, 'klien mau solat yg angkt ibu tlp mlm', '', '', '2023-11-29 17:11:40', '2023-11-29 17:11:40', '2023-11-29 17:11:40', '2023-11-29 17:11:40', ''),
(1560, 556, 'Adi Wahyudin', '', '082339256746', '', '', '', '', '', 0, '', '', '2023-11-29 10:14:30', '', '', '', '', '', '', '', 0, 0, 7, 0, 0, 11, '86464839', '', '', '', '', '', '', '', 0, 0, '', '', '', '2023-11-29 17:13:26', '2023-11-29 17:13:26', '2023-11-29 17:13:26', '2023-11-29 17:13:26', ''),
(1561, 557, 'Uhing', '', '081290964772', '', '', '', '', '', 0, '', '', '2023-11-29 10:14:59', '', '', '', '', '', '', '', 0, 0, 7, 0, 0, 11, '37113197', '', '', '', '', '', '', '', 0, 0, '', '', '', '2023-11-29 17:17:10', '2023-11-29 17:17:10', '2023-11-29 17:17:10', '2023-11-29 17:17:10', ''),
(1562, 558, 'Aldian', '', '081349661762', '', '', '', '', '', 0, '', '', '2023-11-29 10:15:17', '', '', '', '', '', '', '', 0, 0, 7, 0, 0, 11, '25363748', '', '', '', '', '', '', '', 0, 0, '', '', '', '2023-11-29 17:24:10', '2023-11-29 17:24:10', '2023-11-29 17:24:10', '2023-11-29 17:24:10', ''),
(1563, 559, 'Iskandar Darise', '', '085398926204', '', '', '', '', '', 0, '', '', '2023-11-29 10:17:16', '', '', '', '', '', '', '', 0, 0, 6, 0, 0, 11, '93633359', '', '', '', '', '', '', '', 0, 0, '', '', '', '2023-11-29 17:29:25', '2023-11-29 17:29:25', '2023-11-29 17:29:25', '2023-11-29 17:29:25', ''),
(1564, 230, 'Sariyo', '', '082376421123', '', '', '', '', '', 0, '', '', '2023-11-11 00:12:17', '', '', '', '', '', '', '', 0, 0, 6, 0, 0, 12, '39394777', '', 'prm_spesial1190', 'EPROS', '', '', '', '', 0, 0, '', '', '', '2023-11-29 18:13:38', '2023-11-29 18:13:38', '2023-11-29 18:13:38', '2023-11-29 18:13:38', ''),
(1565, 564, 'Anton yulhendri', '', '085271934662', '', '', '', '', '', 0, '', '', '2023-11-29 10:20:49', '', '', '', '', '', '', '', 0, 14, 0, 0, 0, 12, '64284566', '', '', '', '', '', '', '', 0, 0, 'tdk ada uang ', '', '', '2023-11-29 18:17:24', '2023-11-29 18:17:24', '2023-11-29 18:17:24', '2023-11-29 18:17:24', ''),
(1566, 565, 'Rahman', '', '085219557482', '', '', '', '', '', 0, '', '', '2023-11-29 10:21:20', '', '', '', '', '', '', '', 0, 0, 6, 0, 0, 12, '73554232', '', '', '', '', '', '', '', 0, 0, '', '', '', '2023-11-29 18:27:16', '2023-11-29 18:27:16', '2023-11-29 18:27:16', '2023-11-29 18:27:16', ''),
(1567, 566, 'Jamaludin', '', '081354645733', '', '', '', '', '', 0, '', '', '2023-11-29 10:22:01', '', '', '', '', '', '', '', 0, 0, 7, 0, 0, 12, '86617142', '', '', '', '', '', '', '', 0, 0, '', '', '', '2023-11-29 18:36:36', '2023-11-29 18:36:36', '2023-11-29 18:36:36', '2023-11-29 18:36:36', ''),
(1568, 567, 'Jay harahap', '', '082165447301', '', '', '', '', '', 0, '', '', '2023-11-29 10:22:27', '', '', '', '', '', '', '', 0, 14, 0, 0, 0, 12, '32677835', '', '', '', '', '', '', '', 0, 0, 'blm butuh krn masih muda', '', '', '2023-11-29 18:38:28', '2023-11-29 18:38:28', '2023-11-29 18:38:28', '2023-11-29 18:38:28', ''),
(1569, 568, 'Syaifulah', '', '087855067922', '', '', '', '', '', 0, '', '', '2023-11-29 10:22:57', '', '', '', '', '', '', '', 3, 0, 0, 0, 0, 12, '29667818', '', '', '', '', '', '', '', 0, 0, 'tahap greeting', '', '', '2023-11-29 18:45:58', '2023-11-29 18:45:58', '2023-11-29 18:45:58', '2023-11-29 18:45:58', ''),
(1570, 569, 'Ririn', '', '081399339605', '', '', '', '', '', 0, '', '', '2023-11-29 10:23:43', '', '', '', '', '', '', '', 0, 14, 0, 0, 0, 12, '92182417', '', '', '', '', '', '', '', 0, 0, 'blm bth kta istrinya', '', '', '2023-11-29 18:47:31', '2023-11-29 18:47:31', '2023-11-29 18:47:31', '2023-11-29 18:47:31', ''),
(1571, 570, 'Asrul', '', '082170769998', '', '', '', '', '', 0, '', '', '2023-11-29 11:07:36', '', '', '', '', '', '', '', 0, 0, 7, 0, 0, 12, '17181882', '', '', '', '', '', '', '', 0, 0, '', '', '', '2023-11-29 18:49:59', '2023-11-29 18:49:59', '2023-11-29 18:49:59', '2023-11-29 18:49:59', ''),
(1572, 571, 'Misriya', '', '085331686778', '', '', '', '', '', 0, '', '', '2023-11-29 11:07:56', '', '', '', '', '', '', '', 3, 0, 0, 0, 0, 12, '86435859', '', '', '', '', '', '', '', 0, 0, 'tahap greeting', '', '', '2023-11-29 18:53:14', '2023-11-29 18:53:14', '2023-11-29 18:53:14', '2023-11-29 18:53:14', ''),
(1573, 572, 'Nurjanah', '', '085817225898', '', '', '', '', '', 0, '', '', '2023-11-29 11:08:24', '', '', '', '', '', '', '', 0, 0, 6, 0, 0, 12, '68774826', '', '', '', '', '', '', '', 0, 0, '', '', '', '2023-11-29 19:01:29', '2023-11-29 19:01:29', '2023-11-29 19:01:29', '2023-11-29 19:01:29', ''),
(1574, 573, 'Antha popezchu', '', '081343869463', '', '', '', '', '', 0, '', '', '2023-11-29 11:08:59', '', '', '', '', '', '', '', 0, 14, 0, 0, 0, 12, '52627178', '', '', '', '', '', '', '', 0, 0, 'nanti lgi di pedalaman', '', '', '2023-11-29 19:03:59', '2023-11-29 19:03:59', '2023-11-29 19:03:59', '2023-11-29 19:03:59', ''),
(1575, 574, 'Wayan Wardika.S.Pd', '', '081285524503', '', '', '', '', '', 0, '', '', '2023-11-29 11:10:29', '', '', '', '', '', '', '', 0, 0, 6, 0, 0, 12, '96157383', '', '', '', '', '', '', '', 0, 0, '', '', '', '2023-11-29 19:11:59', '2023-11-29 19:11:59', '2023-11-29 19:11:59', '2023-11-29 19:11:59', ''),
(1576, 575, 'Airin Olivia', '', '081382789307', '', '', '', '', '', 0, '', '', '2023-11-29 11:11:25', '', '', '', '', '', '', '', 0, 0, 6, 0, 0, 12, '61115615', '', '', '', '', '', '', '', 0, 0, '', '', '', '2023-11-29 19:15:59', '2023-11-29 19:15:59', '2023-11-29 19:15:59', '2023-11-29 19:15:59', ''),
(1577, 576, 'Marni', '', '083110920730', '', '', '', '', '', 0, '', '', '2023-11-29 11:12:01', '', '', '', '', '', '', '', 0, 0, 7, 0, 0, 12, '58569884', '', '', '', '', '', '', '', 0, 0, '', '', '', '2023-11-29 19:18:14', '2023-11-29 19:18:14', '2023-11-29 19:18:14', '2023-11-29 19:18:14', ''),
(1578, 577, 'Deisy Langkun', '', '082194042500', '', '', '', '', '', 0, '', '', '2023-11-29 11:12:41', '', '', '', '', '', '', '', 1, 0, 0, 0, 0, 12, '49221186', '', '', '', '', '', '', '', 0, 0, 'sinyal tdk bgs', '', '', '2023-11-29 19:20:01', '2023-11-29 19:20:01', '2023-11-29 19:20:01', '2023-11-29 19:20:01', ''),
(1579, 578, 'Susi sriyanti', '', '081374630617', '', '', '', '', '', 0, '', '', '2023-11-29 11:13:08', '', '', '', '', '', '', '', 3, 0, 0, 0, 0, 12, '75332465', '', '', '', '', '', '', '', 0, 0, 'tahap greeting', '', '', '2023-11-29 19:22:44', '2023-11-29 19:22:44', '2023-11-29 19:22:44', '2023-11-29 19:22:44', ''),
(1580, 579, 'Girjinerli Palaka', '', '082187973581', '', '', '', '', '', 0, '', '', '2023-11-29 11:13:48', '', '', '', '', '', '', '', 3, 0, 0, 0, 0, 12, '95885542', '', '', '', '', '', '', '', 0, 0, 'tahap greeting', '', '', '2023-11-29 19:24:00', '2023-11-29 19:24:00', '2023-11-29 19:24:00', '2023-11-29 19:24:00', ''),
(1581, 580, 'Sunardi', '', '081331146933', '', '', '', '', '', 0, '', '', '2023-11-29 11:14:34', '', '', '', '', '', '', '', 0, 0, 7, 0, 0, 12, '44732613', '', '', '', '', '', '', '', 0, 0, '', '', '', '2023-11-29 19:25:14', '2023-11-29 19:25:14', '2023-11-29 19:25:14', '2023-11-29 19:25:14', ''),
(1582, 581, 'Serka Surli/Enus Malle', '', '081248351236', '', '', '', '', '', 0, '', '', '2023-11-29 11:15:12', '', '', '', '', '', '', '', 0, 0, 6, 0, 0, 12, '79947533', '', '', '', '', '', '', '', 0, 0, '', '', '', '2023-11-29 19:32:53', '2023-11-29 19:32:53', '2023-11-29 19:32:53', '2023-11-29 19:32:53', ''),
(1583, 582, 'MHASIM', '', '087886562772', '', '', '', '', '', 0, '', '', '2023-11-29 11:15:57', '', '', '', '', '', '', '', 3, 0, 0, 0, 0, 12, '99329816', '', '', '', '', '', '', '', 0, 0, 'tahap greeting', '', '', '2023-11-29 19:34:14', '2023-11-29 19:34:14', '2023-11-29 19:34:14', '2023-11-29 19:34:14', ''),
(1584, 583, 'Rikando Pandaiya', '', '082291643025', '', '', '', '', '', 0, '', '', '2023-11-29 11:16:33', '', '', '', '', '', '', '', 0, 0, 6, 0, 0, 12, '46692634', '', '', '', '', '', '', '', 0, 0, '', '', '', '2023-11-29 19:36:45', '2023-11-29 19:36:45', '2023-11-29 19:36:45', '2023-11-29 19:36:45', ''),
(1585, 584, 'Lalu Mahyun', '', '085934823555', '', '', '', '', '', 0, '', '', '2023-11-29 11:17:06', '', '', '', '', '', '', '', 0, 0, 6, 0, 0, 12, '47323387', '', '', '', '', '', '', '', 0, 0, '', '', '', '2023-11-29 19:39:49', '2023-11-29 19:39:49', '2023-11-29 19:39:49', '2023-11-29 19:39:49', ''),
(1586, 585, 'Moeh Hatta', '', '081279955495', '', '', '', '', '', 0, '', '', '2023-11-29 11:17:33', '', '', '', '', '', '', '', 0, 0, 7, 0, 0, 12, '57178544', '', '', '', '', '', '', '', 0, 0, '', '', '', '2023-11-29 19:40:46', '2023-11-29 19:40:46', '2023-11-29 19:40:46', '2023-11-29 19:40:46', ''),
(1587, 586, 'Djunaidi Z/Darmaji', '', '085787315044', '', '', '', '', '', 0, '', '', '2023-11-29 11:18:12', '', '', '', '', '', '', '', 0, 0, 6, 0, 0, 12, '11599564', '', '', '', '', '', '', '', 0, 0, '', '', '', '2023-11-29 19:43:29', '2023-11-29 19:43:29', '2023-11-29 19:43:29', '2023-11-29 19:43:29', ''),
(1588, 587, 'Akhmad Khafidz', '', '089602866921', '', '', '', '', '', 0, '', '', '2023-11-29 11:18:59', '', '', '', '', '', '', '', 0, 0, 7, 0, 0, 12, '96866578', '', '', '', '', '', '', '', 0, 0, '', '', '', '2023-11-29 19:46:14', '2023-11-29 19:46:14', '2023-11-29 19:46:14', '2023-11-29 19:46:14', ''),
(1589, 588, 'Juli', '', '082194467127', '', '', '', '', '', 0, '', '', '2023-11-29 11:19:39', '', '', '', '', '', '', '', 0, 0, 7, 0, 0, 12, '92524595', '', '', '', '', '', '', '', 0, 0, '', '', '', '2023-11-29 19:47:29', '2023-11-29 19:47:29', '2023-11-29 19:47:29', '2023-11-29 19:47:29', '');
INSERT INTO `history_agent` (`nb`, `id_customer`, `first_name`, `last_name`, `phone`, `country`, `timezone`, `addrest_list`, `state`, `city`, `zip`, `shipper`, `note`, `order_date`, `gender`, `email`, `age`, `height`, `Chronic_disease`, `married`, `children`, `id_status`, `id_statusb`, `id_statusc`, `id_statusd`, `id_statusf`, `id_agent`, `order_id`, `operator_comment2`, `promo`, `nama_product`, `description`, `package`, `shipment_type`, `amount`, `price`, `total`, `operator_comment`, `operator_comment3`, `operator_comment4`, `date_comment`, `date_comment2`, `date_comment3`, `date_comment4`, `bank_payment`) VALUES
(1590, 589, 'Yoyo', '', '081212223338', '', '', '', '', '', 0, '', '', '2023-11-29 11:20:07', '', '', '', '', '', '', '', 0, 14, 0, 0, 0, 12, '34737457', '', '', '', '', '', '', '', 0, 0, 'dengan adiknya', '', '', '2023-11-29 19:50:35', '2023-11-29 19:50:35', '2023-11-29 19:50:35', '2023-11-29 19:50:35', ''),
(1591, 590, 'Mahdalena', '', '081251247788', '', '', '', '', '', 0, '', '', '2023-11-29 11:20:34', '', '', '', '', '', '', '', 0, 0, 7, 0, 0, 12, '85428219', '', '', '', '', '', '', '', 0, 0, '', '', '', '2023-11-29 19:54:44', '2023-11-29 19:54:44', '2023-11-29 19:54:44', '2023-11-29 19:54:44', ''),
(1592, 591, 'Ahyar', '', '085238049176', '', '', '', '', '', 0, '', '', '2023-11-29 11:21:08', '', '', '', '', '', '', '', 0, 0, 6, 0, 0, 12, '53246742', '', '', '', '', '', '', '', 0, 0, '', '', '', '2023-11-29 19:56:14', '2023-11-29 19:56:14', '2023-11-29 19:56:14', '2023-11-29 19:56:14', ''),
(1593, 592, 'Arbain', '', '082152381659', '', '', '', '', '', 0, '', '', '2023-11-29 11:21:33', '', '', '', '', '', '', '', 0, 0, 6, 0, 0, 12, '36613445', '', '', '', '', '', '', '', 0, 0, '', '', '', '2023-11-29 19:57:58', '2023-11-29 19:57:58', '2023-11-29 19:57:58', '2023-11-29 19:57:58', ''),
(1594, 593, 'Saut ps', '', '081253226812', '', '', '', '', '', 0, '', '', '2023-11-29 11:23:59', '', '', '', '', '', '', '', 3, 0, 0, 0, 0, 12, '71459991', '', '', '', '', '', '', '', 0, 0, 'tahap greeting', '', '', '2023-11-29 19:59:29', '2023-11-29 19:59:29', '2023-11-29 19:59:29', '2023-11-29 19:59:29', ''),
(1595, 594, 'Sonny Darmawan', '', '081310691874', '', '', '', '', '', 0, '', '', '2023-11-29 11:24:21', '', '', '', '', '', '', '', 0, 0, 7, 0, 0, 12, '67873842', '', '', '', '', '', '', '', 0, 0, '', '', '', '2023-11-29 20:00:49', '2023-11-29 20:00:49', '2023-11-29 20:00:49', '2023-11-29 20:00:49', ''),
(1596, 595, 'Pitson guna', '', '081213547419', '', '', '', '', '', 0, '', '', '2023-11-29 11:24:42', '', '', '', '', '', '', '', 3, 0, 0, 0, 0, 12, '83118319', '', '', '', '', '', '', '', 0, 0, 'tahap greeting', '', '', '2023-11-29 20:03:14', '2023-11-29 20:03:14', '2023-11-29 20:03:14', '2023-11-29 20:03:14', ''),
(1597, 596, 'Jetro', '', '085828007572', '', '', '', '', '', 0, '', '', '2023-11-29 11:25:20', '', '', '', '', '', '', '', 0, 0, 6, 0, 0, 12, '65584296', '', '', '', '', '', '', '', 0, 0, '', '', '', '2023-11-29 20:04:43', '2023-11-29 20:04:43', '2023-11-29 20:04:43', '2023-11-29 20:04:43', ''),
(1598, 597, 'Bernadus leo', '', '082192970430', '', '', '', '', '', 0, '', '', '2023-11-29 11:25:51', '', '', '', '', '', '', '', 0, 0, 8, 0, 0, 12, '25158179', '', '', '', '', '', '', '', 0, 0, '', '', '', '2023-11-29 20:05:59', '2023-11-29 20:05:59', '2023-11-29 20:05:59', '2023-11-29 20:05:59', ''),
(1599, 598, 'Otofianus', '', '081351630318', '', '', '', '', '', 0, '', '', '2023-11-29 11:26:16', '', '', '', '', '', '', '', 0, 0, 7, 0, 0, 12, '11595956', '', '', '', '', '', '', '', 0, 0, '', '', '', '2023-11-29 20:08:47', '2023-11-29 20:08:47', '2023-11-29 20:08:47', '2023-11-29 20:08:47', ''),
(1600, 599, 'fery wijaya (Pemilik)', '', '085237571552', '', '', '', '', '', 0, '', '', '2023-11-29 11:26:49', '', '', '', '', '', '', '', 0, 0, 7, 0, 0, 12, '75367311', '', '', '', '', '', '', '', 0, 0, '', '', '', '2023-11-29 20:14:29', '2023-11-29 20:14:29', '2023-11-29 20:14:29', '2023-11-29 20:14:29', ''),
(1601, 600, 'Ulfie Bambang', '', '081289339612', '', '', '', '', '', 0, '', '', '2023-11-29 11:27:14', '', '', '', '', '', '', '', 0, 0, 7, 0, 0, 12, '41217884', '', '', '', '', '', '', '', 0, 0, '', '', '', '2023-11-29 20:18:14', '2023-11-29 20:18:14', '2023-11-29 20:18:14', '2023-11-29 20:18:14', ''),
(1602, 601, 'QOMARUDDIN', '', '081251311966', '', '', '', '', '', 0, '', '', '2023-11-29 11:27:38', '', '', '', '', '', '', '', 0, 0, 7, 0, 0, 12, '77384175', '', '', '', '', '', '', '', 0, 0, '', '', '', '2023-11-29 20:23:30', '2023-11-29 20:23:30', '2023-11-29 20:23:30', '2023-11-29 20:23:30', ''),
(1603, 602, 'Irvan', '', '082110903120', '', '', '', '', '', 0, '', '', '2023-11-29 11:28:03', '', '', '', '', '', '', '', 3, 0, 0, 0, 0, 12, '26621685', '', '', '', '', '', '', '', 0, 0, 'dimatikan oleh custamer', '', '', '2023-11-29 20:24:45', '2023-11-29 20:24:45', '2023-11-29 20:24:45', '2023-11-29 20:24:45', ''),
(1604, 603, 'Ahmad laode sahabu', '', '082214684248', '', '', '', '', '', 0, '', '', '2023-11-29 11:28:37', '', '', '', '', '', '', '', 0, 14, 0, 0, 0, 12, '83623994', '', '', '', '', '', '', '', 0, 0, 'tdk minat membeli', '', '', '2023-11-29 20:26:16', '2023-11-29 20:26:16', '2023-11-29 20:26:16', '2023-11-29 20:26:16', ''),
(1605, 604, 'Sri Ningsih/Andryan', '', '081212552918', '', '', '', '', '', 0, '', '', '2023-11-29 11:29:17', '', '', '', '', '', '', '', 0, 0, 8, 0, 0, 12, '93144185', '', '', '', '', '', '', '', 0, 0, '', '', '', '2023-11-29 20:32:32', '2023-11-29 20:32:32', '2023-11-29 20:32:32', '2023-11-29 20:32:32', ''),
(1606, 605, 'Agustin', '', '082110680940', '', '', '', '', '', 0, '', '', '2023-11-29 11:29:45', '', '', '', '', '', '', '', 0, 0, 6, 0, 0, 12, '93124513', '', '', '', '', '', '', '', 0, 0, '', '', '', '2023-11-29 20:34:01', '2023-11-29 20:34:01', '2023-11-29 20:34:01', '2023-11-29 20:34:01', ''),
(1607, 606, 'Client Sebagai Engineering', '', '081276901029', '', '', '', '', '', 0, '', '', '2023-11-29 11:30:15', '', '', '', '', '', '', '', 0, 0, 7, 0, 0, 12, '64312829', '', '', '', '', '', '', '', 0, 0, '', '', '', '2023-11-29 20:35:29', '2023-11-29 20:35:29', '2023-11-29 20:35:29', '2023-11-29 20:35:29', ''),
(1608, 607, 'HM. Battan.', '', '085250141778', '', '', '', '', '', 0, '', '', '2023-11-29 11:30:35', '', '', '', '', '', '', '', 0, 0, 6, 0, 0, 12, '48544395', '', '', '', '', '', '', '', 0, 0, '', '', '', '2023-11-29 20:37:14', '2023-11-29 20:37:14', '2023-11-29 20:37:14', '2023-11-29 20:37:14', ''),
(1609, 608, 'Indra', '', '082173125666', '', '', '', '', '', 0, '', '', '2023-11-29 11:31:11', '', '', '', '', '', '', '', 0, 14, 0, 0, 0, 12, '42517374', '', '', '', '', '', '', '', 0, 0, 'tdk ada uang', '', '', '2023-11-29 20:40:14', '2023-11-29 20:40:14', '2023-11-29 20:40:14', '2023-11-29 20:40:14', ''),
(1610, 609, 'Orion', '', '085397313007', '', '', '', '', '', 0, '', '', '2023-11-29 11:31:47', '', '', '', '', '', '', '', 3, 0, 0, 0, 0, 12, '29396355', '', '', '', '', '', '', '', 0, 0, 'tahap greeting', '', '', '2023-11-29 20:42:14', '2023-11-29 20:42:14', '2023-11-29 20:42:14', '2023-11-29 20:42:14', ''),
(1611, 610, 'Herman', '', '081223242519', '', '', '', '', '', 0, '', '', '2023-11-29 11:32:11', '', '', '', '', '', '', '', 0, 14, 0, 0, 0, 12, '16764426', '', '', '', '', '', '', '', 0, 0, 'blm ada uang', '', '', '2023-11-29 20:43:46', '2023-11-29 20:43:46', '2023-11-29 20:43:46', '2023-11-29 20:43:46', ''),
(1612, 611, 'Tobing', '', '082288785591', '', '', '', '', '', 0, '', '', '2023-11-29 11:32:37', '', '', '', '', '', '', '', 0, 14, 0, 0, 0, 12, '12762874', '', '', '', '', '', '', '', 0, 0, 'tdl ada uang', '', '', '2023-11-29 20:54:44', '2023-11-29 20:54:44', '2023-11-29 20:54:44', '2023-11-29 20:54:44', ''),
(1613, 612, 'Suriatman.', '', '085274062015', '', '', '', '', '', 0, '', '', '2023-11-29 11:32:57', '', '', '', '', '', '', '', 0, 0, 6, 0, 0, 12, '56452477', '', '', '', '', '', '', '', 0, 0, '', '', '', '2023-11-29 20:59:59', '2023-11-29 20:59:59', '2023-11-29 20:59:59', '2023-11-29 20:59:59', ''),
(1614, 613, 'Hasri/ibu Nuraini', '', '082145599266', '', '', '', '', '', 0, '', '', '2023-11-29 11:33:18', '', '', '', '', '', '', '', 3, 0, 0, 0, 0, 12, '28276953', '', '', '', '', '', '', '', 0, 0, 'tahap greeting', '', '', '2023-11-29 21:01:16', '2023-11-29 21:01:16', '2023-11-29 21:01:16', '2023-11-29 21:01:16', ''),
(1615, 614, 'JAJA WIHARJA', '', '081299785633', '', '', '', '', '', 0, '', '', '2023-11-29 11:33:42', '', '', '', '', '', '', '', 0, 0, 6, 0, 0, 12, '32727518', '', '', '', '', '', '', '', 0, 0, '', '', '', '2023-11-29 21:03:14', '2023-11-29 21:03:14', '2023-11-29 21:03:14', '2023-11-29 21:03:14', ''),
(1616, 615, 'ITolomano gulo', '', '082161998161', '', '', '', '', '', 0, '', '', '2023-11-29 11:34:13', '', '', '', '', '', '', '', 0, 0, 6, 0, 0, 12, '44519814', '', '', '', '', '', '', '', 0, 0, '', '', '', '2023-11-29 21:04:45', '2023-11-29 21:04:45', '2023-11-29 21:04:45', '2023-11-29 21:04:45', ''),
(1617, 231, 'Yosafat Suharto', '', '08123531198', '', '', '', '', '', 0, '', '', '2023-11-11 00:12:42', '', '', '', '', '', '', '', 0, 0, 7, 0, 0, 12, '74414684', '', 'prm_spesial1190', 'EPROS', '', '', '', '', 0, 0, '', '', '', '2023-11-29 21:06:52', '2023-11-29 21:06:52', '2023-11-29 21:06:52', '2023-11-29 21:06:52', ''),
(1618, 232, 'Andiadis', '', '082154240571', '', '', '', '', '', 0, '', '', '2023-11-11 00:13:14', '', '', '', '', '', '', '', 0, 0, 7, 0, 0, 12, '34928931', '', 'prm_spesial1190', 'EPROS', '', '', '', '', 0, 0, '', '', '', '2023-11-29 21:09:29', '2023-11-29 21:09:29', '2023-11-29 21:09:29', '2023-11-29 21:09:29', ''),
(1619, 233, 'Abdul rais', '', '082347915762', '', '', '', '', '', 0, '', '', '2023-11-11 00:13:40', '', '', '', '', '', '', '', 0, 0, 7, 0, 0, 12, '26872171', '', 'prm_spesial1190', 'EPROS', '', '', '', '', 0, 0, '', '', '', '2023-11-30 18:11:38', '2023-11-30 18:11:38', '2023-11-30 18:11:38', '2023-11-30 18:11:38', ''),
(1620, 234, 'Mohamad Cheji ', '', '0822288322617', '', '', '', '', '', 0, '', '', '2023-11-11 00:14:17', '', '', '', '', '', '', '', 0, 0, 6, 0, 0, 12, '67243693', '', 'prm_spesial1190', 'EPROS', '', '', '', '', 0, 0, '', '', '', '2023-11-30 18:14:47', '2023-11-30 18:14:47', '2023-11-30 18:14:47', '2023-11-30 18:14:47', ''),
(1621, 235, 'Tabiula', '', '081242460508', '', '', '', '', '', 0, '', '', '2023-11-11 00:14:58', '', '', '', '', '', '', '', 0, 14, 0, 0, 0, 12, '64734646', '', 'prm_spesial1190', 'EPROS', '', '', '', '', 0, 0, 'pindah pindah tempat tinggal', '', '', '2023-11-30 18:15:31', '2023-11-30 18:15:31', '2023-11-30 18:15:31', '2023-11-30 18:15:31', ''),
(1622, 269, 'Aryani Basri', '', '087777799650', '', '', '', '', '', 0, '', '', '2023-11-11 00:37:23', '', '', '', '', '', '', '', 0, 14, 0, 0, 0, 12, '94516759', '', 'prm_spesial1190', 'EPROS', '', '', '', '', 0, 0, 'bpk sdh meninggal', '', '', '2023-11-30 18:18:01', '2023-11-30 18:18:01', '2023-11-30 18:18:01', '2023-11-30 18:18:01', ''),
(1623, 270, 'Izwan Hadi', '', '081238229742', '', '', '', '', '', 0, '', '', '2023-11-11 00:37:53', '', '', '', '', '', '', '', 1, 0, 0, 0, 0, 12, '45752161', '', 'prm_spesial1190', 'EPROS', '', '', '', '', 0, 0, 'sinyal buruk dari pelanggan', '', '', '2023-11-30 18:19:46', '2023-11-30 18:19:46', '2023-11-30 18:19:46', '2023-11-30 18:19:46', ''),
(1624, 271, 'Jenny M Kindangen', '', '082348642737', '', '', '', '', '', 0, '', '', '2023-11-11 00:38:20', '', '', '', '', '', '', '', 0, 0, 8, 0, 0, 12, '18173575', '', 'prm_spesial1190', 'EPROS', '', '', '', '', 0, 0, '', '', '', '2023-11-30 18:23:01', '2023-11-30 18:23:01', '2023-11-30 18:23:01', '2023-11-30 18:23:01', ''),
(1625, 272, 'SAHDAN', '', '082159762877', '', '', '', '', '', 0, '', '', '2023-11-11 00:38:54', '', '', '', '', '', '', '', 3, 0, 0, 0, 0, 12, '72823121', '', 'prm_spesial1190', 'EPROS', '', '', '', '', 0, 0, 'tahap greeting', '', '', '2023-11-30 18:24:16', '2023-11-30 18:24:16', '2023-11-30 18:24:16', '2023-11-30 18:24:16', ''),
(1626, 306, 'Rudi Agus Suhartoyo', '', '082236695221', '', '', '', '', '', 0, '', '', '2023-11-13 12:17:15', '', '', '', '', '', '', '', 0, 0, 6, 0, 0, 12, '27372172', '', 'prm_spesial1190', 'EPROS', '', '', '', '', 0, 0, '', '', '', '2023-11-30 18:26:01', '2023-11-30 18:26:01', '2023-11-30 18:26:01', '2023-11-30 18:26:01', ''),
(1627, 307, 'Albert', '', '08129042105', '', '', '', '', '', 0, '', '', '2023-11-13 12:17:56', '', '', '', '', '', '', '', 0, 0, 8, 0, 0, 12, '22411397', '', 'prm_spesial1190', 'EPROS', '', '', '', '', 0, 0, '', '', '', '2023-11-30 18:27:15', '2023-11-30 18:27:15', '2023-11-30 18:27:15', '2023-11-30 18:27:15', ''),
(1628, 308, 'Mafmudz', '', '085648276696', '', '', '', '', '', 0, '', '', '2023-11-13 12:18:16', '', '', '', '', '', '', '', 0, 0, 7, 0, 0, 12, '96282189', '', 'prm_spesial1190', 'EPROS', '', '', '', '', 0, 0, '', '', '', '2023-11-30 18:28:46', '2023-11-30 18:28:46', '2023-11-30 18:28:46', '2023-11-30 18:28:46', ''),
(1629, 309, 'TjandraHaryanto', '', '085865962579', '', '', '', '', '', 0, '', '', '2023-11-13 12:37:08', '', '', '', '', '', '', '', 0, 13, 0, 0, 0, 12, '37257169', '', 'prm_spesial1190', 'EPROS', '', '', '', '', 0, 0, 'msh dlm pengawasan dokter', '', '', '2023-11-30 18:30:00', '2023-11-30 18:30:00', '2023-11-30 18:30:00', '2023-11-30 18:30:00', ''),
(1630, 313, 'KHALID ALIAH', '', '081245568796', '', '', '', '', '', 0, '', '', '2023-11-13 12:38:55', '', '', '', '', '', '', '', 0, 0, 6, 0, 0, 12, '44642549', '', 'prm_spesial1190', 'EPROS', '', '', '', '', 0, 0, '', '', '', '2023-11-30 18:39:10', '2023-11-30 18:39:10', '2023-11-30 18:39:10', '2023-11-30 18:39:10', ''),
(1631, 315, 'Sulaimuan', '', '081214058436', '', '', '', '', '', 0, '', '', '2023-11-13 12:39:51', '', '', '', '', '', '', '', 0, 14, 0, 0, 0, 12, '56836699', '', 'prm_spesial1190', 'EPROS', '', '', '', '', 0, 0, 'tdk ada uang dan kondisi tdk di tmpt', '', '', '2023-11-30 18:40:00', '2023-11-30 18:40:00', '2023-11-30 18:40:00', '2023-11-30 18:40:00', ''),
(1632, 225, 'Lucy Ratih / Mama ri', '', '081282094924', '', '', '', '', '', 0, '', '', '2023-11-11 00:09:25', '', '', '', '', '', '', '', 3, 0, 0, 0, 0, 12, '94813713', '', '', '', '', '', '', '', 0, 0, 'tahap greeting', '', '', '2023-11-30 18:48:32', '2023-11-30 18:48:32', '2023-11-30 18:48:32', '2023-11-30 18:48:32', ''),
(1633, 245, 'Arief rahmatullah (p', '', '081223325792', '', '', '', '', '', 0, '', '', '2023-11-11 00:22:27', '', '', '', '', '', '', '', 0, 14, 0, 0, 0, 12, '76957124', '', '', '', '', '', '', '', 0, 0, 'tdk pesan', '', '', '2023-11-30 18:58:46', '2023-11-30 18:58:46', '2023-11-30 18:58:46', '2023-11-30 18:58:46', ''),
(1634, 462, 'Syahrial Ujang', '', '085375703123', '', '', '', '', '', 0, '', '', '2023-11-19 13:11:07', '', '', '', '', '', '', '', 0, 0, 7, 0, 0, 12, '85833443', '', '', '', '', '', '', '', 0, 0, '', '', '', '2023-11-30 19:01:38', '2023-11-30 19:01:38', '2023-11-30 19:01:38', '2023-11-30 19:01:38', ''),
(1635, 463, 'Samin Mokoginta', '', '081354013788', '', '', '', '', '', 0, '', '', '2023-11-19 13:12:06', '', '', '', '', '', '', '', 0, 14, 0, 0, 0, 12, '52377619', '', '', '', '', '', '', '', 0, 0, 'tdk minat psn', '', '', '2023-11-30 19:05:16', '2023-11-30 19:05:16', '2023-11-30 19:05:16', '2023-11-30 19:05:16', ''),
(1636, 464, 'Ipmawan Syarif', '', '081361183865', '', '', '', '', '', 0, '', '', '2023-11-19 13:12:36', '', '', '', '', '', '', '', 0, 0, 6, 0, 0, 12, '52424773', '', '', '', '', '', '', '', 0, 0, '', '', '', '2023-11-30 19:11:17', '2023-11-30 19:11:17', '2023-11-30 19:11:17', '2023-11-30 19:11:17', ''),
(1637, 465, 'Alfred B', '', '081257672736', '', '', '', '', '', 0, '', '', '2023-11-19 13:13:02', '', '', '', '', '', '', '', 0, 14, 0, 0, 0, 12, '42417571', '', '', '', '', '', '', '', 0, 0, 'minta di batalkn sja', '', '', '2023-11-30 19:12:17', '2023-11-30 19:12:17', '2023-11-30 19:12:17', '2023-11-30 19:12:17', ''),
(1638, 467, 'Martha sella', '', '082282180389', '', '', '', '', '', 0, '', '', '2023-11-19 13:13:49', '', '', '', '', '', '', '', 2, 0, 0, 0, 0, 12, '33681444', '', '', '', '', '', '', '', 0, 0, 'anaknya angkat', '', '', '2023-11-30 19:15:17', '2023-11-30 19:15:17', '2023-11-30 19:15:17', '2023-11-30 19:15:17', ''),
(1639, 468, 'Syafruddin Rambe', '', '081370933649', '', '', '', '', '', 0, '', '', '2023-11-19 13:14:11', '', '', '', '', '', '', '', 0, 0, 7, 0, 0, 12, '88943119', '', '', '', '', '', '', '', 0, 0, '', '', '', '2023-11-30 19:20:59', '2023-11-30 19:20:59', '2023-11-30 19:20:59', '2023-11-30 19:20:59', ''),
(1640, 469, 'Iman', '', '082172858244', '', '', '', '', '', 0, '', '', '2023-11-19 13:14:48', '', '', '', '', '', '', '', 0, 0, 7, 0, 0, 12, '23781841', '', '', '', '', '', '', '', 0, 0, '', '', '', '2023-11-30 19:24:16', '2023-11-30 19:24:16', '2023-11-30 19:24:16', '2023-11-30 19:24:16', ''),
(1641, 470, 'Maruki', '', '082348788819', '', '', '', '', '', 0, '', '', '2023-11-19 13:15:08', '', '', '', '', '', '', '', 0, 0, 6, 0, 0, 12, '25219955', '', '', '', '', '', '', '', 0, 0, '', '', '', '2023-11-30 19:27:36', '2023-11-30 19:27:36', '2023-11-30 19:27:36', '2023-11-30 19:27:36', ''),
(1642, 471, 'Suroso', '', '085945633344', '', '', '', '', '', 0, '', '', '2023-11-19 13:15:31', '', '', '', '', '', '', '', 0, 14, 0, 0, 0, 12, '64259426', '', '', '', '', '', '', '', 0, 0, 'slh nmr', '', '', '2023-11-30 19:28:18', '2023-11-30 19:28:18', '2023-11-30 19:28:18', '2023-11-30 19:28:18', ''),
(1643, 472, 'trisno', '', '082213412094', '', '', '', '', '', 0, '', '', '2023-11-19 13:15:59', '', '', '', '', '', '', '', 0, 0, 6, 0, 0, 12, '97535224', '', '', '', '', '', '', '', 0, 0, '', '', '', '2023-11-30 19:39:17', '2023-11-30 19:39:17', '2023-11-30 19:39:17', '2023-11-30 19:39:17', ''),
(1644, 473, 'Purnami', '', '082816666119', '', '', '', '', '', 0, '', '', '2023-11-19 13:16:16', '', '', '', '', '', '', '', 0, 0, 6, 0, 0, 12, '93252771', '', '', '', '', '', '', '', 0, 0, '', '', '', '2023-11-30 19:41:27', '2023-11-30 19:41:27', '2023-11-30 19:41:27', '2023-11-30 19:41:27', ''),
(1645, 474, 'Suyetno', '', '082297508945', '', '', '', '', '', 0, '', '', '2023-11-19 13:16:39', '', '', '', '', '', '', '', 3, 0, 0, 0, 0, 12, '35652699', '', '', '', '', '', '', '', 0, 0, 'tahap greeting', '', '', '2023-11-30 19:43:22', '2023-11-30 19:43:22', '2023-11-30 19:43:22', '2023-11-30 19:43:22', ''),
(1646, 475, 'Lailasari Johan Basuni', '', '085382080809', '', '', '', '', '', 0, '', '', '2023-11-19 13:17:00', '', '', '', '', '', '', '', 0, 0, 7, 0, 0, 12, '88197543', '', '', '', '', '', '', '', 0, 0, '', '', '', '2023-11-30 19:45:03', '2023-11-30 19:45:03', '2023-11-30 19:45:03', '2023-11-30 19:45:03', ''),
(1647, 476, 'Udin', '', '081263787566', '', '', '', '', '', 0, '', '', '2023-11-19 13:17:37', '', '', '', '', '', '', '', 0, 0, 7, 0, 0, 12, '89117853', '', '', '', '', '', '', '', 0, 0, '', '', '', '2023-11-30 19:46:19', '2023-11-30 19:46:19', '2023-11-30 19:46:19', '2023-11-30 19:46:19', ''),
(1648, 477, 'Anto', '', '082241492278', '', '', '', '', '', 0, '', '', '2023-11-19 13:17:59', '', '', '', '', '', '', '', 0, 0, 7, 0, 0, 12, '57647884', '', '', '', '', '', '', '', 0, 0, '', '', '', '2023-11-30 19:47:40', '2023-11-30 19:47:40', '2023-11-30 19:47:40', '2023-11-30 19:47:40', ''),
(1649, 478, 'Amran/iwan', '', '081217097000', '', '', '', '', '', 0, '', '', '2023-11-19 13:18:19', '', '', '', '', '', '', '', 0, 0, 6, 0, 0, 12, '78357577', '', '', '', '', '', '', '', 0, 0, '', '', '', '2023-11-30 19:49:18', '2023-11-30 19:49:18', '2023-11-30 19:49:18', '2023-11-30 19:49:18', ''),
(1650, 479, 'Donny', '', '082340587479', '', '', '', '', '', 0, '', '', '2023-11-19 13:18:52', '', '', '', '', '', '', '', 0, 0, 7, 0, 0, 12, '45362388', '', '', '', '', '', '', '', 0, 0, '', '', '', '2023-11-30 19:50:31', '2023-11-30 19:50:31', '2023-11-30 19:50:31', '2023-11-30 19:50:31', ''),
(1651, 480, 'Agus Duheriyanto', '', '0895361242848', '', '', '', '', '', 0, '', '', '2023-11-19 13:19:15', '', '', '', '', '', '', '', 0, 0, 7, 0, 0, 12, '36222343', '', '', '', '', '', '', '', 0, 0, '', '', '', '2023-11-30 19:52:20', '2023-11-30 19:52:20', '2023-11-30 19:52:20', '2023-11-30 19:52:20', ''),
(1652, 481, 'Wempy, Corneles.', '', '082394944394', '', '', '', '', '', 0, '', '', '2023-11-19 13:19:46', '', '', '', '', '', '', '', 3, 0, 0, 0, 0, 12, '91992825', '', '', '', '', '', '', '', 0, 0, 'tahap greeting', '', '', '2023-11-30 19:53:31', '2023-11-30 19:53:31', '2023-11-30 19:53:31', '2023-11-30 19:53:31', ''),
(1653, 482, 'Mega', '', '087881079173', '', '', '', '', '', 0, '', '', '2023-11-19 13:20:44', '', '', '', '', '', '', '', 0, 14, 0, 0, 0, 12, '38424782', '', '', '', '', '', '', '', 0, 0, 'istrinya yg angkat dan berisik', '', '', '2023-11-30 19:56:12', '2023-11-30 19:56:12', '2023-11-30 19:56:12', '2023-11-30 19:56:12', ''),
(1654, 483, 'Djamalis', '', '08117445647', '', '', '', '', '', 0, '', '', '2023-11-19 13:21:06', '', '', '', '', '', '', '', 0, 14, 0, 0, 0, 12, '35816861', '', '', '', '', '', '', '', 0, 0, 'lg skt dan sdh bnyk penyakit', '', '', '2023-11-30 20:00:02', '2023-11-30 20:00:02', '2023-11-30 20:00:02', '2023-11-30 20:00:02', ''),
(1655, 484, 'Iwan', '', '08569064921', '', '', '', '', '', 0, '', '', '2023-11-19 13:21:25', '', '', '', '', '', '', '', 0, 0, 6, 0, 0, 12, '52484514', '', '', '', '', '', '', '', 0, 0, '', '', '', '2023-11-30 20:04:32', '2023-11-30 20:04:32', '2023-11-30 20:04:32', '2023-11-30 20:04:32', ''),
(1656, 485, 'Wachid Dihardjo', '', '081399495289', '', '', '', '', '', 0, '', '', '2023-11-19 13:21:42', '', '', '', '', '', '', '', 0, 0, 7, 0, 0, 12, '36762728', '', '', '', '', '', '', '', 0, 0, '', '', '', '2023-11-30 20:06:50', '2023-11-30 20:06:50', '2023-11-30 20:06:50', '2023-11-30 20:06:50', ''),
(1657, 486, 'Neni', '', '081242418651', '', '', '', '', '', 0, '', '', '2023-11-19 13:22:07', '', '', '', '', '', '', '', 0, 0, 7, 0, 0, 12, '86248394', '', '', '', '', '', '', '', 0, 0, '', '', '', '2023-11-30 20:08:03', '2023-11-30 20:08:03', '2023-11-30 20:08:03', '2023-11-30 20:08:03', ''),
(1658, 487, 'Maman', '', '081367633362', '', '', '', '', '', 0, '', '', '2023-11-19 13:22:29', '', '', '', '', '', '', '', 0, 0, 7, 0, 0, 12, '21757596', '', '', '', '', '', '', '', 0, 0, '', '', '', '2023-11-30 20:09:17', '2023-11-30 20:09:17', '2023-11-30 20:09:17', '2023-11-30 20:09:17', ''),
(1659, 488, 'Danang (Owner/Pemilik)', '', '081224790042', '', '', '', '', '', 0, '', '', '2023-11-19 13:22:56', '', '', '', '', '', '', '', 0, 14, 0, 0, 0, 12, '31124293', '', '', '', '', '', '', '', 0, 0, 'tdk tertarik', '', '', '2023-11-30 20:11:01', '2023-11-30 20:11:01', '2023-11-30 20:11:01', '2023-11-30 20:11:01', ''),
(1660, 489, 'Bagindanamora', '', '085277239438', '', '', '', '', '', 0, '', '', '2023-11-19 13:23:29', '', '', '', '', '', '', '', 0, 0, 8, 0, 0, 12, '31771462', '', '', '', '', '', '', '', 0, 0, '', '', '', '2023-11-30 20:13:33', '2023-11-30 20:13:33', '2023-11-30 20:13:33', '2023-11-30 20:13:33', ''),
(1661, 490, 'abd (dipanggil bamali)', '', '085321471204', '', '', '', '', '', 0, '', '', '2023-11-19 13:24:01', '', '', '', '', '', '', '', 0, 0, 7, 0, 0, 12, '73372695', '', '', '', '', '', '', '', 0, 0, '', '', '', '2023-11-30 20:15:02', '2023-11-30 20:15:02', '2023-11-30 20:15:02', '2023-11-30 20:15:02', ''),
(1662, 491, 'Rusdi Gunawan', '', '081231546125', '', '', '', '', '', 0, '', '', '2023-11-19 13:24:34', '', '', '', '', '', '', '', 2, 0, 0, 0, 0, 12, '62432436', '', '', '', '', '', '', '', 0, 0, 'anaknya angkat', '', '', '2023-11-30 20:16:16', '2023-11-30 20:16:16', '2023-11-30 20:16:16', '2023-11-30 20:16:16', ''),
(1663, 492, 'Lukman abadi', '', '087865153535', '', '', '', '', '', 0, '', '', '2023-11-19 13:24:59', '', '', '', '', '', '', '', 2, 0, 0, 0, 0, 12, '18755923', '', '', '', '', '', '', '', 0, 0, 'istrinya yg angkat', '', '', '2023-11-30 20:19:17', '2023-11-30 20:19:17', '2023-11-30 20:19:17', '2023-11-30 20:19:17', ''),
(1664, 493, 'Zakaria', '', '082236033386', '', '', '', '', '', 0, '', '', '2023-11-19 13:25:38', '', '', '', '', '', '', '', 3, 0, 0, 0, 0, 12, '45272364', '', '', '', '', '', '', '', 0, 0, 'tahap greeting', '', '', '2023-11-30 20:21:32', '2023-11-30 20:21:32', '2023-11-30 20:21:32', '2023-11-30 20:21:32', ''),
(1665, 494, 'Sumidi', '', '085647136570', '', '', '', '', '', 0, '', '', '2023-11-19 13:25:58', '', '', '', '', '', '', '', 0, 0, 6, 0, 0, 12, '87819584', '', '', '', '', '', '', '', 0, 0, '', '', '', '2023-11-30 20:35:48', '2023-11-30 20:35:48', '2023-11-30 20:35:48', '2023-11-30 20:35:48', ''),
(1666, 495, 'Abas muhamad', '', '081237721390', '', '', '', '', '', 0, '', '', '2023-11-19 13:26:18', '', '', '', '', '', '', '', 3, 0, 0, 0, 0, 12, '91886889', '', '', '', '', '', '', '', 0, 0, 'tahap greeting', '', '', '2023-11-30 20:36:33', '2023-11-30 20:36:33', '2023-11-30 20:36:33', '2023-11-30 20:36:33', ''),
(1667, 496, 'Dg lawa', '', '082196857610', '', '', '', '', '', 0, '', '', '2023-11-19 13:26:41', '', '', '', '', '', '', '', 0, 0, 7, 0, 0, 12, '81588262', '', '', '', '', '', '', '', 0, 0, '', '', '', '2023-11-30 20:38:31', '2023-11-30 20:38:31', '2023-11-30 20:38:31', '2023-11-30 20:38:31', ''),
(1668, 497, 'Bpk Abdul Rouf (Pak Rouf)', '', '085231418699', '', '', '', '', '', 0, '', '', '2023-11-19 13:27:02', '', '', '', '', '', '', '', 2, 0, 0, 0, 0, 12, '13137724', '', '', '', '', '', '', '', 0, 0, 'istrinya yg angkat', '', '', '2023-11-30 20:41:17', '2023-11-30 20:41:17', '2023-11-30 20:41:17', '2023-11-30 20:41:17', ''),
(1669, 498, 'Zaenudin Ahmad', '', '081326249165', '', '', '', '', '', 0, '', '', '2023-11-19 13:27:35', '', '', '', '', '', '', '', 0, 0, 7, 0, 0, 12, '88442822', '', '', '', '', '', '', '', 0, 0, '', '', '', '2023-11-30 20:45:01', '2023-11-30 20:45:01', '2023-11-30 20:45:01', '2023-11-30 20:45:01', ''),
(1670, 499, 'Romli', '', '082334572332', '', '', '', '', '', 0, '', '', '2023-11-19 13:27:55', '', '', '', '', '', '', '', 0, 0, 7, 0, 0, 12, '51875593', '', '', '', '', '', '', '', 0, 0, '', '', '', '2023-11-30 20:54:08', '2023-11-30 20:54:08', '2023-11-30 20:54:08', '2023-11-30 20:54:08', ''),
(1671, 248, 'ZAKARIAS DHIMA', '', '081255831625', '', '', '', '', '', 0, '', '', '2023-11-11 00:24:49', '', '', '', '', '', '', '', 0, 0, 6, 0, 0, 12, '59482874', '', '', '', '', '', '', '', 0, 0, '', '', '', '2023-11-30 20:55:49', '2023-11-30 20:55:49', '2023-11-30 20:55:49', '2023-11-30 20:55:49', ''),
(1672, 249, 'Ahmad nabil f', '', '081214810804', '', '', '', '', '', 0, '', '', '2023-11-11 00:26:15', '', '', '', '', '', '', '', 0, 0, 7, 0, 0, 12, '39168294', '', '', '', '', '', '', '', 0, 0, '', '', '', '2023-11-30 20:58:20', '2023-11-30 20:58:20', '2023-11-30 20:58:20', '2023-11-30 20:58:20', ''),
(1673, 372, 'okuli', '(Combo)', '082267696362', 'Indonesia', 'Asia/Jakarta', 'Desa Tanjung Mulia Kec Medan Deli ( patokan dr ger', 'Sumatera Utara', 'Medan', 20241, '', '', '2023-11-15 12:51:54', 'Man', '', '37', '148', 'ed ', 'yes', 'yes', 0, 0, 7, 0, 0, 12, '81722956', '', '', 'EPROS', '', '', '3-6days', '1', 890, 890, '', '', '', '2023-11-30 21:00:32', '2023-11-30 21:00:32', '2023-11-30 21:00:32', '2023-11-30 21:00:32', 'COD'),
(1674, 250, 'Sumadi', '', '082177561414', '', '', '', '', '', 0, '', '', '2023-11-11 00:26:43', '', '', '', '', '', '', '', 0, 0, 8, 0, 0, 12, '46277492', '', '', '', '', '', '', '', 0, 0, '', '', '', '2023-11-30 21:10:46', '2023-11-30 21:10:46', '2023-11-30 21:10:46', '2023-11-30 21:10:46', ''),
(1675, 251, 'Agus supriyatna', '', '082181246004', '', '', '', '', '', 0, '', '', '2023-11-11 00:27:11', '', '', '', '', '', '', '', 0, 0, 7, 0, 0, 12, '29544721', '', '', '', '', '', '', '', 0, 0, '', '', '', '2023-11-30 21:11:48', '2023-11-30 21:11:48', '2023-11-30 21:11:48', '2023-11-30 21:11:48', ''),
(1676, 255, 'H. Abd Rahim', '', '082396051525', '', '', '', '', '', 0, '', '', '2023-11-11 00:29:19', '', '', '', '', '', '', '', 0, 0, 7, 0, 0, 12, '72478827', '', '', '', '', '', '', '', 0, 0, '', '', '', '2023-11-30 21:14:02', '2023-11-30 21:14:02', '2023-11-30 21:14:02', '2023-11-30 21:14:02', ''),
(1677, 256, 'Dika', '', '085819093709', '', '', '', '', '', 0, '', '', '2023-11-11 00:29:54', '', '', '', '', '', '', '', 0, 0, 6, 0, 0, 12, '38479225', '', '', '', '', '', '', '', 0, 0, '', '', '', '2023-11-30 21:15:47', '2023-11-30 21:15:47', '2023-11-30 21:15:47', '2023-11-30 21:15:47', ''),
(1678, 257, 'Burhanuddin', '', '085240432953', '', '', '', '', '', 0, '', '', '2023-11-11 00:30:29', '', '', '', '', '', '', '', 0, 0, 6, 0, 0, 12, '23292865', '', '', '', '', '', '', '', 0, 0, '', '', '', '2023-11-30 21:17:16', '2023-11-30 21:17:16', '2023-11-30 21:17:16', '2023-11-30 21:17:16', ''),
(1679, 258, 'Hetty Nababan', '', '081311493677', '', '', '', '', '', 0, '', '', '2023-11-11 00:30:58', '', '', '', '', '', '', '', 2, 0, 0, 0, 0, 12, '32229187', '', '', '', '', '', '', '', 0, 0, 'istrinya yg angkt bpk sdh tdr', '', '', '2023-11-30 21:18:16', '2023-11-30 21:18:16', '2023-11-30 21:18:16', '2023-11-30 21:18:16', ''),
(1680, 259, 'Yanti.', '', '081360666290', '', '', '', '', '', 0, '', '', '2023-11-11 00:31:33', '', '', '', '', '', '', '', 0, 0, 8, 0, 0, 12, '49868889', '', '', '', '', '', '', '', 0, 0, '', '', '', '2023-11-30 21:21:06', '2023-11-30 21:21:06', '2023-11-30 21:21:06', '2023-11-30 21:21:06', ''),
(1681, 261, 'Hasrizal Hasanudin', '', '081310013665', '', '', '', '', '', 0, '', '', '2023-11-11 00:32:57', '', '', '', '', '', '', '', 0, 0, 7, 0, 0, 12, '68549218', '', '', '', '', '', '', '', 0, 0, '', '', '', '2023-11-30 21:21:47', '2023-11-30 21:21:47', '2023-11-30 21:21:47', '2023-11-30 21:21:47', ''),
(1682, 262, 'Samcuan', '', '081345000733', '', '', '', '', '', 0, '', '', '2023-11-11 00:33:25', '', '', '', '', '', '', '', 0, 0, 7, 0, 0, 12, '47738494', '', '', '', '', '', '', '', 0, 0, '', '', '', '2023-11-30 21:25:05', '2023-11-30 21:25:05', '2023-11-30 21:25:05', '2023-11-30 21:25:05', ''),
(1683, 263, 'TRIYANTI HANDAYANI', '', '081236225482', '', '', '', '', '', 0, '', '', '2023-11-11 00:33:47', '', '', '', '', '', '', '', 0, 0, 7, 0, 0, 12, '37773775', '', '', '', '', '', '', '', 0, 0, '', '', '', '2023-11-30 21:27:33', '2023-11-30 21:27:33', '2023-11-30 21:27:33', '2023-11-30 21:27:33', ''),
(1684, 435, 'Fajar kasih hutasoit', '', '082162918576', '', '', '', '', '', 0, '', '', '2023-11-16 10:49:41', '', '', '', '', '', '', '', 2, 0, 0, 0, 0, 13, '75617743', '', '', '', '', '', '', '', 0, 0, 'ini test comment', '', '', '2023-12-01 23:57:20', '2023-12-01 23:57:20', '2023-12-01 23:57:20', '2023-12-01 23:57:20', ''),
(1685, 552, 'Dennywijaya', '', '081321311423', '', '', '', '', '', 0, '', '', '2023-11-29 10:12:14', '', '', '', '', '', '', '', 0, 0, 7, 0, 0, 13, '41684262', '', '', '', '', '', '', '', 0, 0, '', '', '', '2023-12-02 00:02:02', '2023-12-02 00:02:02', '2023-12-02 00:02:02', '2023-12-02 00:02:02', ''),
(1686, 553, 'Zainal arifin', '', '085259970066', '', '', '', '', '', 0, '', '', '2023-11-29 10:12:53', '', '', '', '', '', '', '', 0, 0, 7, 0, 0, 13, '46127352', '', '', '', '', '', '', '', 0, 0, 'test comment3', '', '', '2023-12-02 00:08:09', '2023-12-02 00:08:09', '2023-12-02 00:08:09', '2023-12-02 00:08:09', ''),
(1687, 560, 'Benyamin Rapa', '', '085218573358', '', '', '', '', '', 0, '', '', '2023-11-29 10:17:53', '', '', '', '', '', '', '', 0, 0, 6, 0, 0, 11, '31246674', '', '', '', '', '', '', '', 0, 0, 'na', '', '', '2023-12-02 08:09:59', '2023-12-02 08:09:59', '2023-12-02 08:09:59', '2023-12-02 08:09:59', ''),
(1688, 561, 'Teguh', '', '081229492738', '', '', '', '', '', 0, '', '', '2023-11-29 10:19:29', '', '', '', '', '', '', '', 0, 0, 7, 0, 0, 11, '99344414', '', '', '', '', '', '', '', 0, 0, 'na', '', '', '2023-12-02 08:10:57', '2023-12-02 08:10:57', '2023-12-02 08:10:57', '2023-12-02 08:10:57', ''),
(1689, 562, 'Jonles', '', '081345577486', '', '', '', '', '', 0, '', '', '2023-11-29 10:19:56', '', '', '', '', '', '', '', 0, 0, 7, 0, 0, 11, '63575248', '', '', '', '', '', '', '', 0, 0, 'na', '', '', '2023-12-02 11:20:31', '2023-12-02 11:20:31', '2023-12-02 11:20:31', '2023-12-02 11:20:31', ''),
(1690, 563, 'Kesadaran', '', '081261155356', '', '', '', '', '', 0, '', '', '2023-11-29 10:20:19', '', '', '', '', '', '', '', 0, 0, 7, 0, 0, 11, '65529834', '', '', '', '', '', '', '', 0, 0, 'testttttttttttttttttttttttttttttttttttttttttttttttttttttttttttttttttttttttttttt', '', '', '2023-12-03 15:56:31', '2023-12-03 15:56:31', '2023-12-03 15:56:31', '2023-12-03 15:56:31', '');

-- --------------------------------------------------------

--
-- Struktur dari tabel `level`
--

CREATE TABLE `level` (
  `id_level` int(20) NOT NULL,
  `namalevel` varchar(50) NOT NULL
) ENGINE=InnoDB DEFAULT CHARSET=utf8mb4 COLLATE=utf8mb4_general_ci;

--
-- Dumping data untuk tabel `level`
--

INSERT INTO `level` (`id_level`, `namalevel`) VALUES
(1, 'manager'),
(2, 'leader'),
(3, 'agent');

-- --------------------------------------------------------

--
-- Struktur dari tabel `product`
--

CREATE TABLE `product` (
  `id_product` int(20) NOT NULL,
  `product_name` varchar(50) NOT NULL
) ENGINE=InnoDB DEFAULT CHARSET=utf8mb4 COLLATE=utf8mb4_general_ci;

--
-- Dumping data untuk tabel `product`
--

INSERT INTO `product` (`id_product`, `product_name`) VALUES
(1, 'EPROS'),
(2, 'NANO');

-- --------------------------------------------------------

--
-- Struktur dari tabel `session_logs`
--

CREATE TABLE `session_logs` (
  `id_agent` int(20) DEFAULT NULL,
  `session_durationlog` varchar(50) DEFAULT NULL,
  `tgl_login` date DEFAULT NULL,
  `id_statuse` int(20) NOT NULL,
  `breaktime` varchar(50) NOT NULL
) ENGINE=InnoDB DEFAULT CHARSET=utf8mb4 COLLATE=utf8mb4_general_ci;

-- --------------------------------------------------------

--
-- Struktur dari tabel `stat_agent`
--

CREATE TABLE `stat_agent` (
  `id_agent` int(20) NOT NULL,
  `tgl_login` varchar(100) DEFAULT NULL,
  `session_duration` varchar(50) DEFAULT NULL,
  `day_duration` varchar(100) NOT NULL,
  `id_statuse` int(20) NOT NULL,
  `username_agent` varchar(50) NOT NULL,
  `office_name` varchar(50) NOT NULL,
  `approved_order` int(20) NOT NULL,
  `combo` int(100) NOT NULL,
  `total_attempth` varchar(100) NOT NULL,
  `average_check` varchar(100) NOT NULL,
  `spare_time` varchar(100) NOT NULL,
  `callculation_approval` varchar(100) NOT NULL,
  `approved_amount` varchar(100) NOT NULL,
  `bank_payment` varchar(100) NOT NULL
) ENGINE=InnoDB DEFAULT CHARSET=utf8mb4 COLLATE=utf8mb4_general_ci;

--
-- Dumping data untuk tabel `stat_agent`
--

INSERT INTO `stat_agent` (`id_agent`, `tgl_login`, `session_duration`, `day_duration`, `id_statuse`, `username_agent`, `office_name`, `approved_order`, `combo`, `total_attempth`, `average_check`, `spare_time`, `callculation_approval`, `approved_amount`, `bank_payment`) VALUES
(3, '2023-12-02', '10:01:51', '01:01:08', 9, 'aa01888', 'Jakarta', 10, 0, '0', '0', '', '', '', '0'),
(4, '2023-11-28', '09:28:58', '03:46:17', 9, 'aa02888', 'Jakarta', 5, 0, '0', '0', '', '', '', ''),
(9, '2023-11-28', '00:05:14', '00:00:00', 9, 'aa03888', 'Jakarta', 0, 0, '0', '', '', '', '', ''),
(10, '2023-11-28', '00:00:00', '03:48:13', 9, 'aa01001', 'Jakarta', 0, 0, '0', '', '', '', '', ''),
(11, '2023-12-04', '07:52:45', '00:01:04', 9, 'aa01278', 'Jakarta', 2, 0, '33', '0', '01:12:44', '', '', '0'),
(12, '2023-11-30', '07:49:14', '03:26:14', 9, 'aa01002', 'Jakarta', 1, 0, '380', '0', '', '', '', ''),
(13, '2023-12-01', '00:01:31', '08:41:46', 9, 'debug', 'Jakarta', 2, 0, '4', '0', '', '100.00%', '', ''),
(14, '0000-00-00', '00:00:00', '', 9, 'aa01003', 'Jakarta', 0, 0, '', '', '', '', '', '');

-- --------------------------------------------------------

--
-- Struktur dari tabel `tb_agent`
--

CREATE TABLE `tb_agent` (
  `id_agent` int(20) NOT NULL,
  `nama_op` varchar(50) NOT NULL,
  `username` varchar(50) NOT NULL,
  `password` varchar(61) NOT NULL,
  `email_op` varchar(30) NOT NULL,
  `alamat_op` text NOT NULL,
  `phone_op` int(15) NOT NULL,
  `id_statuse` int(20) DEFAULT NULL,
  `id_level` int(20) DEFAULT NULL
) ENGINE=InnoDB DEFAULT CHARSET=utf8mb4 COLLATE=utf8mb4_general_ci;

--
-- Dumping data untuk tabel `tb_agent`
--

INSERT INTO `tb_agent` (`id_agent`, `nama_op`, `username`, `password`, `email_op`, `alamat_op`, `phone_op`, `id_statuse`, `id_level`) VALUES
(3, '', 'aa01888', '$2y$10$PnZTiSWWkf5vxcrtI8jk.umxNCajTX9SFfYvEKyuXZg2E609gbnNC', '', '', 0, 4, 3),
(4, '', 'aa02888', '$2y$10$rP8PaKHmkq0EInKIPjZXGesJjrcsc49Tha4ZZbYkwTKuvkj.cW6c.', '', '', 0, 9, 3),
(9, '', 'aa03888', '$2y$10$2g31uY9efbVQSimpYGpCr.FNdlsPma912Kkjbx.2JJKXAHuDs5LRu', '', '', 0, 9, 3),
(10, '', 'aa01001', '$2y$10$2UPkRhDt5wn51ksFfganDuesBJWIsQ2stM.trARy0vwvIhHRJidN6', '', '', 0, 9, 3),
(11, '', 'aa01278', '$2y$10$CUmjTpz7IG1bSPzPzsDYReETyL7tseRLi0DO/r8XRsqw8ndbEZ5oG', '', '', 0, 9, 3),
(12, '', 'aa01002', '$2y$10$Ww3765PhBNHGEaEMB.KezulKNDJRU/iI51Tf9hkFry/Uk1CQVoXWe', '', '', 0, 9, 3),
(13, '', 'debug', '$2y$10$bqsOSpY370.cUpXFkPFaUewFUkSnKQq9MAGO2lBFHOX/U.7C86bN.', '', '', 0, 9, 3),
(14, '', 'aa01003', '$2y$10$syvvp20MBrM9DmD6r2o.DutrCY7eXCD2psp1HAP38t/y3PJGblW9i', '', '', 0, 9, 3);

-- --------------------------------------------------------

--
-- Struktur dari tabel `tb_callback`
--

CREATE TABLE `tb_callback` (
  `id_status` int(20) NOT NULL,
  `status` varchar(60) DEFAULT NULL
) ENGINE=InnoDB DEFAULT CHARSET=utf8mb4 COLLATE=utf8mb4_general_ci;

--
-- Dumping data untuk tabel `tb_callback`
--

INSERT INTO `tb_callback` (`id_status`, `status`) VALUES
(0, NULL),
(1, 'BAD_QUALITY'),
(2, 'CLIENT_BUSY'),
(3, 'CUT_THELINE'),
(4, 'RECONFIRM');

-- --------------------------------------------------------

--
-- Struktur dari tabel `tb_customer`
--

CREATE TABLE `tb_customer` (
  `number` int(20) NOT NULL,
  `id_customer` int(20) NOT NULL,
  `first_name` varchar(100) NOT NULL,
  `last_name` varchar(100) NOT NULL,
  `phone` varchar(20) NOT NULL,
  `country` varchar(30) NOT NULL,
  `timezone` varchar(50) NOT NULL,
  `addrest_list` varchar(500) DEFAULT NULL,
  `state` varchar(30) NOT NULL,
  `city` varchar(30) NOT NULL,
  `zip` varchar(20) DEFAULT NULL,
  `shipper` varchar(50) NOT NULL,
  `note` varchar(50) NOT NULL,
  `order_date` varchar(100) NOT NULL,
  `gender` varchar(50) NOT NULL,
  `email` varchar(50) NOT NULL,
  `age` varchar(20) NOT NULL,
  `height` varchar(11) NOT NULL,
  `Chronic_disease` varchar(50) NOT NULL,
  `married` varchar(30) DEFAULT NULL,
  `children` varchar(30) DEFAULT NULL,
  `id_status` int(20) NOT NULL,
  `id_statusb` int(20) NOT NULL,
  `id_statusc` int(20) NOT NULL,
  `id_statusd` int(20) NOT NULL,
  `id_statusf` int(20) NOT NULL,
  `id_agent` int(20) DEFAULT NULL,
  `order_id` varchar(50) NOT NULL,
  `delivery_comment` varchar(200) NOT NULL,
  `promo` varchar(50) NOT NULL,
  `nama_product` varchar(50) NOT NULL,
  `description` varchar(50) NOT NULL,
  `package` varchar(30) NOT NULL,
  `shipment_type` varchar(50) NOT NULL,
  `amount` varchar(50) NOT NULL,
  `price` int(30) NOT NULL,
  `total` int(30) NOT NULL,
  `operator_comment` varchar(500) NOT NULL,
  `operator_comment3` varchar(50) NOT NULL,
  `operator_comment4` varchar(50) NOT NULL,
  `date_comment` varchar(100) NOT NULL,
  `date_comment2` datetime NOT NULL,
  `date_comment3` datetime NOT NULL,
  `date_comment4` datetime NOT NULL,
  `bank_payment` varchar(50) DEFAULT NULL
) ENGINE=InnoDB DEFAULT CHARSET=utf8mb4 COLLATE=utf8mb4_general_ci;

--
-- Dumping data untuk tabel `tb_customer`
--

INSERT INTO `tb_customer` (`number`, `id_customer`, `first_name`, `last_name`, `phone`, `country`, `timezone`, `addrest_list`, `state`, `city`, `zip`, `shipper`, `note`, `order_date`, `gender`, `email`, `age`, `height`, `Chronic_disease`, `married`, `children`, `id_status`, `id_statusb`, `id_statusc`, `id_statusd`, `id_statusf`, `id_agent`, `order_id`, `delivery_comment`, `promo`, `nama_product`, `description`, `package`, `shipment_type`, `amount`, `price`, `total`, `operator_comment`, `operator_comment3`, `operator_comment4`, `date_comment`, `date_comment2`, `date_comment3`, `date_comment4`, `bank_payment`) VALUES
(1366, 119, 'Rudy Kahar', '', '081310627441', '', '', '', '', '', '0', '', '', '2023-10-11 09:08:25', '', '', '', '', '', '', '', 1, 12, 6, 0, 19, 9, '31266849', '', '', '', '', '', '', '', 0, 0, '', '', '', '2023-11-11 17:58:26', '0000-00-00 00:00:00', '0000-00-00 00:00:00', '0000-00-00 00:00:00', ''),
(1367, 121, 'Hendrik ULAEN', '', '081284588479', '', '', '', '', '', '0', '', '', '2023-10-11 09:10:36', '', '', '', '', '', '', '', 3, 13, 0, 0, 19, 10, '33258746', '', '', '', '', '', '', '', 0, 0, '', '', '', '2023-10-30 23:48:57', '0000-00-00 00:00:00', '0000-00-00 00:00:00', '0000-00-00 00:00:00', ''),
(1655, 137, 'rosmiati', '', '081368232223', '', '', '', '', '', '0', '', '', '2023-11-07 18:41:09', '', '', '', '', '', '', '', 0, 0, 7, 0, 19, 3, '19358574', '', 'prm_spesial1190', 'EPROS', '', '', '', '', 0, 0, '', '', '', '2023-11-12 13:35:34', '0000-00-00 00:00:00', '0000-00-00 00:00:00', '0000-00-00 00:00:00', ''),
(1786, 264, 'Kamu Jani', '', '081351185711', '', '', '', '', '', '0', '', '', '2023-11-11 00:34:23', '', '', '', '', '', '', '', 3, 0, 6, 0, 19, 12, '17117761', '', '', '', '', '', '', '', 0, 0, 'tahap greeting', '', '', '2023-11-20 21:05:51', '0000-00-00 00:00:00', '0000-00-00 00:00:00', '0000-00-00 00:00:00', ''),
(1789, 554, 'Irhami', '', '085233671118', '', '', NULL, '', '', '0', '', '', '2023-11-29 10:13:29', '', '', '', '', '', NULL, NULL, 0, 0, 0, 0, 19, 13, '51389651', '', '', '', '', '', '', '', 0, 0, '', '', '', '', '0000-00-00 00:00:00', '0000-00-00 00:00:00', '0000-00-00 00:00:00', '');

-- --------------------------------------------------------

--
-- Struktur dari tabel `tb_delivery`
--

CREATE TABLE `tb_delivery` (
  `id_customer` int(20) NOT NULL,
  `first_name` varchar(100) NOT NULL,
  `last_name` varchar(100) NOT NULL,
  `phone` varchar(20) NOT NULL,
  `country` varchar(30) NOT NULL,
  `timezone` varchar(50) NOT NULL,
  `addrest_list` varchar(500) NOT NULL,
  `state` varchar(30) NOT NULL,
  `city` varchar(30) NOT NULL,
  `zip` int(20) NOT NULL,
  `shipper` varchar(50) NOT NULL,
  `note` varchar(50) NOT NULL,
  `order_date` varchar(100) NOT NULL,
  `gender` varchar(50) NOT NULL,
  `email` varchar(50) NOT NULL,
  `age` varchar(20) NOT NULL,
  `height` varchar(11) NOT NULL,
  `Chronic_disease` varchar(50) NOT NULL,
  `married` varchar(30) DEFAULT NULL,
  `children` varchar(30) DEFAULT NULL,
  `id_status` int(20) NOT NULL,
  `id_statusb` int(20) NOT NULL,
  `id_statusc` int(20) NOT NULL,
  `id_statusd` int(20) NOT NULL,
  `id_statusf` int(20) NOT NULL,
  `id_agent` int(20) DEFAULT NULL,
  `order_id` varchar(50) NOT NULL,
  `operator_comment2` varchar(50) NOT NULL,
  `promo` varchar(50) NOT NULL,
  `nama_product` varchar(50) NOT NULL,
  `description` varchar(50) NOT NULL,
  `package` varchar(30) NOT NULL,
  `shipment_type` varchar(50) NOT NULL,
  `amount` varchar(50) NOT NULL,
  `price` int(30) NOT NULL,
  `total` int(30) NOT NULL,
  `operator_comment` varchar(500) NOT NULL,
  `operator_comment3` varchar(50) NOT NULL,
  `operator_comment4` varchar(50) NOT NULL,
  `date_comment` varchar(100) NOT NULL,
  `date_comment2` datetime NOT NULL,
  `date_comment3` datetime NOT NULL,
  `date_comment4` datetime NOT NULL,
  `bank_payment` varchar(50) NOT NULL,
  `delivery_comment` varchar(200) NOT NULL
) ENGINE=InnoDB DEFAULT CHARSET=utf8mb4 COLLATE=utf8mb4_general_ci;

-- --------------------------------------------------------

--
-- Struktur dari tabel `tb_disclaimer`
--

CREATE TABLE `tb_disclaimer` (
  `id_statusb` int(20) NOT NULL,
  `statusb` varchar(60) NOT NULL
) ENGINE=InnoDB DEFAULT CHARSET=utf8mb4 COLLATE=utf8mb4_general_ci;

--
-- Dumping data untuk tabel `tb_disclaimer`
--

INSERT INTO `tb_disclaimer` (`id_statusb`, `statusb`) VALUES
(0, ''),
(9, 'EXPENSIVE'),
(10, 'WANT_TO_CONSULT'),
(11, 'NO_DELIVERY'),
(12, 'NOT_18_YEAR_OLD'),
(13, 'HEALT_ISSUES'),
(14, 'CAN_NOT_SELL');

-- --------------------------------------------------------

--
-- Struktur dari tabel `tb_handling`
--

CREATE TABLE `tb_handling` (
  `id_customer` int(20) NOT NULL,
  `first_name` varchar(100) NOT NULL,
  `last_name` varchar(100) NOT NULL,
  `phone` varchar(20) NOT NULL,
  `country` varchar(30) NOT NULL,
  `timezone` varchar(50) NOT NULL,
  `addrest_list` varchar(500) DEFAULT NULL,
  `state` varchar(30) NOT NULL,
  `city` varchar(30) NOT NULL,
  `zip` int(20) NOT NULL,
  `shipper` varchar(50) NOT NULL,
  `note` varchar(50) NOT NULL,
  `order_date` varchar(100) NOT NULL,
  `gender` varchar(50) NOT NULL,
  `email` varchar(50) NOT NULL,
  `age` varchar(20) NOT NULL,
  `height` varchar(11) NOT NULL,
  `Chronic_disease` varchar(50) NOT NULL,
  `married` varchar(30) DEFAULT NULL,
  `children` varchar(30) DEFAULT NULL,
  `id_status` int(20) NOT NULL,
  `id_statusb` int(20) NOT NULL,
  `id_statusc` int(20) NOT NULL,
  `id_statusd` int(20) NOT NULL,
  `id_statusf` int(20) NOT NULL,
  `id_agent` int(20) DEFAULT NULL,
  `order_id` varchar(50) NOT NULL,
  `delivery_comment` varchar(200) NOT NULL,
  `promo` varchar(50) NOT NULL,
  `nama_product` varchar(50) NOT NULL,
  `description` varchar(50) NOT NULL,
  `package` varchar(30) NOT NULL,
  `shipment_type` varchar(50) NOT NULL,
  `amount` varchar(50) NOT NULL,
  `price` int(30) NOT NULL,
  `total` int(30) NOT NULL,
  `operator_comment` varchar(500) NOT NULL,
  `operator_comment3` varchar(50) NOT NULL,
  `operator_comment4` varchar(50) NOT NULL,
  `date_comment` varchar(100) NOT NULL,
  `date_comment2` datetime NOT NULL,
  `date_comment3` datetime NOT NULL,
  `date_comment4` datetime NOT NULL,
  `bank_payment` varchar(50) NOT NULL
) ENGINE=InnoDB DEFAULT CHARSET=utf8mb4 COLLATE=utf8mb4_general_ci;

--
-- Dumping data untuk tabel `tb_handling`
--

INSERT INTO `tb_handling` (`id_customer`, `first_name`, `last_name`, `phone`, `country`, `timezone`, `addrest_list`, `state`, `city`, `zip`, `shipper`, `note`, `order_date`, `gender`, `email`, `age`, `height`, `Chronic_disease`, `married`, `children`, `id_status`, `id_statusb`, `id_statusc`, `id_statusd`, `id_statusf`, `id_agent`, `order_id`, `delivery_comment`, `promo`, `nama_product`, `description`, `package`, `shipment_type`, `amount`, `price`, `total`, `operator_comment`, `operator_comment3`, `operator_comment4`, `date_comment`, `date_comment2`, `date_comment3`, `date_comment4`, `bank_payment`) VALUES
(113, 'ibeng (pak tyo)', '-', '081226150312', 'Indonesia', 'Asia/Jakarta', 'jalan margonda raya no 112 blok 13', 'Jawa Timur', 'Blitar', 12000, '', 'minta cepat dikirim sudah kritiss...', '2023-10-11 08:58:03', '', '', '78', '192', 'Batuk kejang muntah2', 'yes', 'yes', 0, 0, 0, 15, 0, 12, '42145479', '', '', 'Obat', '', '', '', '1', 1190, 1190, 'test', '', '', '2023-11-24 21:45:48', '0000-00-00 00:00:00', '0000-00-00 00:00:00', '0000-00-00 00:00:00', ''),
(134, 'Yasmin', '', '082247497233', '', '', '', '', '', 0, '', '', '2023-11-07 18:39:08', '', '', '', '', '', '', '', 0, 0, 6, 0, 0, 12, '41375985', '', 'prm_spesial1190', 'EPROS', '', '', '', '', 0, 0, '', '', '', '2023-11-28 19:47:58', '0000-00-00 00:00:00', '0000-00-00 00:00:00', '0000-00-00 00:00:00', ''),
(136, 'Rusdianto', '', '081348949290', '', '', '', '', '', 0, '', '', '2023-11-07 18:40:32', '', '', '', '', '', '', '', 0, 0, 6, 0, 0, 12, '89386674', '', 'prm_spesial1190', 'EPROS', '', '', '', '', 0, 0, '', '', '', '2023-11-28 21:20:26', '0000-00-00 00:00:00', '0000-00-00 00:00:00', '0000-00-00 00:00:00', ''),
(139, 'Muhamad Sairudin', '', '082294908210', '', '', '', '', '', 0, '', '', '2023-11-07 18:42:30', '', '', '', '', '', '', '', 0, 0, 6, 0, 0, 12, '85468186', '', 'prm_spesial1190', 'EPROS', '', '', '', '', 0, 0, '', '', '', '2023-11-28 21:06:15', '0000-00-00 00:00:00', '0000-00-00 00:00:00', '0000-00-00 00:00:00', ''),
(140, 'Asta', '', '085863774239', '', '', '', '', '', 0, '', '', '2023-11-07 18:43:17', '', '', '', '', '', '', '', 0, 0, 7, 0, 0, 12, '95524139', '', 'prm_spesial1190', 'EPROS', '', '', '', '', 0, 0, '', '', '', '2023-11-28 21:06:42', '0000-00-00 00:00:00', '0000-00-00 00:00:00', '0000-00-00 00:00:00', ''),
(142, 'asmar simarmata', '', '082267978588', '', '', '', '', '', 0, '', '', '2023-11-07 18:49:28', '', '', '', '', '', '', '', 3, 0, 0, 0, 0, 12, '82579483', '', 'prm_spesial1190', 'EPROS', '', '', '', '', 0, 0, 'tahap greeting', '', '', '2023-11-28 21:08:59', '0000-00-00 00:00:00', '0000-00-00 00:00:00', '0000-00-00 00:00:00', ''),
(144, 'aditya wardana', '', '082170754455', '', '', '', '', '', 0, '', '', '2023-11-07 18:51:12', '', '', '', '', '', '', '', 0, 0, 6, 0, 0, 12, '46694283', '', 'prm_spesial1190', 'EPROS', '', '', '', '', 0, 0, '', '', '', '2023-11-28 21:10:49', '0000-00-00 00:00:00', '0000-00-00 00:00:00', '0000-00-00 00:00:00', ''),
(145, 'Jidan', '', '085750259701', '', '', '', '', '', 0, '', '', '2023-11-07 18:51:41', '', '', '', '', '', '', '', 0, 0, 6, 0, 0, 12, '43768244', '', 'prm_spesial1190', 'EPROS', '', '', '', '', 0, 0, '', '', '', '2023-11-28 21:11:32', '0000-00-00 00:00:00', '0000-00-00 00:00:00', '0000-00-00 00:00:00', ''),
(146, 'Santos', '', '081347362744', '', '', '', '', '', 0, '', '', '2023-11-07 18:52:12', '', '', '', '', '', '', '', 0, 0, 6, 0, 0, 12, '27852842', '', 'prm_spesial1190', 'EPROS', '', '', '', '', 0, 0, '', '', '', '2023-11-28 21:12:02', '0000-00-00 00:00:00', '0000-00-00 00:00:00', '0000-00-00 00:00:00', ''),
(148, 'M.Hanfiah yusuf', '', '082361693597', '', '', '', '', '', 0, '', '', '2023-11-07 18:53:37', '', '', '', '', '', '', '', 0, 0, 7, 0, 0, 12, '19658524', '', 'prm_spesial1190', 'EPROS', '', '', '', '', 0, 0, '', '', '', '2023-11-27 21:38:17', '0000-00-00 00:00:00', '0000-00-00 00:00:00', '0000-00-00 00:00:00', ''),
(149, 'jamal', '', '087816231832', '', '', '', '', '', 0, '', '', '2023-11-07 18:54:06', '', '', '', '', '', '', '', 0, 0, 6, 0, 0, 12, '42692882', '', 'prm_spesial1190', 'EPROS', '', '', '', '', 0, 0, '', '', '', '2023-11-28 18:13:37', '0000-00-00 00:00:00', '0000-00-00 00:00:00', '0000-00-00 00:00:00', ''),
(151, 'yanto', '', '085710447097', '', '', '', '', '', 0, '', '', '2023-11-07 18:55:17', '', '', '', '', '', '', '', 0, 0, 6, 0, 0, 12, '79635568', '', 'prm_spesial1190', 'EPROS', '', '', '', '', 0, 0, '', '', '', '2023-11-28 21:18:42', '0000-00-00 00:00:00', '0000-00-00 00:00:00', '0000-00-00 00:00:00', ''),
(152, 'farel', '', '085773793799', '', '', '', '', '', 0, '', '', '2023-11-07 18:55:57', '', '', '', '', '', '', '', 0, 0, 6, 0, 0, 12, '81781916', '', 'prm_spesial1190', 'EPROS', '', '', '', '', 0, 0, '', '', '', '2023-11-28 21:17:57', '0000-00-00 00:00:00', '0000-00-00 00:00:00', '0000-00-00 00:00:00', ''),
(153, 'Siska', '', '082196556576', '', '', '', '', '', 0, '', '', '2023-11-07 18:56:46', '', '', '', '', '', '', '', 0, 0, 6, 0, 0, 12, '96715188', '', 'prm_spesial1190', 'EPROS', '', '', '', '', 0, 0, '', '', '', '2023-11-28 21:16:43', '0000-00-00 00:00:00', '0000-00-00 00:00:00', '0000-00-00 00:00:00', ''),
(155, 'Nilam', '', '0883833145181', '', '', '', '', '', 0, '', '', '2023-11-07 18:57:45', '', '', '', '', '', '', '', 0, 0, 6, 0, 0, 12, '69298746', '', 'prm_spesial1190', 'EPROS', '', '', '', '', 0, 0, '', '', '', '2023-11-28 21:17:15', '0000-00-00 00:00:00', '0000-00-00 00:00:00', '0000-00-00 00:00:00', ''),
(157, 'Dzakwan', '', '082283913556', '', '', '', '', '', 0, '', '', '2023-11-07 18:58:58', '', '', '', '', '', '', '', 0, 0, 6, 0, 0, 12, '31393741', '', 'prm_spesial1190', 'EPROS', '', '', '', '', 0, 0, '', '', '', '2023-11-28 21:21:44', '0000-00-00 00:00:00', '0000-00-00 00:00:00', '0000-00-00 00:00:00', ''),
(158, 'wesko', '', '082187317067', '', '', '', '', '', 0, '', '', '2023-11-07 18:59:29', '', '', '', '', '', '', '', 0, 0, 6, 0, 0, 12, '27467759', '', 'prm_spesial1190', 'EPROS', '', '', '', '', 0, 0, '', '', '', '2023-11-28 18:15:13', '0000-00-00 00:00:00', '0000-00-00 00:00:00', '0000-00-00 00:00:00', ''),
(161, 'Wendi', '', '083833805033', '', '', '', '', '', 0, '', '', '2023-11-07 19:01:05', '', '', '', '', '', '', '', 0, 0, 6, 0, 0, 12, '34943666', '', 'prm_spesial1190', 'EPROS', '', '', '', '', 0, 0, '', '', '', '2023-11-28 20:21:29', '0000-00-00 00:00:00', '0000-00-00 00:00:00', '0000-00-00 00:00:00', ''),
(162, 'Midi Ramidi', '', '081325012159', '', '', '', '', '', 0, '', '', '2023-11-07 19:01:27', '', '', '', '', '', '', '', 0, 0, 6, 0, 0, 12, '58412711', '', 'prm_spesial1190', 'EPROS', '', '', '', '', 0, 0, '', '', '', '2023-11-28 20:22:57', '0000-00-00 00:00:00', '0000-00-00 00:00:00', '0000-00-00 00:00:00', ''),
(163, 'Yanto', '', '087877330457', '', '', '', '', '', 0, '', '', '2023-11-07 20:56:23', '', '', '', '', '', '', '', 0, 0, 6, 0, 0, 12, '63187659', '', 'prm_spesial1190', 'EPROS', '', '', '', '', 0, 0, '', '', '', '2023-11-28 20:23:42', '0000-00-00 00:00:00', '0000-00-00 00:00:00', '0000-00-00 00:00:00', ''),
(166, 'Bp Simanjutak', '', '088210412363', '', '', '', '', '', 0, '', '', '2023-11-07 20:57:39', '', '', '', '', '', '', '', 0, 0, 6, 0, 0, 12, '26323268', '', 'prm_spesial1190', 'EPROS', '', '', '', '', 0, 0, '', '', '', '2023-11-28 20:42:42', '0000-00-00 00:00:00', '0000-00-00 00:00:00', '0000-00-00 00:00:00', ''),
(168, 'H. Jaenudin', '', '081384131413', '', '', '', '', '', 0, '', '', '2023-11-07 20:58:25', '', '', '', '', '', '', '', 0, 0, 7, 0, 0, 12, '14138595', '', 'prm_spesial1190', 'EPROS', '', '', '', '', 0, 0, '', '', '', '2023-11-28 20:37:42', '0000-00-00 00:00:00', '0000-00-00 00:00:00', '0000-00-00 00:00:00', ''),
(169, 'Guntur R', '', '088802192367', '', '', '', '', '', 0, '', '', '2023-11-07 20:58:53', '', '', '', '', '', '', '', 0, 0, 7, 0, 19, 11, '82674499', '', 'prm_spesial1190', 'EPROS', '', '', '', '', 0, 0, '', '', '', '2023-11-13 15:54:25', '0000-00-00 00:00:00', '0000-00-00 00:00:00', '0000-00-00 00:00:00', ''),
(170, 'Asep Muas', '', '081546431336', '', '', '', '', '', 0, '', '', '2023-11-07 20:59:18', '', '', '', '', '', '', '', 0, 0, 6, 0, 0, 12, '25793975', '', 'prm_spesial1190', 'EPROS', '', '', '', '', 0, 0, '', '', '', '2023-11-28 20:39:12', '0000-00-00 00:00:00', '0000-00-00 00:00:00', '0000-00-00 00:00:00', ''),
(171, 'Syafruddin', '', '085399134129', '', '', '', '', '', 0, '', '', '2023-11-07 20:59:57', '', '', '', '', '', '', '', 0, 0, 6, 0, 0, 12, '41251957', '', 'prm_spesial1190', 'EPROS', '', '', '', '', 0, 0, '', '', '', '2023-11-28 20:39:41', '0000-00-00 00:00:00', '0000-00-00 00:00:00', '0000-00-00 00:00:00', ''),
(172, 'Satuman', '', '083801204990', '', '', '', '', '', 0, '', '', '2023-11-07 21:00:21', '', '', '', '', '', '', '', 3, 0, 0, 0, 0, 12, '78263349', '', 'prm_spesial1190', 'EPROS', '', '', '', '', 0, 0, 'tahap greeting', '', '', '2023-11-28 19:50:41', '0000-00-00 00:00:00', '0000-00-00 00:00:00', '0000-00-00 00:00:00', ''),
(173, 'Musirin', '', '081370985984', '', '', '', '', '', 0, '', '', '2023-11-07 21:00:53', '', '', '', '', '', '', '', 2, 0, 0, 0, 0, 12, '38181868', '', 'prm_spesial1190', 'EPROS', '', '', '', '', 0, 0, 'lgi ada acara', '', '', '2023-11-28 21:12:32', '0000-00-00 00:00:00', '0000-00-00 00:00:00', '0000-00-00 00:00:00', ''),
(174, 'Fatwan', '', '081258381001', '', '', '', '', '', 0, '', '', '2023-11-07 21:01:14', '', '', '', '', '', '', '', 0, 0, 7, 0, 0, 12, '31574396', '', 'prm_spesial1190', 'EPROS', '', '', '', '', 0, 0, '', '', '', '2023-11-28 21:19:11', '0000-00-00 00:00:00', '0000-00-00 00:00:00', '0000-00-00 00:00:00', ''),
(175, 'Itsyad (biki)', '', '082310072286', '', '', '', '', '', 0, '', '', '2023-11-08 11:32:59', '', '', '', '', '', '', '', 0, 0, 6, 0, 0, 12, '69179663', '', 'prm_spesial1190', 'EPROS', '', '', '', '', 0, 0, '', '', '', '2023-11-28 20:25:12', '0000-00-00 00:00:00', '0000-00-00 00:00:00', '0000-00-00 00:00:00', ''),
(176, 'Rizky pambudhi', '', '085963152529', '', '', '', '', '', 0, '', '', '2023-11-08 11:34:17', '', '', '', '', '', '', '', 3, 0, 0, 0, 0, 12, '26788628', '', 'prm_spesial1190', 'EPROS', '', '', '', '', 0, 0, 'tahap greeting', '', '', '2023-11-28 20:25:57', '0000-00-00 00:00:00', '0000-00-00 00:00:00', '0000-00-00 00:00:00', ''),
(177, 'Paijan (Mantan kades', 'test', '082154574416', 'Indonesia', 'Asia/Jakarta', '', '', '', 0, '', '', '2023-11-08 11:34:50', '', '', '', '', '', 'yes', 'yes', 0, 0, 0, 0, 18, 13, '21536365', '', '', 'EPROS', '', '', '', '', 0, 0, '', '', '', '2023-11-24 21:10:56', '2023-11-24 21:10:56', '0000-00-00 00:00:00', '0000-00-00 00:00:00', ''),
(178, 'slamat riyadi', '', '081251622070', '', '', '', '', '', 0, '', '', '2023-11-08 11:35:21', '', '', '', '', '', '', '', 0, 0, 8, 0, 0, 12, '44966981', '', 'prm_spesial1190', 'EPROS', '', '', '', '', 0, 0, '', '', '', '2023-11-28 21:03:57', '0000-00-00 00:00:00', '0000-00-00 00:00:00', '0000-00-00 00:00:00', ''),
(180, 'Zakiyah', '', '085336483454', '', '', '', '', '', 0, '', '', '2023-11-08 11:36:16', '', '', '', '', '', '', '', 0, 0, 6, 0, 0, 12, '34176343', '', 'prm_spesial1190', 'EPROS', '', '', '', '', 0, 0, '', '', '', '2023-11-28 20:53:02', '0000-00-00 00:00:00', '0000-00-00 00:00:00', '0000-00-00 00:00:00', ''),
(181, 'mahyudin', '', '081381410263', '', '', '', '', '', 0, '', '', '2023-11-08 11:36:54', '', '', '', '', '', '', '', 0, 0, 6, 0, 0, 12, '12947272', '', 'prm_spesial1190', 'EPROS', '', '', '', '', 0, 0, '', '', '', '2023-11-28 20:53:44', '0000-00-00 00:00:00', '0000-00-00 00:00:00', '0000-00-00 00:00:00', ''),
(182, 'Dedi (toko bangunan ', '', '085366691319', '', '', '', '', '', 0, '', '', '2023-11-08 11:37:13', '', '', '', '', '', '', '', 0, 11, 0, 0, 19, 13, '24436843', '', '', '', '', '', '', '', 0, 0, '', '', '', '2023-11-14 13:56:37', '0000-00-00 00:00:00', '0000-00-00 00:00:00', '0000-00-00 00:00:00', ''),
(183, 'R. Arya', '', '085248366089', '', '', '', '', '', 0, '', '', '2023-11-08 11:38:01', '', '', '', '', '', '', '', 0, 0, 8, 0, 0, 12, '47274464', '', 'prm_spesial1190', 'EPROS', '', '', '', '', 0, 0, '', '', '', '2023-11-28 20:28:42', '0000-00-00 00:00:00', '0000-00-00 00:00:00', '0000-00-00 00:00:00', ''),
(184, 'Dani', '', '082162500049', '', '', '', '', '', 0, '', '', '2023-11-08 11:38:26', '', '', '', '', '', '', '', 0, 0, 6, 0, 0, 12, '26338758', '', 'prm_spesial1190', 'EPROS', '', '', '', '', 0, 0, '', '', '', '2023-11-28 20:29:28', '0000-00-00 00:00:00', '0000-00-00 00:00:00', '0000-00-00 00:00:00', ''),
(185, 'Rudy Lody', '', '085340727304', '', '', '', '', '', 0, '', '', '2023-11-08 11:38:48', '', '', '', '', '', '', '', 0, 0, 6, 0, 0, 12, '23481281', '', 'prm_spesial1190', 'EPROS', '', '', '', '', 0, 0, '', '', '', '2023-11-28 20:30:01', '0000-00-00 00:00:00', '0000-00-00 00:00:00', '0000-00-00 00:00:00', ''),
(186, 'Damen', '', '085215071257', '', '', '', '', '', 0, '', '', '2023-11-08 11:39:39', '', '', '', '', '', '', '', 0, 0, 6, 0, 19, 11, '66676684', '', 'prm_spesial1190', 'EPROS', '', '', '', '', 0, 0, '', '', '', '2023-11-13 15:58:27', '0000-00-00 00:00:00', '0000-00-00 00:00:00', '0000-00-00 00:00:00', ''),
(187, 'Satriyono', '', '081349612436', '', '', '', '', '', 0, '', '', '2023-11-08 11:40:10', '', '', '', '', '', '', '', 0, 0, 7, 0, 0, 11, '42178294', '', 'prm_spesial1190', 'EPROS', '', '', '', '', 0, 0, '', '', '', '2023-11-26 21:24:46', '0000-00-00 00:00:00', '0000-00-00 00:00:00', '0000-00-00 00:00:00', ''),
(188, 'Listiawan Hartoyo', '', '082136066464', '', '', '', '', '', 0, '', '', '2023-11-08 11:40:37', '', '', '', '', '', '', '', 0, 0, 6, 0, 0, 12, '24237694', '', 'prm_spesial1190', 'EPROS', '', '', '', '', 0, 0, '', '', '', '2023-11-28 21:04:29', '0000-00-00 00:00:00', '0000-00-00 00:00:00', '0000-00-00 00:00:00', ''),
(189, 'Syamsul (Pak Alam)', '', '082344661702', '', '', '', '', '', 0, '', '', '2023-11-08 11:41:13', '', '', '', '', '', '', '', 0, 0, 8, 0, 0, 12, '41556625', '', 'prm_spesial1190', 'EPROS', '', '', '', '', 0, 0, '', '', '', '2023-11-28 21:05:30', '0000-00-00 00:00:00', '0000-00-00 00:00:00', '0000-00-00 00:00:00', ''),
(190, 'Abah Hj Gari', '', '085282671186', '', '', '', '', '', 0, '', '', '2023-11-08 11:41:46', '', '', '', '', '', '', '', 0, 0, 6, 0, 0, 12, '99849652', '', 'prm_spesial1190', 'EPROS', '', '', '', '', 0, 0, '', '', '', '2023-11-28 20:31:30', '0000-00-00 00:00:00', '0000-00-00 00:00:00', '0000-00-00 00:00:00', ''),
(191, 'Parsimin', '', '081391674243', '', '', '', '', '', 0, '', '', '2023-11-08 11:42:21', '', '', '', '', '', '', '', 0, 0, 6, 0, 0, 12, '66627663', '', 'prm_spesial1190', 'EPROS', '', '', '', '', 0, 0, '', '', '', '2023-11-28 20:32:28', '0000-00-00 00:00:00', '0000-00-00 00:00:00', '0000-00-00 00:00:00', ''),
(192, 'Sujadi kangoloh', '', '082262838672', '', '', '', '', '', 0, '', '', '2023-11-08 11:44:39', '', '', '', '', '', '', '', 0, 0, 6, 0, 0, 12, '46268627', '', 'prm_spesial1190', 'EPROS', '', '', '', '', 0, 0, '', '', '', '2023-11-28 20:33:27', '0000-00-00 00:00:00', '0000-00-00 00:00:00', '0000-00-00 00:00:00', ''),
(194, 'Suratman', '', '082192988161', '', '', '', '', '', 0, '', '', '2023-11-08 11:45:47', '', '', '', '', '', '', '', 0, 0, 6, 0, 0, 12, '49793358', '', 'prm_spesial1190', 'EPROS', '', '', '', '', 0, 0, '', '', '', '2023-11-28 20:33:56', '0000-00-00 00:00:00', '0000-00-00 00:00:00', '0000-00-00 00:00:00', ''),
(195, 'Jomi panggabean', '', '085275114446', '', '', '', '', '', 0, '', '', '2023-11-08 11:46:10', '', '', '', '', '', '', '', 0, 0, 6, 0, 0, 12, '38161599', '', 'prm_spesial1190', 'EPROS', '', '', '', '', 0, 0, '', '', '', '2023-11-28 21:04:57', '0000-00-00 00:00:00', '0000-00-00 00:00:00', '0000-00-00 00:00:00', ''),
(196, 'yafe', '', '082213448431', '', '', '', '', '', 0, '', '', '2023-11-08 11:46:33', '', '', '', '', '', '', '', 0, 0, 6, 0, 0, 12, '69235979', '', 'prm_spesial1190', 'EPROS', '', '', '', '', 0, 0, '', '', '', '2023-11-28 20:51:42', '0000-00-00 00:00:00', '0000-00-00 00:00:00', '0000-00-00 00:00:00', ''),
(197, 'Nikson', '', '081398140648', '', '', '', '', '', 0, '', '', '2023-11-08 11:46:53', '', '', '', '', '', '', '', 0, 0, 6, 0, 0, 12, '85737487', '', 'prm_spesial1190', 'EPROS', '', '', '', '', 0, 0, '', '', '', '2023-11-28 21:02:27', '0000-00-00 00:00:00', '0000-00-00 00:00:00', '0000-00-00 00:00:00', ''),
(198, 'Ery Susanto', '', '087885873369', '', '', '', '', '', 0, '', '', '2023-11-08 11:47:20', '', '', '', '', '', '', '', 0, 0, 6, 0, 0, 12, '34774317', '', 'prm_spesial1190', 'EPROS', '', '', '', '', 0, 0, '', '', '', '2023-11-28 21:02:59', '0000-00-00 00:00:00', '0000-00-00 00:00:00', '0000-00-00 00:00:00', ''),
(199, 'i made suarsa', '', '082236824085', '', '', '', '', '', 0, '', '', '2023-11-08 11:47:50', '', '', '', '', '', '', '', 0, 0, 6, 0, 0, 12, '14916515', '', 'prm_spesial1190', 'EPROS', '', '', '', '', 0, 0, '', '', '', '2023-11-28 21:03:28', '0000-00-00 00:00:00', '0000-00-00 00:00:00', '0000-00-00 00:00:00', ''),
(200, 'Subarko', '', '085323034600', '', '', '', '', '', 0, '', '', '2023-11-08 11:48:18', '', '', '', '', '', '', '', 3, 0, 0, 0, 0, 12, '91877551', '', 'prm_spesial1190', 'EPROS', '', '', '', '', 0, 0, 'tahap greeting', '', '', '2023-11-28 20:34:27', '0000-00-00 00:00:00', '0000-00-00 00:00:00', '0000-00-00 00:00:00', ''),
(201, 'Rahayu', '', '081329339996', '', '', '', '', '', 0, '', '', '2023-11-08 11:48:41', '', '', '', '', '', '', '', 0, 0, 6, 0, 0, 12, '47584824', '', 'prm_spesial1190', 'EPROS', '', '', '', '', 0, 0, '', '', '', '2023-11-28 20:36:29', '0000-00-00 00:00:00', '0000-00-00 00:00:00', '0000-00-00 00:00:00', ''),
(202, 'Herman', '', '081223242519', '', '', '', '', '', 0, '', '', '2023-11-08 11:49:06', '', '', '', '', '', '', '', 0, 0, 8, 0, 0, 12, '35783561', '', 'prm_spesial1190', 'EPROS', '', '', '', '', 0, 0, '', '', '', '2023-11-28 20:36:56', '0000-00-00 00:00:00', '0000-00-00 00:00:00', '0000-00-00 00:00:00', ''),
(203, 'Jaka', '', '081243859533', '', '', '', '', '', 0, '', '', '2023-11-08 11:49:35', '', '', '', '', '', '', '', 0, 0, 7, 0, 0, 11, '34789414', '', 'prm_spesial1190', 'EPROS', '', '', '', '', 0, 0, '', '', '', '2023-11-26 21:25:31', '0000-00-00 00:00:00', '0000-00-00 00:00:00', '0000-00-00 00:00:00', ''),
(204, 'Kristianto', '', '085740894340', '', '', '', '', '', 0, '', '', '2023-11-08 11:50:03', '', '', '', '', '', '', '', 0, 0, 6, 0, 0, 12, '84385586', '', 'prm_spesial1190', 'EPROS', '', '', '', '', 0, 0, '', '', '', '2023-11-28 20:30:27', '0000-00-00 00:00:00', '0000-00-00 00:00:00', '0000-00-00 00:00:00', ''),
(205, 'Imam Supnadi', '', '081323459300', '', '', '', '', '', 0, '', '', '2023-11-08 11:50:25', '', '', '', '', '', '', '', 0, 0, 6, 0, 0, 12, '77477883', '', 'prm_spesial1190', 'EPROS', '', '', '', '', 0, 0, '', '', '', '2023-11-28 20:30:59', '0000-00-00 00:00:00', '0000-00-00 00:00:00', '0000-00-00 00:00:00', ''),
(207, 'Riky', '', '082125409077', '', '', '', '', '', 0, '', '', '2023-11-10 23:57:40', '', '', '', '', '', '', '', 0, 0, 6, 0, 0, 12, '48139144', '', 'prm_spesial1190', 'EPROS', '', '', '', '', 0, 0, '', '', '', '2023-11-28 21:31:12', '0000-00-00 00:00:00', '0000-00-00 00:00:00', '0000-00-00 00:00:00', ''),
(208, 'Kristianto', '', '085740894340', '', '', '', '', '', 0, '', '', '2023-11-10 23:58:22', '', '', '', '', '', '', '', 0, 0, 6, 0, 0, 12, '91467134', '', 'prm_spesial1190', 'EPROS', '', '', '', '', 0, 0, '', '', '', '2023-11-27 21:31:09', '0000-00-00 00:00:00', '0000-00-00 00:00:00', '0000-00-00 00:00:00', ''),
(209, 'Imam supnadi', '', '081323459300', '', '', '', '', '', 0, '', '', '2023-11-10 23:59:21', '', '', '', '', '', '', '', 0, 0, 6, 0, 0, 12, '21728665', '', 'prm_spesial1190', 'EPROS', '', '', '', '', 0, 0, '', '', '', '2023-11-27 21:31:43', '0000-00-00 00:00:00', '0000-00-00 00:00:00', '0000-00-00 00:00:00', ''),
(210, 'Yohanes', '', '082233188199', '', '', '', '', '', 0, '', '', '2023-11-10 23:59:57', '', '', '', '', '', '', '', 0, 0, 6, 0, 0, 12, '36429524', '', 'prm_spesial1190', 'EPROS', '', '', '', '', 0, 0, '', '', '', '2023-11-28 21:31:46', '0000-00-00 00:00:00', '0000-00-00 00:00:00', '0000-00-00 00:00:00', ''),
(212, 'Suryanto', '', '081249987278', '', '', '', '', '', 0, '', '', '2023-11-11 00:01:01', '', '', '', '', '', '', '', 0, 0, 6, 0, 0, 12, '63282658', '', 'prm_spesial1190', 'EPROS', '', '', '', '', 0, 0, '', '', '', '2023-11-27 21:32:32', '0000-00-00 00:00:00', '0000-00-00 00:00:00', '0000-00-00 00:00:00', ''),
(214, 'Jefri', '', '085337159697', '', '', '', '', '', 0, '', '', '2023-11-11 00:02:24', '', '', '', '', '', '', '', 0, 0, 7, 0, 0, 12, '67968446', '', 'prm_spesial1190', 'EPROS', '', '', '', '', 0, 0, '', '', '', '2023-11-28 21:32:16', '0000-00-00 00:00:00', '0000-00-00 00:00:00', '0000-00-00 00:00:00', ''),
(215, 'Marwan', '', '081291586172', '', '', '', '', '', 0, '', '', '2023-11-11 00:02:55', '', '', '', '', '', '', '', 0, 0, 7, 0, 0, 11, '87179541', '', 'prm_spesial1190', 'EPROS', '', '', '', '', 0, 0, '', '', '', '2023-11-26 21:22:31', '0000-00-00 00:00:00', '0000-00-00 00:00:00', '0000-00-00 00:00:00', ''),
(216, 'H jaja', '', '083152995162', '', '', '', '', '', 0, '', '', '2023-11-11 00:03:32', '', '', '', '', '', '', '', 0, 0, 7, 0, 0, 11, '88558118', '', 'prm_spesial1190', 'EPROS', '', '', '', '', 0, 0, '', '', '', '2023-11-26 21:23:01', '0000-00-00 00:00:00', '0000-00-00 00:00:00', '0000-00-00 00:00:00', ''),
(217, 'Wisdarseni (Bp Wis)', '', '087863133797', '', '', '', '', '', 0, '', '', '2023-11-11 00:04:03', '', '', '', '', '', '', '', 0, 0, 7, 0, 0, 11, '89126437', '', 'prm_spesial1190', 'EPROS', '', '', '', '', 0, 0, '', '', '', '2023-11-26 21:24:01', '0000-00-00 00:00:00', '0000-00-00 00:00:00', '0000-00-00 00:00:00', ''),
(218, 'Wujut', '', '081364357714', '', '', '', '', '', 0, '', '', '2023-11-11 00:04:56', '', '', '', '', '', '', '', 0, 0, 7, 0, 0, 11, '81733821', '', 'prm_spesial1190', 'EPROS', '', '', '', '', 0, 0, '', '', '', '2023-11-26 21:24:15', '0000-00-00 00:00:00', '0000-00-00 00:00:00', '0000-00-00 00:00:00', ''),
(219, 'Roy crisna', '', '082153840444', '', '', '', '', '', 0, '', '', '2023-11-11 00:05:23', '', '', '', '', '', '', '', 0, 0, 6, 0, 0, 12, '75322356', '', 'prm_spesial1190', 'EPROS', '', '', '', '', 0, 0, '', '', '', '2023-11-28 21:33:43', '0000-00-00 00:00:00', '0000-00-00 00:00:00', '0000-00-00 00:00:00', ''),
(220, 'Abdul kadir', '', '081258969999', '', 'Asia/Jakarta', '', '', '', 0, '', '', '2023-11-11 00:05:48', '', '', '', '', '', 'yes', 'yes', 3, 0, 0, 0, 19, 11, '43154319', '', 'prm_spesial1190', 'EPROS', '', '', '', '', 0, 0, 'call cut cb no answer', '', '', '2023-11-13 16:00:12', '0000-00-00 00:00:00', '0000-00-00 00:00:00', '0000-00-00 00:00:00', ''),
(221, 'Syafruddin', '', '085216020979', '', '', '', '', '', 0, '', '', '2023-11-11 00:06:17', '', '', '', '', '', '', '', 2, 0, 0, 0, 19, 11, '17659182', '', 'prm_spesial1190', 'EPROS', '', '', '', '', 0, 0, 'diangkt tp no respon diam saja ', '', '', '2023-11-13 16:01:40', '0000-00-00 00:00:00', '0000-00-00 00:00:00', '0000-00-00 00:00:00', ''),
(223, 'Dolfie Maringka', '', '082393385112', '', '', '', '', '', 0, '', '', '2023-11-11 00:07:31', '', '', '', '', '', '', '', 0, 0, 6, 0, 0, 12, '96117356', '', 'prm_spesial1190', 'EPROS', '', '', '', '', 0, 0, '', '', '', '2023-11-28 21:34:16', '0000-00-00 00:00:00', '0000-00-00 00:00:00', '0000-00-00 00:00:00', ''),
(225, 'Lucy Ratih / Mama ri', '', '081282094924', '', '', '', '', '', 0, '', '', '2023-11-11 00:09:25', '', '', '', '', '', '', '', 3, 0, 0, 0, 0, 12, '94813713', '', '', '', '', '', '', '', 0, 0, 'tahap greeting', '', '', '2023-11-30 18:48:32', '0000-00-00 00:00:00', '0000-00-00 00:00:00', '0000-00-00 00:00:00', ''),
(226, 'Leni Ratnasari', '', '087894068888', '', '', '', '', '', 0, '', '', '2023-11-11 00:10:09', '', '', '', '', '', '', '', 0, 0, 6, 0, 0, 12, '43133457', '', 'prm_spesial1190', 'EPROS', '', '', '', '', 0, 0, '', '', '', '2023-11-28 21:35:12', '0000-00-00 00:00:00', '0000-00-00 00:00:00', '0000-00-00 00:00:00', ''),
(227, 'Sukardi', '', '081315890536', '', '', '', '', '', 0, '', '', '2023-11-11 00:10:39', '', '', '', '', '', '', '', 0, 0, 6, 0, 0, 12, '75444945', '', 'prm_spesial1190', 'EPROS', '', '', '', '', 0, 0, '', '', '', '2023-11-28 21:35:56', '0000-00-00 00:00:00', '0000-00-00 00:00:00', '0000-00-00 00:00:00', ''),
(228, 'Andy suparman', '', '081276744623', '', '', '', '', '', 0, '', '', '2023-11-11 00:11:15', '', '', '', '', '', '', '', 0, 0, 6, 0, 0, 12, '85614976', '', 'prm_spesial1190', 'EPROS', '', '', '', '', 0, 0, '', '', '', '2023-11-28 21:36:45', '0000-00-00 00:00:00', '0000-00-00 00:00:00', '0000-00-00 00:00:00', ''),
(229, 'Muslihat', '', '081280038145', '', '', '', '', '', 0, '', '', '2023-11-11 00:11:55', '', '', '', '', '', '', '', 0, 0, 7, 0, 0, 12, '29943697', '', 'prm_spesial1190', 'EPROS', '', '', '', '', 0, 0, '', '', '', '2023-11-28 21:37:15', '0000-00-00 00:00:00', '0000-00-00 00:00:00', '0000-00-00 00:00:00', ''),
(230, 'Sariyo', '', '082376421123', '', '', '', '', '', 0, '', '', '2023-11-11 00:12:17', '', '', '', '', '', '', '', 0, 0, 6, 0, 0, 12, '39394777', '', 'prm_spesial1190', 'EPROS', '', '', '', '', 0, 0, '', '', '', '2023-11-29 18:13:38', '0000-00-00 00:00:00', '0000-00-00 00:00:00', '0000-00-00 00:00:00', ''),
(231, 'Yosafat Suharto', '', '08123531198', '', '', '', '', '', 0, '', '', '2023-11-11 00:12:42', '', '', '', '', '', '', '', 0, 0, 7, 0, 0, 12, '74414684', '', 'prm_spesial1190', 'EPROS', '', '', '', '', 0, 0, '', '', '', '2023-11-29 21:06:52', '0000-00-00 00:00:00', '0000-00-00 00:00:00', '0000-00-00 00:00:00', ''),
(232, 'Andiadis', '', '082154240571', '', '', '', '', '', 0, '', '', '2023-11-11 00:13:14', '', '', '', '', '', '', '', 0, 0, 7, 0, 0, 12, '34928931', '', 'prm_spesial1190', 'EPROS', '', '', '', '', 0, 0, '', '', '', '2023-11-29 21:09:29', '0000-00-00 00:00:00', '0000-00-00 00:00:00', '0000-00-00 00:00:00', ''),
(233, 'Abdul rais', '', '082347915762', '', '', '', '', '', 0, '', '', '2023-11-11 00:13:40', '', '', '', '', '', '', '', 0, 0, 7, 0, 0, 12, '26872171', '', 'prm_spesial1190', 'EPROS', '', '', '', '', 0, 0, '', '', '', '2023-11-30 18:11:38', '0000-00-00 00:00:00', '0000-00-00 00:00:00', '0000-00-00 00:00:00', ''),
(234, 'Mohamad Cheji ', '', '0822288322617', '', '', '', '', '', 0, '', '', '2023-11-11 00:14:17', '', '', '', '', '', '', '', 0, 0, 6, 0, 0, 12, '67243693', '', 'prm_spesial1190', 'EPROS', '', '', '', '', 0, 0, '', '', '', '2023-11-30 18:14:47', '0000-00-00 00:00:00', '0000-00-00 00:00:00', '0000-00-00 00:00:00', ''),
(236, 'Pak Erindes (tkg kac', '', '082388322084', '', '', '', '', '', 0, '', '', '2023-11-11 00:15:26', '', '', '', '', '', '', '', 0, 0, 7, 0, 0, 11, '38871388', '', '', '', '', '', '', '', 0, 0, '', '', '', '2023-11-26 21:25:46', '0000-00-00 00:00:00', '0000-00-00 00:00:00', '0000-00-00 00:00:00', ''),
(237, 'S. Rakhmat', '', '087733935111', '', '', '', '', '', 0, '', '', '2023-11-11 00:16:23', '', '', '', '', '', '', '', 0, 0, 7, 0, 0, 11, '23569229', '', 'prm_spesial1190', 'EPROS', '', '', '', '', 0, 0, '', '', '', '2023-11-26 21:19:26', '0000-00-00 00:00:00', '0000-00-00 00:00:00', '0000-00-00 00:00:00', ''),
(238, 'Roki', '', '085380860294', '', '', '', '', '', 0, '', '', '2023-11-11 00:16:54', '', '', '', '', '', '', '', 0, 0, 7, 0, 0, 11, '51182517', '', 'prm_spesial1190', 'EPROS', '', '', '', '', 0, 0, '', '', '', '2023-11-25 21:09:55', '0000-00-00 00:00:00', '0000-00-00 00:00:00', '0000-00-00 00:00:00', ''),
(239, 'Jumadi', '', '081362464217', '', '', '', '', '', 0, '', '', '2023-11-11 00:17:17', '', '', '', '', '', '', '', 0, 0, 7, 0, 0, 11, '34585787', '', 'prm_spesial1190', 'EPROS', '', '', '', '', 0, 0, '', '', '', '2023-11-26 21:22:01', '0000-00-00 00:00:00', '0000-00-00 00:00:00', '0000-00-00 00:00:00', ''),
(240, 'Amirin', '', '082131409192', '', '', '', '', '', 0, '', '', '2023-11-11 00:19:56', '', '', '', '', '', '', '', 0, 0, 7, 0, 0, 11, '38745534', '', 'prm_spesial1190', 'EPROS', '', '', '', '', 0, 0, '', '', '', '2023-11-26 21:22:16', '0000-00-00 00:00:00', '0000-00-00 00:00:00', '0000-00-00 00:00:00', ''),
(241, 'Umar soko', '', '085241112638', '', '', '', '', '', 0, '', '', '2023-11-11 00:20:23', '', '', '', '', '', '', '', 0, 0, 7, 0, 0, 11, '15838543', '', 'prm_spesial1190', 'EPROS', '', '', '', '', 0, 0, '', '', '', '2023-11-26 21:22:46', '0000-00-00 00:00:00', '0000-00-00 00:00:00', '0000-00-00 00:00:00', ''),
(242, 'Martin yudhi', '', '082125529772', '', '', '', '', '', 0, '', '', '2023-11-11 00:20:55', '', '', '', '', '', '', '', 0, 0, 7, 0, 0, 11, '88936295', '', 'prm_spesial1190', 'EPROS', '', '', '', '', 0, 0, '', '', '', '2023-11-26 21:23:31', '0000-00-00 00:00:00', '0000-00-00 00:00:00', '0000-00-00 00:00:00', ''),
(243, 'ARUL', '', '081314057596', '', '', '', '', '', 0, '', '', '2023-11-11 00:21:33', '', '', '', '', '', '', '', 0, 0, 7, 0, 0, 11, '11993362', '', 'prm_spesial1190', 'EPROS', '', '', '', '', 0, 0, '', '', '', '2023-11-26 21:24:31', '0000-00-00 00:00:00', '0000-00-00 00:00:00', '0000-00-00 00:00:00', ''),
(244, 'Hendri', '', '081345014141', '', '', '', '', '', 0, '', '', '2023-11-11 00:21:57', '', '', '', '', '', '', '', 0, 0, 7, 0, 0, 11, '43334419', '', 'prm_spesial1190', 'EPROS', '', '', '', '', 0, 0, '', '', '', '2023-11-25 10:17:06', '0000-00-00 00:00:00', '0000-00-00 00:00:00', '0000-00-00 00:00:00', ''),
(246, 'Rahim', '', '085241529467', '', '', '', '', '', 0, '', '', '2023-11-11 00:23:32', '', '', '', '', '', '', '', 0, 0, 7, 0, 0, 11, '71241864', '', 'prm_spesial1190', 'EPROS', '', '', '', '', 0, 0, '', '', '', '2023-11-26 21:26:16', '0000-00-00 00:00:00', '0000-00-00 00:00:00', '0000-00-00 00:00:00', ''),
(247, 'Gayadi/bp usman', '', '081266878178', '', '', '', '', '', 0, '', '', '2023-11-11 00:24:11', '', '', '', '', '', '', '', 0, 0, 7, 0, 0, 11, '76988243', '', 'prm_spesial1190', 'EPROS', '', '', '', '', 0, 0, '', '', '', '2023-11-26 21:26:01', '0000-00-00 00:00:00', '0000-00-00 00:00:00', '0000-00-00 00:00:00', ''),
(248, 'ZAKARIAS DHIMA', '', '081255831625', '', '', '', '', '', 0, '', '', '2023-11-11 00:24:49', '', '', '', '', '', '', '', 0, 0, 6, 0, 0, 12, '59482874', '', '', '', '', '', '', '', 0, 0, '', '', '', '2023-11-30 20:55:49', '0000-00-00 00:00:00', '0000-00-00 00:00:00', '0000-00-00 00:00:00', ''),
(249, 'Ahmad nabil f', '', '081214810804', '', '', '', '', '', 0, '', '', '2023-11-11 00:26:15', '', '', '', '', '', '', '', 0, 0, 7, 0, 0, 12, '39168294', '', '', '', '', '', '', '', 0, 0, '', '', '', '2023-11-30 20:58:20', '0000-00-00 00:00:00', '0000-00-00 00:00:00', '0000-00-00 00:00:00', ''),
(250, 'Sumadi', '', '082177561414', '', '', '', '', '', 0, '', '', '2023-11-11 00:26:43', '', '', '', '', '', '', '', 0, 0, 8, 0, 0, 12, '46277492', '', '', '', '', '', '', '', 0, 0, '', '', '', '2023-11-30 21:10:46', '0000-00-00 00:00:00', '0000-00-00 00:00:00', '0000-00-00 00:00:00', ''),
(251, 'Agus supriyatna', '', '082181246004', '', '', '', '', '', 0, '', '', '2023-11-11 00:27:11', '', '', '', '', '', '', '', 0, 0, 7, 0, 0, 12, '29544721', '', '', '', '', '', '', '', 0, 0, '', '', '', '2023-11-30 21:11:48', '0000-00-00 00:00:00', '0000-00-00 00:00:00', '0000-00-00 00:00:00', ''),
(252, 'Waliah', '', '082178384621', 'Indonesia', 'Asia/Jakarta', '', 'Jawa Timur', 'null', 0, '', '', '2023-11-11 00:27:46', '', '', '', '', '', 'yes', 'yes', 0, 0, 0, 0, 18, 11, '66277947', '', 'prm_spesial1190', '', '300mg', '10caps', '3-6days', '1', 1190, 1190, '', '', '', '2023-11-24 22:45:03', '2023-11-24 22:45:03', '0000-00-00 00:00:00', '0000-00-00 00:00:00', ''),
(254, 'Budi Santoso', '', '081270200499', '', '', '', '', '', 0, '', '', '2023-11-11 00:28:52', '', '', '', '', '', '', '', 0, 0, 7, 0, 19, 11, '54833634', '', 'prm_spesial1190', '', '', '', '1-3days', '1', 1190, 1190, '', '', '', '2023-11-20 13:52:29', '0000-00-00 00:00:00', '0000-00-00 00:00:00', '0000-00-00 00:00:00', ''),
(255, 'H. Abd Rahim', '', '082396051525', '', '', '', '', '', 0, '', '', '2023-11-11 00:29:19', '', '', '', '', '', '', '', 0, 0, 7, 0, 0, 12, '72478827', '', '', '', '', '', '', '', 0, 0, '', '', '', '2023-11-30 21:14:02', '0000-00-00 00:00:00', '0000-00-00 00:00:00', '0000-00-00 00:00:00', ''),
(256, 'Dika', '', '085819093709', '', '', '', '', '', 0, '', '', '2023-11-11 00:29:54', '', '', '', '', '', '', '', 0, 0, 6, 0, 0, 12, '38479225', '', '', '', '', '', '', '', 0, 0, '', '', '', '2023-11-30 21:15:47', '0000-00-00 00:00:00', '0000-00-00 00:00:00', '0000-00-00 00:00:00', ''),
(257, 'Burhanuddin', '', '085240432953', '', '', '', '', '', 0, '', '', '2023-11-11 00:30:29', '', '', '', '', '', '', '', 0, 0, 6, 0, 0, 12, '23292865', '', '', '', '', '', '', '', 0, 0, '', '', '', '2023-11-30 21:17:16', '0000-00-00 00:00:00', '0000-00-00 00:00:00', '0000-00-00 00:00:00', ''),
(258, 'Hetty Nababan', '', '081311493677', '', '', '', '', '', 0, '', '', '2023-11-11 00:30:58', '', '', '', '', '', '', '', 2, 0, 0, 0, 0, 12, '32229187', '', '', '', '', '', '', '', 0, 0, 'istrinya yg angkt bpk sdh tdr', '', '', '2023-11-30 21:18:16', '0000-00-00 00:00:00', '0000-00-00 00:00:00', '0000-00-00 00:00:00', ''),
(259, 'Yanti.', '', '081360666290', '', '', '', '', '', 0, '', '', '2023-11-11 00:31:33', '', '', '', '', '', '', '', 0, 0, 8, 0, 0, 12, '49868889', '', '', '', '', '', '', '', 0, 0, '', '', '', '2023-11-30 21:21:06', '0000-00-00 00:00:00', '0000-00-00 00:00:00', '0000-00-00 00:00:00', ''),
(261, 'Hasrizal Hasanudin', '', '081310013665', '', '', '', '', '', 0, '', '', '2023-11-11 00:32:57', '', '', '', '', '', '', '', 0, 0, 7, 0, 0, 12, '68549218', '', '', '', '', '', '', '', 0, 0, '', '', '', '2023-11-30 21:21:47', '0000-00-00 00:00:00', '0000-00-00 00:00:00', '0000-00-00 00:00:00', ''),
(262, 'Samcuan', '', '081345000733', '', '', '', '', '', 0, '', '', '2023-11-11 00:33:25', '', '', '', '', '', '', '', 0, 0, 7, 0, 0, 12, '47738494', '', '', '', '', '', '', '', 0, 0, '', '', '', '2023-11-30 21:25:05', '0000-00-00 00:00:00', '0000-00-00 00:00:00', '0000-00-00 00:00:00', ''),
(263, 'TRIYANTI HANDAYANI', '', '081236225482', '', '', '', '', '', 0, '', '', '2023-11-11 00:33:47', '', '', '', '', '', '', '', 0, 0, 7, 0, 0, 12, '37773775', '', '', '', '', '', '', '', 0, 0, '', '', '', '2023-11-30 21:27:33', '0000-00-00 00:00:00', '0000-00-00 00:00:00', '0000-00-00 00:00:00', ''),
(267, 'Mujahidin (Masidin B', '', '082314791176', '', '', '', '', '', 0, '', '', '2023-11-11 00:35:50', '', '', '', '', '', '', '', 2, 0, 7, 0, 19, 12, '39999665', '', '', '', '', '', '', '', 0, 0, 'tdk ada suara', '', '', '2023-11-20 21:12:38', '0000-00-00 00:00:00', '0000-00-00 00:00:00', '0000-00-00 00:00:00', ''),
(270, 'Izwan Hadi', '', '081238229742', '', '', '', '', '', 0, '', '', '2023-11-11 00:37:53', '', '', '', '', '', '', '', 1, 0, 0, 0, 0, 12, '45752161', '', 'prm_spesial1190', 'EPROS', '', '', '', '', 0, 0, 'sinyal buruk dari pelanggan', '', '', '2023-11-30 18:19:46', '0000-00-00 00:00:00', '0000-00-00 00:00:00', '0000-00-00 00:00:00', ''),
(271, 'Jenny M Kindangen', '', '082348642737', '', '', '', '', '', 0, '', '', '2023-11-11 00:38:20', '', '', '', '', '', '', '', 0, 0, 8, 0, 0, 12, '18173575', '', 'prm_spesial1190', 'EPROS', '', '', '', '', 0, 0, '', '', '', '2023-11-30 18:23:01', '0000-00-00 00:00:00', '0000-00-00 00:00:00', '0000-00-00 00:00:00', ''),
(272, 'SAHDAN', '', '082159762877', '', '', '', '', '', 0, '', '', '2023-11-11 00:38:54', '', '', '', '', '', '', '', 3, 0, 0, 0, 0, 12, '72823121', '', 'prm_spesial1190', 'EPROS', '', '', '', '', 0, 0, 'tahap greeting', '', '', '2023-11-30 18:24:16', '0000-00-00 00:00:00', '0000-00-00 00:00:00', '0000-00-00 00:00:00', ''),
(274, 'Nadjib', '', '081321111260', '', '', '', '', '', 0, '', '', '2023-11-13 11:59:43', '', '', '', '', '', '', '', 2, 0, 7, 0, 19, 12, '51436915', '', '', '', '', '', '', '', 0, 0, 'minta tlp besok', '', '', '2023-11-20 21:23:51', '0000-00-00 00:00:00', '0000-00-00 00:00:00', '0000-00-00 00:00:00', ''),
(275, 'Agus', '', '083861132465', '', '', '', '', '', 0, '', '', '2023-11-13 12:00:08', '', '', '', '', '', '', '', 0, 0, 6, 0, 19, 12, '59541433', '', '', '', '', '', '', '', 0, 0, '', '', '', '2023-11-20 21:26:02', '0000-00-00 00:00:00', '0000-00-00 00:00:00', '0000-00-00 00:00:00', ''),
(277, 'Saniman', '', '085776819747', '', '', '', '', '', 0, '', '', '2023-11-13 12:01:32', '', '', '', '', '', '', '', 3, 0, 7, 0, 19, 12, '78653284', '', '', '', '', '', '', '', 0, 0, '', '', '', '2023-11-20 21:29:06', '0000-00-00 00:00:00', '0000-00-00 00:00:00', '0000-00-00 00:00:00', ''),
(278, 'Ustadz Karman Alkirmy', '', '081330061072', '', '', '', '', '', 0, '', '', '2023-11-13 12:02:00', '', '', '', '', '', '', '', 3, 0, 7, 0, 19, 12, '74572538', '', '', '', '', '', '', '', 0, 0, '', '', '', '2023-11-20 21:31:51', '0000-00-00 00:00:00', '0000-00-00 00:00:00', '0000-00-00 00:00:00', ''),
(279, 'Rudi Pasi', '', '081263857157', '', '', '', '', '', 0, '', '', '2023-11-13 12:02:44', '', '', '', '', '', '', '', 0, 0, 7, 0, 19, 12, '81917619', '', '', '', '', '', '', '', 0, 0, '', '', '', '2023-11-20 21:33:36', '0000-00-00 00:00:00', '0000-00-00 00:00:00', '0000-00-00 00:00:00', ''),
(280, 'Audi', '', '085716320356', '', '', '', '', '', 0, '', '', '2023-11-13 12:03:08', '', '', '', '', '', '', '', 2, 0, 7, 0, 19, 12, '73777896', '', '', '', '', '', '', '', 0, 0, '', '', '', '2023-11-20 21:35:06', '0000-00-00 00:00:00', '0000-00-00 00:00:00', '0000-00-00 00:00:00', ''),
(281, 'Dwi prasetya', '', '081381520546', '', '', '', '', '', 0, '', '', '2023-11-13 12:03:37', '', '', '', '', '', '', '', 3, 0, 7, 0, 19, 12, '26189644', '', '', '', '', '', '', '', 0, 0, 'tahap greeting', '', '', '2023-11-20 21:36:36', '0000-00-00 00:00:00', '0000-00-00 00:00:00', '0000-00-00 00:00:00', ''),
(282, 'Juwaini', '', '087871954846', '', '', '', '', '', 0, '', '', '2023-11-13 12:04:02', '', '', '', '', '', '', '', 0, 0, 6, 0, 19, 12, '52557114', '', '', '', '', '', '', '', 0, 0, '', '', '', '2023-11-20 21:38:36', '0000-00-00 00:00:00', '0000-00-00 00:00:00', '0000-00-00 00:00:00', ''),
(283, 'Wiji', '', '083115334895', '', '', '', '', '', 0, '', '', '2023-11-13 12:04:34', '', '', '', '', '', '', '', 0, 0, 7, 0, 19, 12, '91172321', '', '', '', '', '', '', '', 0, 0, '', '', '', '2023-11-20 21:39:06', '0000-00-00 00:00:00', '0000-00-00 00:00:00', '0000-00-00 00:00:00', ''),
(284, 'MARJOEKI AS', '', '081285170061', '', '', '', '', '', 0, '', '', '2023-11-13 12:05:06', '', '', '', '', '', '', '', 0, 0, 6, 0, 19, 12, '99521258', '', '', '', '', '', '', '', 0, 0, '', '', '', '2023-11-20 21:40:36', '0000-00-00 00:00:00', '0000-00-00 00:00:00', '0000-00-00 00:00:00', ''),
(287, 'H. Syachroni', '', '087772344953', '', '', '', '', '', 0, '', '', '2023-11-13 12:06:31', '', '', '', '', '', '', '', 0, 0, 6, 0, 19, 12, '22184688', '', '', '', '', '', '', '', 0, 0, '', '', '', '2023-11-20 21:45:21', '0000-00-00 00:00:00', '0000-00-00 00:00:00', '0000-00-00 00:00:00', ''),
(288, 'Hasmawati', '', '082125734970', '', '', '', '', '', 0, '', '', '2023-11-13 12:07:05', '', '', '', '', '', '', '', 0, 0, 7, 0, 19, 12, '97913218', '', '', '', '', '', '', '', 0, 0, '', '', '', '2023-11-20 21:45:51', '0000-00-00 00:00:00', '0000-00-00 00:00:00', '0000-00-00 00:00:00', ''),
(290, 'P. Bambang', '', '0812318880885', '', '', '', '', '', 0, '', '', '2023-11-13 12:08:13', '', '', '', '', '', '', '', 0, 0, 6, 0, 19, 12, '87855238', '', '', '', '', '', '', '', 0, 0, '', '', '', '2023-11-20 21:48:52', '0000-00-00 00:00:00', '0000-00-00 00:00:00', '0000-00-00 00:00:00', ''),
(291, 'Bambang Kastowo', '', '082114226030', '', '', '', '', '', 0, '', '', '2023-11-13 12:08:43', '', '', '', '', '', '', '', 0, 0, 7, 0, 19, 12, '71973677', '', '', '', '', '', '', '', 0, 0, '', '', '', '2023-11-20 21:50:17', '0000-00-00 00:00:00', '0000-00-00 00:00:00', '0000-00-00 00:00:00', ''),
(292, 'Samsudin', '', '088295820534', '', '', '', '', '', 0, '', '', '2023-11-13 12:09:20', '', '', '', '', '', '', '', 0, 0, 7, 0, 19, 12, '83957947', '', '', '', '', '', '', '', 0, 0, '', '', '', '2023-11-20 21:51:51', '0000-00-00 00:00:00', '0000-00-00 00:00:00', '0000-00-00 00:00:00', ''),
(293, 'Haji Hermin', '', '082167009816', '', '', '', '', '', 0, '', '', '2023-11-13 12:11:20', '', '', '', '', '', '', '', 0, 0, 6, 0, 19, 12, '19348829', '', '', '', '', '', '', '', 0, 0, '', '', '', '2023-11-20 21:53:21', '0000-00-00 00:00:00', '0000-00-00 00:00:00', '0000-00-00 00:00:00', ''),
(294, 'Supriatna', '', '083169112294', '', '', '', '', '', 0, '', '', '2023-11-13 12:11:57', '', '', '', '', '', '', '', 0, 0, 6, 0, 19, 12, '37434429', '', '', '', '', '', '', '', 0, 0, '', '', '', '2023-11-20 21:53:51', '0000-00-00 00:00:00', '0000-00-00 00:00:00', '0000-00-00 00:00:00', ''),
(295, 'Edi (Mandor)', '', '082127179593', '', '', '', '', '', 0, '', '', '2023-11-13 12:12:22', '', '', '', '', '', '', '', 0, 0, 7, 0, 19, 12, '67292236', '', '', '', '', '', '', '', 0, 0, '', '', '', '2023-11-20 21:54:36', '0000-00-00 00:00:00', '0000-00-00 00:00:00', '0000-00-00 00:00:00', ''),
(296, 'Wien', '', '081387563986', '', '', '', '', '', 0, '', '', '2023-11-13 12:12:50', '', '', '', '', '', '', '', 0, 0, 6, 0, 19, 12, '37613623', '', '', '', '', '', '', '', 0, 0, '', '', '', '2023-11-20 21:55:06', '0000-00-00 00:00:00', '0000-00-00 00:00:00', '0000-00-00 00:00:00', ''),
(297, 'Thamrin', '', '085266603235', '', '', '', '', '', 0, '', '', '2023-11-13 12:13:15', '', '', '', '', '', '', '', 3, 0, 7, 0, 19, 12, '23634481', '', '', '', '', '', '', '', 0, 0, '', '', '', '2023-11-20 21:55:36', '0000-00-00 00:00:00', '0000-00-00 00:00:00', '0000-00-00 00:00:00', ''),
(298, 'Sugito (Pak Haji Gito)', '', '085892938096', '', '', '', '', '', 0, '', '', '2023-11-13 12:13:39', '', '', '', '', '', '', '', 0, 0, 7, 0, 19, 12, '59817146', '', '', '', '', '', '', '', 0, 0, '', '', '', '2023-11-20 21:56:51', '0000-00-00 00:00:00', '0000-00-00 00:00:00', '0000-00-00 00:00:00', ''),
(299, 'Haji Abdul Azis Zainuddin', '', '085299640004', '', '', '', '', '', 0, '', '', '2023-11-13 12:14:15', '', '', '', '', '', '', '', 2, 0, 6, 0, 19, 12, '77635571', '', '', '', '', '', '', '', 0, 0, '', '', '', '2023-11-20 21:58:36', '0000-00-00 00:00:00', '0000-00-00 00:00:00', '0000-00-00 00:00:00', ''),
(301, 'Domen', '', '081377966789', '', '', '', '', '', 0, '', '', '2023-11-13 12:15:10', '', '', '', '', '', '', '', 0, 0, 7, 0, 19, 11, '65796914', '', 'prm_spesial1190', 'EPROS', '', '', '', '', 0, 0, '', '', '', '2023-11-18 09:12:33', '0000-00-00 00:00:00', '0000-00-00 00:00:00', '0000-00-00 00:00:00', ''),
(302, 'Johan', '', '08119115015', '', '', '', '', '', 0, '', '', '2023-11-13 12:15:37', '', '', '', '', '', '', '', 0, 0, 7, 0, 19, 11, '95547343', '', 'prm_spesial1190', 'EPROS', '', '', '', '', 0, 0, '', '', '', '2023-11-15 15:38:49', '0000-00-00 00:00:00', '0000-00-00 00:00:00', '0000-00-00 00:00:00', ''),
(303, 'Judi', '', '085335746316', '', '', '', '', '', 0, '', '', '2023-11-13 12:15:56', '', '', '', '', '', '', '', 0, 0, 6, 0, 0, 12, '64497844', '', '', '', '', '', '', '', 0, 0, '', '', '', '2023-11-26 15:36:59', '0000-00-00 00:00:00', '0000-00-00 00:00:00', '0000-00-00 00:00:00', ''),
(304, 'Yasir', '', '082192411577', '', '', '', '', '', 0, '', '', '2023-11-13 12:16:20', '', '', '', '', '', '', '', 0, 0, 6, 0, 0, 12, '44354118', '', '', '', '', '', '', '', 0, 0, '', '', '', '2023-11-26 15:39:37', '0000-00-00 00:00:00', '0000-00-00 00:00:00', '0000-00-00 00:00:00', ''),
(305, 'Yulia', '', '085810257290', '', '', '', '', '', 0, '', '', '2023-11-13 12:16:55', '', '', '', '', '', '', '', 0, 0, 6, 0, 0, 12, '23266281', '', '', '', '', '', '', '', 0, 0, '', '', '', '2023-11-26 15:40:18', '0000-00-00 00:00:00', '0000-00-00 00:00:00', '0000-00-00 00:00:00', ''),
(306, 'Rudi Agus Suhartoyo', '', '082236695221', '', '', '', '', '', 0, '', '', '2023-11-13 12:17:15', '', '', '', '', '', '', '', 0, 0, 6, 0, 0, 12, '27372172', '', 'prm_spesial1190', 'EPROS', '', '', '', '', 0, 0, '', '', '', '2023-11-30 18:26:01', '0000-00-00 00:00:00', '0000-00-00 00:00:00', '0000-00-00 00:00:00', ''),
(307, 'Albert', '', '08129042105', '', '', '', '', '', 0, '', '', '2023-11-13 12:17:56', '', '', '', '', '', '', '', 0, 0, 8, 0, 0, 12, '22411397', '', 'prm_spesial1190', 'EPROS', '', '', '', '', 0, 0, '', '', '', '2023-11-30 18:27:15', '0000-00-00 00:00:00', '0000-00-00 00:00:00', '0000-00-00 00:00:00', ''),
(308, 'Mafmudz', '', '085648276696', '', '', '', '', '', 0, '', '', '2023-11-13 12:18:16', '', '', '', '', '', '', '', 0, 0, 7, 0, 0, 12, '96282189', '', 'prm_spesial1190', 'EPROS', '', '', '', '', 0, 0, '', '', '', '2023-11-30 18:28:46', '0000-00-00 00:00:00', '0000-00-00 00:00:00', '0000-00-00 00:00:00', ''),
(309, 'TjandraHaryanto', '', '085865962579', '', '', '', '', '', 0, '', '', '2023-11-13 12:37:08', '', '', '', '', '', '', '', 0, 13, 0, 0, 0, 12, '37257169', '', 'prm_spesial1190', 'EPROS', '', '', '', '', 0, 0, 'msh dlm pengawasan dokter', '', '', '2023-11-30 18:30:00', '0000-00-00 00:00:00', '0000-00-00 00:00:00', '0000-00-00 00:00:00', ''),
(310, 'Pak Nyoman', '', '081236218607', '', '', '', '', '', 0, '', '', '2023-11-13 12:37:35', '', '', '', '', '', '', '', 3, 0, 0, 0, 0, 12, '85638726', '', 'prm_spesial1190', 'EPROS', '', '', '', '', 0, 0, 'tahap greeting', '', '', '2023-11-28 21:23:58', '0000-00-00 00:00:00', '0000-00-00 00:00:00', '0000-00-00 00:00:00', ''),
(311, 'Mulyadi', '', '085798437895', '', '', '', '', '', 0, '', '', '2023-11-13 12:38:01', '', '', '', '', '', '', '', 0, 0, 6, 0, 0, 12, '47159425', '', 'prm_spesial1190', 'EPROS', '', '', '', '', 0, 0, '', '', '', '2023-11-28 21:25:01', '0000-00-00 00:00:00', '0000-00-00 00:00:00', '0000-00-00 00:00:00', ''),
(312, 'Rhio Whendry', '', '081254381655', '', '', '', '', '', 0, '', '', '2023-11-13 12:38:27', '', '', '', '', '', '', '', 0, 0, 6, 0, 0, 12, '22558627', '', 'prm_spesial1190', 'EPROS', '', '', '', '', 0, 0, '', '', '', '2023-11-28 21:26:13', '0000-00-00 00:00:00', '0000-00-00 00:00:00', '0000-00-00 00:00:00', ''),
(313, 'KHALID ALIAH', '', '081245568796', '', '', '', '', '', 0, '', '', '2023-11-13 12:38:55', '', '', '', '', '', '', '', 0, 0, 6, 0, 0, 12, '44642549', '', 'prm_spesial1190', 'EPROS', '', '', '', '', 0, 0, '', '', '', '2023-11-30 18:39:10', '0000-00-00 00:00:00', '0000-00-00 00:00:00', '0000-00-00 00:00:00', ''),
(316, 'Sutoyo', '', '085273202078', '', '', '', '', '', 0, '', '', '2023-11-13 12:40:19', '', '', '', '', '', '', '', 0, 0, 7, 0, 19, 11, '29489874', '', 'prm_spesial1190', 'EPROS', '', '', '', '', 0, 0, '', '', '', '2023-11-13 17:12:57', '0000-00-00 00:00:00', '0000-00-00 00:00:00', '0000-00-00 00:00:00', ''),
(317, 'Eddi', '', '081241549814', '', '', '', '', '', 0, '', '', '2023-11-13 12:40:40', '', '', '', '', '', '', '', 0, 0, 7, 0, 19, 11, '46979937', '', 'prm_spesial1190', 'EPROS', '', '', '', '', 0, 0, '', '', '', '2023-11-13 17:03:11', '0000-00-00 00:00:00', '0000-00-00 00:00:00', '0000-00-00 00:00:00', ''),
(318, 'Munif hidayat', '', '087852505068', '', '', '', '', '', 0, '', '', '2023-11-13 12:40:58', '', '', '', '', '', '', '', 0, 0, 6, 0, 19, 11, '46726123', '', 'prm_spesial1190', 'EPROS', '', '', '', '', 0, 0, '', '', '', '2023-11-13 17:00:26', '0000-00-00 00:00:00', '0000-00-00 00:00:00', '0000-00-00 00:00:00', ''),
(319, 'Suarno', '', '082395679100', '', '', '', '', '', 0, '', '', '2023-11-13 12:41:28', '', '', '', '', '', '', '', 0, 9, 0, 0, 19, 11, '23923296', '', 'prm_spesial1190', 'EPROS', '', '', '', '', 0, 0, 'blm ada uang', '', '', '2023-11-13 16:49:55', '0000-00-00 00:00:00', '0000-00-00 00:00:00', '0000-00-00 00:00:00', ''),
(320, 'Wardi', '', '081255578228', '', '', '', '', '', 0, '', '', '2023-11-13 12:41:51', '', '', '', '', '', '', '', 0, 0, 7, 0, 19, 11, '56112286', '', 'prm_spesial1190', 'EPROS', '', '', '', '', 0, 0, '', '', '', '2023-11-13 16:46:56', '0000-00-00 00:00:00', '0000-00-00 00:00:00', '0000-00-00 00:00:00', ''),
(321, 'Bambang Hermawan', '', '082244591008', '', '', '', '', '', 0, '', '', '2023-11-13 12:42:15', '', '', '', '', '', '', '', 0, 0, 7, 0, 19, 11, '42493311', '', 'prm_spesial1190', 'EPROS', '', '', '', '', 0, 0, '', '', '', '2023-11-13 16:44:41', '0000-00-00 00:00:00', '0000-00-00 00:00:00', '0000-00-00 00:00:00', ''),
(322, 'Evert Tinangon', '', '082188499661', '', '', '', '', '', 0, '', '', '2023-11-13 12:42:38', '', '', '', '', '', '', '', 3, 0, 0, 0, 19, 11, '56935177', '', 'prm_spesial1190', 'EPROS', '', '', '', '', 0, 0, 'call cut', '', '', '2023-11-13 16:42:26', '0000-00-00 00:00:00', '0000-00-00 00:00:00', '0000-00-00 00:00:00', ''),
(323, 'Zulkarnaen', '', '081224635073', '', '', '', '', '', 0, '', '', '2023-11-13 12:43:16', '', '', '', '', '', '', '', 0, 0, 7, 0, 19, 11, '55268471', '', 'prm_spesial1190', 'EPROS', '', '', '', '', 0, 0, '', '', '', '2023-11-13 16:39:25', '0000-00-00 00:00:00', '0000-00-00 00:00:00', '0000-00-00 00:00:00', ''),
(324, 'Bp Tan', '', '081293847919', '', '', '', '', '', 0, '', '', '2023-11-13 12:43:44', '', '', '', '', '', '', '', 0, 0, 7, 0, 19, 11, '67445764', '', 'prm_spesial1190', 'EPROS', '', '', '', '', 0, 0, '', '', '', '2023-11-13 16:29:27', '0000-00-00 00:00:00', '0000-00-00 00:00:00', '0000-00-00 00:00:00', ''),
(325, 'Tegoeh Santosa', '', '081319155061', '', '', '', '', '', 0, '', '', '2023-11-13 12:44:15', '', '', '', '', '', '', '', 0, 0, 6, 0, 19, 11, '37832273', '', 'prm_spesial1190', 'EPROS', '', '', '', '', 0, 0, '', '', '', '2023-11-13 16:23:11', '0000-00-00 00:00:00', '0000-00-00 00:00:00', '0000-00-00 00:00:00', ''),
(327, 'Joni', '', '081219212134', '', '', '', '', '', 0, '', '', '2023-11-13 12:45:12', '', '', '', '', '', '', '', 0, 0, 7, 0, 19, 11, '21376774', '', 'prm_spesial1190', 'EPROS', '', '', '', '', 0, 0, '', '', '', '2023-11-13 16:04:56', '0000-00-00 00:00:00', '0000-00-00 00:00:00', '0000-00-00 00:00:00', ''),
(328, 'Adrizal (Penjaga)', '', '085271943761', '', '', '', '', '', 0, '', '', '2023-11-13 12:45:35', '', '', '', '', '', '', '', 0, 0, 7, 0, 19, 11, '21784613', '', 'prm_spesial1190', 'EPROS', '', '', '', '', 0, 0, '', '', '', '2023-11-13 16:03:41', '0000-00-00 00:00:00', '0000-00-00 00:00:00', '0000-00-00 00:00:00', ''),
(329, 'I made suarsa', '', '082236824085', '', '', '', '', '', 0, '', '', '2023-11-15 12:33:45', '', '', '', '', '', '', '', 0, 0, 7, 0, 0, 12, '41283688', '', '', '', '', '', '', '', 0, 0, '', '', '', '2023-11-26 15:40:49', '0000-00-00 00:00:00', '0000-00-00 00:00:00', '0000-00-00 00:00:00', '');
INSERT INTO `tb_handling` (`id_customer`, `first_name`, `last_name`, `phone`, `country`, `timezone`, `addrest_list`, `state`, `city`, `zip`, `shipper`, `note`, `order_date`, `gender`, `email`, `age`, `height`, `Chronic_disease`, `married`, `children`, `id_status`, `id_statusb`, `id_statusc`, `id_statusd`, `id_statusf`, `id_agent`, `order_id`, `delivery_comment`, `promo`, `nama_product`, `description`, `package`, `shipment_type`, `amount`, `price`, `total`, `operator_comment`, `operator_comment3`, `operator_comment4`, `date_comment`, `date_comment2`, `date_comment3`, `date_comment4`, `bank_payment`) VALUES
(330, 'Subarko', '', '085323034600', '', '', '', '', '', 0, '', '', '2023-11-15 12:34:15', '', '', '', '', '', '', '', 0, 0, 7, 0, 0, 12, '92231252', '', '', '', '', '', '', '', 0, 0, '', '', '', '2023-11-26 15:42:50', '0000-00-00 00:00:00', '0000-00-00 00:00:00', '0000-00-00 00:00:00', ''),
(331, 'Rahayu', '', '081329339996', '', '', '', '', '', 0, '', '', '2023-11-15 12:34:32', '', '', '', '', '', '', '', 0, 0, 6, 0, 0, 12, '85269833', '', '', '', '', '', '', '', 0, 0, '', '', '', '2023-11-26 15:44:19', '0000-00-00 00:00:00', '0000-00-00 00:00:00', '0000-00-00 00:00:00', ''),
(332, 'Herman', '', '081223242519', '', '', '', '', '', 0, '', '', '2023-11-15 12:34:50', '', '', '', '', '', '', '', 3, 0, 0, 0, 0, 12, '94235856', '', '', '', '', '', '', '', 0, 0, 'tahap greeting', '', '', '2023-11-26 15:44:49', '0000-00-00 00:00:00', '0000-00-00 00:00:00', '0000-00-00 00:00:00', ''),
(333, 'Jaka', '', '081243859533', '', '', '', '', '', 0, '', '', '2023-11-15 12:35:17', '', '', '', '', '', '', '', 0, 0, 8, 0, 0, 12, '66971369', '', '', '', '', '', '', '', 0, 0, '', '', '', '2023-11-26 15:45:50', '0000-00-00 00:00:00', '0000-00-00 00:00:00', '0000-00-00 00:00:00', ''),
(334, 'Kristianto', '', '085740894340', '', '', '', '', '', 0, '', '', '2023-11-15 12:35:41', '', '', '', '', '', '', '', 0, 0, 6, 0, 0, 12, '18636925', '', '', '', '', '', '', '', 0, 0, '', '', '', '2023-11-26 15:47:04', '0000-00-00 00:00:00', '0000-00-00 00:00:00', '0000-00-00 00:00:00', ''),
(335, 'Burhanuddin', '', '085240432953', '', '', '', '', '', 0, '', '', '2023-11-15 12:36:03', '', '', '', '', '', '', '', 0, 0, 6, 0, 0, 12, '93523168', '', '', '', '', '', '', '', 0, 0, '', '', '', '2023-11-26 15:49:34', '0000-00-00 00:00:00', '0000-00-00 00:00:00', '0000-00-00 00:00:00', ''),
(336, 'Hetty Nababan', '', '081311493677', '', '', '', '', '', 0, '', '', '2023-11-15 12:36:47', '', '', '', '', '', '', '', 2, 0, 0, 0, 0, 12, '33182764', '', '', '', '', '', '', '', 0, 0, 'lgi di luar rmh ', '', '', '2023-11-26 15:50:19', '0000-00-00 00:00:00', '0000-00-00 00:00:00', '0000-00-00 00:00:00', ''),
(337, 'Yanti.', '', '081360666290', '', '', '', '', '', 0, '', '', '2023-11-15 12:37:05', '', '', '', '', '', '', '', 0, 0, 6, 0, 0, 12, '21846684', '', '', '', '', '', '', '', 0, 0, '', '', '', '2023-11-26 15:52:34', '0000-00-00 00:00:00', '0000-00-00 00:00:00', '0000-00-00 00:00:00', ''),
(338, 'Meidy Diem', '', '081340404454', '', '', '', '', '', 0, '', '', '2023-11-15 12:37:24', '', '', '', '', '', '', '', 0, 0, 7, 0, 0, 12, '89834272', '', '', '', '', '', '', '', 0, 0, '', '', '', '2023-11-26 15:53:19', '0000-00-00 00:00:00', '0000-00-00 00:00:00', '0000-00-00 00:00:00', ''),
(339, 'Hasrizal Hasanudin', '', '081310013665', '', '', '', '', '', 0, '', '', '2023-11-15 12:37:44', '', '', '', '', '', '', '', 0, 0, 7, 0, 0, 12, '61788345', '', '', '', '', '', '', '', 0, 0, '', '', '', '2023-11-26 15:54:49', '0000-00-00 00:00:00', '0000-00-00 00:00:00', '0000-00-00 00:00:00', ''),
(340, 'Prasetio Hadi', '', '082286592887', '', '', '', '', '', 0, '', '', '2023-11-15 12:38:09', '', '', '', '', '', '', '', 0, 0, 6, 0, 0, 12, '24756188', '', '', '', '', '', '', '', 0, 0, '', '', '', '2023-11-26 15:56:19', '0000-00-00 00:00:00', '0000-00-00 00:00:00', '0000-00-00 00:00:00', ''),
(341, 'Sugito', '', '081232605597', '', '', '', '', '', 0, '', '', '2023-11-15 12:38:54', '', '', '', '', '', '', '', 0, 0, 6, 0, 0, 12, '49158293', '', '', '', '', '', '', '', 0, 0, '', '', '', '2023-11-26 15:56:48', '0000-00-00 00:00:00', '0000-00-00 00:00:00', '0000-00-00 00:00:00', ''),
(342, 'Bambang', '', '081231880885', '', '', '', '', '', 0, '', '', '2023-11-15 12:39:12', '', '', '', '', '', '', '', 0, 0, 6, 0, 0, 12, '47974443', '', '', '', '', '', '', '', 0, 0, '', '', '', '2023-11-26 15:57:34', '0000-00-00 00:00:00', '0000-00-00 00:00:00', '0000-00-00 00:00:00', ''),
(343, 'Arman madina', '', '085656569366', '', '', '', '', '', 0, '', '', '2023-11-15 12:39:30', '', '', '', '', '', '', '', 0, 0, 6, 0, 0, 12, '37527874', '', '', '', '', '', '', '', 0, 0, '', '', '', '2023-11-26 15:58:19', '0000-00-00 00:00:00', '0000-00-00 00:00:00', '0000-00-00 00:00:00', ''),
(344, 'Hotma Raja Siahaan', '', '081265699965', '', '', '', '', '', 0, '', '', '2023-11-15 12:39:54', '', '', '', '', '', '', '', 0, 0, 6, 0, 0, 12, '74326963', '', '', '', '', '', '', '', 0, 0, '', '', '', '2023-11-26 15:58:49', '0000-00-00 00:00:00', '0000-00-00 00:00:00', '0000-00-00 00:00:00', ''),
(345, 'Linne Tamara', '', '081319203434', '', '', '', '', '', 0, '', '', '2023-11-15 12:40:16', '', '', '', '', '', '', '', 2, 0, 0, 0, 0, 12, '85582434', '', '', '', '', '', '', '', 0, 0, 'lgi jaga cucu di rmh skt', '', '', '2023-11-26 15:59:34', '0000-00-00 00:00:00', '0000-00-00 00:00:00', '0000-00-00 00:00:00', ''),
(346, 'Subiantara', '', '082237613407', '', '', '', '', '', 0, '', '', '2023-11-15 12:40:41', '', '', '', '', '', '', '', 0, 0, 6, 0, 0, 12, '28239436', '', '', '', '', '', '', '', 0, 0, '', '', '', '2023-11-26 16:03:34', '0000-00-00 00:00:00', '0000-00-00 00:00:00', '0000-00-00 00:00:00', ''),
(347, 'Serimpuni Lussy', '', '082193082443', '', '', '', '', '', 0, '', '', '2023-11-15 12:41:06', '', '', '', '', '', '', '', 0, 0, 7, 0, 0, 12, '44546529', '', '', '', '', '', '', '', 0, 0, '', '', '', '2023-11-26 16:04:04', '0000-00-00 00:00:00', '0000-00-00 00:00:00', '0000-00-00 00:00:00', ''),
(348, 'Ishak Junaedi', '', '085649475296', '', '', '', '', '', 0, '', '', '2023-11-15 12:41:30', '', '', '', '', '', '', '', 0, 0, 6, 0, 0, 12, '56977233', '', '', '', '', '', '', '', 0, 0, '', '', '', '2023-11-26 16:05:49', '0000-00-00 00:00:00', '0000-00-00 00:00:00', '0000-00-00 00:00:00', ''),
(349, 'Rinduan Samosiro', '', '085280527066', '', '', '', '', '', 0, '', '', '2023-11-15 12:41:57', '', '', '', '', '', '', '', 0, 0, 6, 0, 0, 12, '42914493', '', '', '', '', '', '', '', 0, 0, '', '', '', '2023-11-26 16:07:04', '0000-00-00 00:00:00', '0000-00-00 00:00:00', '0000-00-00 00:00:00', ''),
(350, 'Bpk Abdullah R', '', '081355526339', '', '', '', '', '', 0, '', '', '2023-11-15 12:42:20', '', '', '', '', '', '', '', 0, 0, 8, 0, 0, 12, '47549432', '', '', '', '', '', '', '', 0, 0, '', '', '', '2023-11-26 16:07:34', '0000-00-00 00:00:00', '0000-00-00 00:00:00', '0000-00-00 00:00:00', ''),
(351, 'Bagus Priambodo', '', '081326848999', '', '', '', '', '', 0, '', '', '2023-11-15 12:42:40', '', '', '', '', '', '', '', 3, 0, 0, 0, 0, 12, '34357646', '', '', '', '', '', '', '', 0, 0, 'tahap greeting', '', '', '2023-11-26 16:09:00', '0000-00-00 00:00:00', '0000-00-00 00:00:00', '0000-00-00 00:00:00', ''),
(352, 'M herbianto S', '', '085778573693', '', '', '', '', '', 0, '', '', '2023-11-15 12:43:10', '', '', '', '', '', '', '', 0, 0, 6, 0, 0, 12, '77945593', '', '', '', '', '', '', '', 0, 0, '', '', '', '2023-11-26 16:10:19', '0000-00-00 00:00:00', '0000-00-00 00:00:00', '0000-00-00 00:00:00', ''),
(353, 'Iketut Gangga Putra', '', '082145076949', '', '', '', '', '', 0, '', '', '2023-11-15 12:43:44', '', '', '', '', '', '', '', 0, 13, 0, 0, 0, 12, '12277498', '', '', '', '', '', '', '', 0, 0, 'lgi penanggan dokter', '', '', '2023-11-26 16:10:48', '0000-00-00 00:00:00', '0000-00-00 00:00:00', '0000-00-00 00:00:00', ''),
(354, 'Artinis (ibu pemilik)', '', '081288164117', '', '', '', '', '', 0, '', '', '2023-11-15 12:44:08', '', '', '', '', '', '', '', 0, 0, 7, 0, 0, 12, '51756711', '', '', '', '', '', '', '', 0, 0, '', '', '', '2023-11-26 16:13:34', '0000-00-00 00:00:00', '0000-00-00 00:00:00', '0000-00-00 00:00:00', ''),
(355, 'Iya Kosasih', '', '089630440214', '', '', '', '', '', 0, '', '', '2023-11-15 12:44:31', '', '', '', '', '', '', '', 0, 0, 6, 0, 0, 12, '15186755', '', '', '', '', '', '', '', 0, 0, '', '', '', '2023-11-26 16:15:04', '0000-00-00 00:00:00', '0000-00-00 00:00:00', '0000-00-00 00:00:00', ''),
(356, 'Jamat bin ldi (pak jamat)', '', '082159781243', '', '', '', '', '', 0, '', '', '2023-11-15 12:44:56', '', '', '', '', '', '', '', 0, 0, 6, 0, 0, 12, '54898597', '', '', '', '', '', '', '', 0, 0, '', '', '', '2023-11-26 16:15:34', '0000-00-00 00:00:00', '0000-00-00 00:00:00', '0000-00-00 00:00:00', ''),
(357, 'Abd Rahman', '', '082236744241', '', '', '', '', '', 0, '', '', '2023-11-15 12:45:27', '', '', '', '', '', '', '', 2, 0, 0, 0, 0, 12, '71977629', '', '', '', '', '', '', '', 0, 0, 'anknya yg angkat', '', '', '2023-11-26 16:16:03', '0000-00-00 00:00:00', '0000-00-00 00:00:00', '0000-00-00 00:00:00', ''),
(358, 'Andi anto', '', '082347419231', '', '', '', '', '', 0, '', '', '2023-11-15 12:45:47', '', '', '', '', '', '', '', 0, 0, 6, 0, 0, 12, '62146245', '', '', '', '', '', '', '', 0, 0, '', '', '', '2023-11-26 16:17:34', '0000-00-00 00:00:00', '0000-00-00 00:00:00', '0000-00-00 00:00:00', ''),
(359, 'Komeng Roti', '', '081586864561', '', '', '', '', '', 0, '', '', '2023-11-15 12:46:06', '', '', '', '', '', '', '', 0, 0, 6, 0, 0, 12, '74266539', '', '', '', '', '', '', '', 0, 0, '', '', '', '2023-11-26 16:18:04', '0000-00-00 00:00:00', '0000-00-00 00:00:00', '0000-00-00 00:00:00', ''),
(360, 'Hendril', '', '085363689214', '', '', '', '', '', 0, '', '', '2023-11-15 12:46:47', '', '', '', '', '', '', '', 0, 0, 6, 0, 0, 12, '83263937', '', '', '', '', '', '', '', 0, 0, '', '', '', '2023-11-26 16:19:19', '0000-00-00 00:00:00', '0000-00-00 00:00:00', '0000-00-00 00:00:00', ''),
(361, 'Nawawi', '', '087814435800', '', '', '', '', '', 0, '', '', '2023-11-15 12:47:23', '', '', '', '', '', '', '', 0, 0, 6, 0, 0, 12, '41491878', '', '', '', '', '', '', '', 0, 0, '', '', '', '2023-11-26 16:19:49', '0000-00-00 00:00:00', '0000-00-00 00:00:00', '0000-00-00 00:00:00', ''),
(363, 'Andiranreng', '', '085221873454', '', '', '', '', '', 0, '', '', '2023-11-15 12:48:01', '', '', '', '', '', '', '', 0, 0, 6, 0, 0, 12, '91483975', '', '', '', '', '', '', '', 0, 0, '', '', '', '2023-11-26 16:22:49', '0000-00-00 00:00:00', '0000-00-00 00:00:00', '0000-00-00 00:00:00', ''),
(364, 'Gustav Sihombing', '', '085316029156', '', '', '', '', '', 0, '', '', '2023-11-15 12:48:25', '', '', '', '', '', '', '', 0, 0, 6, 0, 0, 12, '72821787', '', '', '', '', '', '', '', 0, 0, '', '', '', '2023-11-26 16:23:19', '0000-00-00 00:00:00', '0000-00-00 00:00:00', '0000-00-00 00:00:00', ''),
(365, 'Rizki', '', '087835384513', '', '', '', '', '', 0, '', '', '2023-11-15 12:48:44', '', '', '', '', '', '', '', 0, 0, 6, 0, 0, 12, '18825161', '', '', '', '', '', '', '', 0, 0, '', '', '', '2023-11-26 16:23:49', '0000-00-00 00:00:00', '0000-00-00 00:00:00', '0000-00-00 00:00:00', ''),
(366, 'Situmeang pane', '', '0813111214136', '', '', '', '', '', 0, '', '', '2023-11-15 12:49:09', '', '', '', '', '', '', '', 0, 0, 6, 0, 0, 12, '78657831', '', '', '', '', '', '', '', 0, 0, '', '', '', '2023-11-26 16:26:04', '0000-00-00 00:00:00', '0000-00-00 00:00:00', '0000-00-00 00:00:00', ''),
(367, 'bakar. m', '', '081374017778', '', '', '', '', '', 0, '', '', '2023-11-15 12:49:30', '', '', '', '', '', '', '', 0, 0, 6, 0, 0, 12, '12535972', '', '', '', '', '', '', '', 0, 0, '', '', '', '2023-11-26 16:26:34', '0000-00-00 00:00:00', '0000-00-00 00:00:00', '0000-00-00 00:00:00', ''),
(368, 'Usnaim', '', '08124151854', '', '', '', '', '', 0, '', '', '2023-11-15 12:49:56', '', '', '', '', '', '', '', 0, 0, 7, 0, 0, 12, '61414767', '', '', '', '', '', '', '', 0, 0, '', '', '', '2023-11-26 16:27:04', '0000-00-00 00:00:00', '0000-00-00 00:00:00', '0000-00-00 00:00:00', ''),
(369, 'Mulyadi Supir', '', '083856021469', '', '', '', '', '', 0, '', '', '2023-11-15 12:50:14', '', '', '', '', '', '', '', 2, 0, 0, 0, 0, 12, '59857428', '', '', '', '', '', '', '', 0, 0, 'lgi membawa mobil', '', '', '2023-11-26 16:28:19', '0000-00-00 00:00:00', '0000-00-00 00:00:00', '0000-00-00 00:00:00', ''),
(370, 'Stevanli mokoagow', '', '082323485867', '', '', '', '', '', 0, '', '', '2023-11-15 12:50:45', '', '', '', '', '', '', '', 0, 0, 6, 0, 0, 12, '13641212', '', '', '', '', '', '', '', 0, 0, '', '', '', '2023-11-26 16:33:22', '0000-00-00 00:00:00', '0000-00-00 00:00:00', '0000-00-00 00:00:00', ''),
(371, 'syamsul', '', '081275656160', '', '', '', '', '', 0, '', '', '2023-11-15 12:51:10', '', '', '', '', '', '', '', 0, 0, 7, 0, 0, 12, '73267346', '', '', '', '', '', '', '', 0, 0, '', '', '', '2023-11-26 16:37:10', '0000-00-00 00:00:00', '0000-00-00 00:00:00', '0000-00-00 00:00:00', ''),
(372, 'okuli', '(Combo)', '082267696362', 'Indonesia', 'Asia/Jakarta', 'Desa Tanjung Mulia Kec Medan Deli ( patokan dr ger', 'Sumatera Utara', 'Medan', 20241, '', '', '2023-11-15 12:51:54', 'Man', '', '37', '148', 'ed ', 'yes', 'yes', 0, 0, 7, 0, 0, 12, '81722956', '', '', 'EPROS', '', '', '3-6days', '1', 890, 890, '', '', '', '2023-11-30 21:00:32', '0000-00-00 00:00:00', '0000-00-00 00:00:00', '0000-00-00 00:00:00', 'COD'),
(373, 'Tobing', '', '081341435344', '', '', '', '', '', 0, '', '', '2023-11-15 12:52:12', '', '', '', '', '', '', '', 3, 0, 0, 0, 0, 12, '47497639', '', '', '', '', '', '', '', 0, 0, 'tahap greeting', '', '', '2023-11-27 17:33:56', '0000-00-00 00:00:00', '0000-00-00 00:00:00', '0000-00-00 00:00:00', ''),
(374, 'Sutarmin', '', '081233171488', '', '', '', '', '', 0, '', '', '2023-11-15 12:52:29', '', '', '', '', '', '', '', 0, 0, 6, 0, 0, 12, '37693676', '', '', '', '', '', '', '', 0, 0, '', '', '', '2023-11-27 17:40:10', '0000-00-00 00:00:00', '0000-00-00 00:00:00', '0000-00-00 00:00:00', ''),
(375, 'Tarmizi', '', '081361806639', '', '', '', '', '', 0, '', '', '2023-11-15 12:52:47', '', '', '', '', '', '', '', 3, 0, 0, 0, 0, 12, '82433961', '', '', '', '', '', '', '', 0, 0, 'tahap greeting', '', '', '2023-11-27 17:41:06', '0000-00-00 00:00:00', '0000-00-00 00:00:00', '0000-00-00 00:00:00', ''),
(377, 'Pebruari', '', '085317756881', '', '', '', '', '', 0, '', '', '2023-11-15 12:53:32', '', '', '', '', '', '', '', 0, 0, 6, 0, 0, 12, '38948755', '', '', '', '', '', '', '', 0, 0, '', '', '', '2023-11-27 18:47:32', '0000-00-00 00:00:00', '0000-00-00 00:00:00', '0000-00-00 00:00:00', ''),
(378, 'isjayadi', '', '081228540036', '', '', '', '', '', 0, '', '', '2023-11-15 12:53:55', '', '', '', '', '', '', '', 0, 0, 7, 0, 0, 12, '43759233', '', '', '', '', '', '', '', 0, 0, '', '', '', '2023-11-27 18:48:17', '0000-00-00 00:00:00', '0000-00-00 00:00:00', '0000-00-00 00:00:00', ''),
(379, 'Sujiatmono', '', '085713426367', '', '', '', '', '', 0, '', '', '2023-11-15 12:54:17', '', '', '', '', '', '', '', 0, 0, 6, 0, 0, 12, '71142494', '', '', '', '', '', '', '', 0, 0, '', '', '', '2023-11-27 18:49:32', '0000-00-00 00:00:00', '0000-00-00 00:00:00', '0000-00-00 00:00:00', ''),
(380, 'Naila', '', '085216100538', '', '', '', '', '', 0, '', '', '2023-11-15 12:54:38', '', '', '', '', '', '', '', 0, 0, 6, 0, 0, 12, '68834695', '', '', '', '', '', '', '', 0, 0, '', '', '', '2023-11-27 18:50:32', '0000-00-00 00:00:00', '0000-00-00 00:00:00', '0000-00-00 00:00:00', ''),
(382, 'Haryanto/Pak Heri', '', '081295089467', '', '', '', '', '', 0, '', '', '2023-11-15 12:55:15', '', '', '', '', '', '', '', 0, 0, 7, 0, 0, 12, '51771313', '', '', '', '', '', '', '', 0, 0, '', '', '', '2023-11-27 18:55:17', '0000-00-00 00:00:00', '0000-00-00 00:00:00', '0000-00-00 00:00:00', ''),
(383, 'Tarsini/solikin', '', '083869108254', '', '', '', '', '', 0, '', '', '2023-11-15 12:55:40', '', '', '', '', '', '', '', 0, 0, 6, 0, 0, 12, '85364625', '', '', '', '', '', '', '', 0, 0, '', '', '', '2023-11-27 18:56:56', '0000-00-00 00:00:00', '0000-00-00 00:00:00', '0000-00-00 00:00:00', ''),
(384, 'Imade Tarka Bag Kepegawaian', '', '087862246822', '', '', '', '', '', 0, '', '', '2023-11-15 12:56:39', '', '', '', '', '', '', '', 0, 0, 6, 0, 0, 12, '84677433', '', '', '', '', '', '', '', 0, 0, '', '', '', '2023-11-27 18:57:31', '0000-00-00 00:00:00', '0000-00-00 00:00:00', '0000-00-00 00:00:00', ''),
(385, 'Subarto', '', '082358379997', '', '', '', '', '', 0, '', '', '2023-11-15 12:57:26', '', '', '', '', '', '', '', 0, 0, 7, 0, 0, 12, '63163538', '', '', '', '', '', '', '', 0, 0, '', '', '', '2023-11-27 18:59:29', '0000-00-00 00:00:00', '0000-00-00 00:00:00', '0000-00-00 00:00:00', ''),
(386, 'Nurinti ', '', '081362756014', '', '', '', '', '', 0, '', '', '2023-11-15 12:57:58', '', '', '', '', '', '', '', 0, 0, 6, 0, 0, 12, '26991643', '', '', '', '', '', '', '', 0, 0, '', '', '', '2023-11-27 19:00:47', '0000-00-00 00:00:00', '0000-00-00 00:00:00', '0000-00-00 00:00:00', ''),
(388, 'Aliaman Sinaga', '', '081264966606', '', '', '', '', '', 0, '', '', '2023-11-15 12:58:37', '', '', '', '', '', '', '', 0, 0, 6, 0, 0, 12, '95267457', '', '', '', '', '', '', '', 0, 0, '', '', '', '2023-11-27 19:04:19', '0000-00-00 00:00:00', '0000-00-00 00:00:00', '0000-00-00 00:00:00', ''),
(389, 'Marwan', '', '085342599499', '', '', '', '', '', 0, '', '', '2023-11-15 12:59:05', '', '', '', '', '', '', '', 0, 0, 6, 0, 0, 12, '78378555', '', '', '', '', '', '', '', 0, 0, '', '', '', '2023-11-27 19:04:49', '0000-00-00 00:00:00', '0000-00-00 00:00:00', '0000-00-00 00:00:00', ''),
(390, 'payong', '', '082154154108', '', '', '', '', '', 0, '', '', '2023-11-15 12:59:27', '', '', '', '', '', '', '', 0, 0, 7, 0, 0, 12, '91619216', '', '', '', '', '', '', '', 0, 0, '', '', '', '2023-11-27 19:05:18', '0000-00-00 00:00:00', '0000-00-00 00:00:00', '0000-00-00 00:00:00', ''),
(392, 'Edi', '', '085858911530', '', '', '', '', '', 0, '', '', '2023-11-15 13:00:17', '', '', '', '', '', '', '', 0, 0, 6, 0, 0, 12, '33728811', '', '', '', '', '', '', '', 0, 0, '', '', '', '2023-11-27 19:09:17', '0000-00-00 00:00:00', '0000-00-00 00:00:00', '0000-00-00 00:00:00', ''),
(393, 'Jubaida', '', '085249121346', '', '', '', '', '', 0, '', '', '2023-11-15 13:00:50', '', '', '', '', '', '', '', 0, 0, 6, 0, 0, 12, '61222454', '', '', '', '', '', '', '', 0, 0, '', '', '', '2023-11-27 19:09:47', '0000-00-00 00:00:00', '0000-00-00 00:00:00', '0000-00-00 00:00:00', ''),
(394, 'Budi Riadi', '', '085830777504', '', '', '', '', '', 0, '', '', '2023-11-15 13:01:09', '', '', '', '', '', '', '', 2, 0, 0, 0, 0, 12, '81694275', '', '', '', '', '', '', '', 0, 0, 'lgi sibuk', '', '', '2023-11-27 19:10:32', '0000-00-00 00:00:00', '0000-00-00 00:00:00', '0000-00-00 00:00:00', ''),
(395, 'Surip', '', '082161887473', '', '', '', '', '', 0, '', '', '2023-11-15 13:01:36', '', '', '', '', '', '', '', 0, 0, 6, 0, 0, 12, '61281757', '', '', '', '', '', '', '', 0, 0, '', '', '', '2023-11-27 19:17:03', '0000-00-00 00:00:00', '0000-00-00 00:00:00', '0000-00-00 00:00:00', ''),
(397, 'Hasin', '', '081939311811', '', '', '', '', '', 0, '', '', '2023-11-15 13:02:18', '', '', '', '', '', '', '', 0, 12, 0, 0, 19, 13, '59441762', '', '', '', '', '', '', '', 0, 0, '', '', '', '2023-11-21 13:38:05', '0000-00-00 00:00:00', '0000-00-00 00:00:00', '0000-00-00 00:00:00', ''),
(400, 'I nyoman warsa', '', '082340789769', '', '', '', '', '', 0, '', '', '2023-11-15 13:03:14', '', '', '', '', '', '', '', 0, 0, 8, 0, 0, 12, '53339361', '', '', '', '', '', '', '', 0, 0, '', '', '', '2023-11-27 19:24:08', '0000-00-00 00:00:00', '0000-00-00 00:00:00', '0000-00-00 00:00:00', ''),
(401, 'Ropinus Tomy atau Pak Roki', '', '085828254441', '', '', '', '', '', 0, '', '', '2023-11-15 13:03:49', '', '', '', '', '', '', '', 0, 0, 6, 0, 0, 12, '48116445', '', '', '', '', '', '', '', 0, 0, '', '', '', '2023-11-27 19:25:17', '0000-00-00 00:00:00', '0000-00-00 00:00:00', '0000-00-00 00:00:00', ''),
(402, 'Bambang Siswosukono', '', '081259827972', '', '', '', '', '', 0, '', '', '2023-11-15 13:04:15', '', '', '', '', '', '', '', 0, 0, 7, 0, 0, 12, '91399348', '', '', '', '', '', '', '', 0, 0, '', '', '', '2023-11-27 19:25:47', '0000-00-00 00:00:00', '0000-00-00 00:00:00', '0000-00-00 00:00:00', ''),
(403, 'Rokhman', '', '081320937673', '', '', '', '', '', 0, '', '', '2023-11-15 13:04:38', '', '', '', '', '', '', '', 0, 0, 7, 0, 0, 12, '22455154', '', '', '', '', '', '', '', 0, 0, '', '', '', '2023-11-27 19:27:39', '0000-00-00 00:00:00', '0000-00-00 00:00:00', '0000-00-00 00:00:00', ''),
(404, 'Heto Susantoro', '', '085220226807', '', '', '', '', '', 0, '', '', '2023-11-15 13:04:56', '', '', '', '', '', '', '', 0, 0, 6, 0, 0, 12, '73471555', '', '', '', '', '', '', '', 0, 0, '', '', '', '2023-11-27 19:29:02', '0000-00-00 00:00:00', '0000-00-00 00:00:00', '0000-00-00 00:00:00', ''),
(405, 'Hamid Mohammad', '', '082196645148', '', '', '', '', '', 0, '', '', '2023-11-15 13:05:14', '', '', '', '', '', '', '', 2, 0, 0, 0, 0, 12, '48138827', '', '', '', '', '', '', '', 0, 0, 'lgi dijln plng', '', '', '2023-11-27 19:29:50', '0000-00-00 00:00:00', '0000-00-00 00:00:00', '0000-00-00 00:00:00', ''),
(406, 'Didin', '', '087723008578', '', '', '', '', '', 0, '', '', '2023-11-15 13:05:45', '', '', '', '', '', '', '', 0, 0, 7, 0, 0, 12, '33198364', '', '', '', '', '', '', '', 0, 0, '', '', '', '2023-11-27 19:35:20', '0000-00-00 00:00:00', '0000-00-00 00:00:00', '0000-00-00 00:00:00', ''),
(407, 'MAerat Bujang', '', '085752166376', '', '', '', '', '', 0, '', '', '2023-11-15 13:06:00', '', '', '', '', '', '', '', 0, 0, 6, 0, 0, 12, '29774942', '', '', '', '', '', '', '', 0, 0, '', '', '', '2023-11-27 19:36:48', '0000-00-00 00:00:00', '0000-00-00 00:00:00', '0000-00-00 00:00:00', ''),
(408, 'Sahri', '', '081216702543', '', '', '', '', '', 0, '', '', '2023-11-15 13:06:25', '', '', '', '', '', '', '', 0, 0, 7, 0, 0, 12, '13131444', '', '', '', '', '', '', '', 0, 0, '', '', '', '2023-11-27 19:37:32', '0000-00-00 00:00:00', '0000-00-00 00:00:00', '0000-00-00 00:00:00', ''),
(410, 'Marten', '', '081256007323', '', '', '', '', '', 0, '', '', '2023-11-15 13:07:10', '', '', '', '', '', '', '', 0, 0, 6, 0, 0, 12, '17921461', '', '', '', '', '', '', '', 0, 0, '', '', '', '2023-11-27 19:42:33', '0000-00-00 00:00:00', '0000-00-00 00:00:00', '0000-00-00 00:00:00', ''),
(413, 'Karsam', '', '081573473303', '', '', '', '', '', 0, '', '', '2023-11-15 13:09:11', '', '', '', '', '', '', '', 0, 0, 6, 0, 0, 12, '38934454', '', '', '', '', '', '', '', 0, 0, '', '', '', '2023-11-27 19:53:19', '0000-00-00 00:00:00', '0000-00-00 00:00:00', '0000-00-00 00:00:00', ''),
(414, 'Indra', '', '0895385959841', '', '', '', '', '', 0, '', '', '2023-11-15 13:09:36', '', '', '', '', '', '', '', 0, 0, 7, 0, 0, 12, '83183131', '', '', '', '', '', '', '', 0, 0, '', '', '', '2023-11-27 19:54:51', '0000-00-00 00:00:00', '0000-00-00 00:00:00', '0000-00-00 00:00:00', ''),
(415, 'Darsito', '', '082148576914', '', '', '', '', '', 0, '', '', '2023-11-15 13:10:00', '', '', '', '', '', '', '', 0, 0, 6, 0, 0, 12, '38768578', '', '', '', '', '', '', '', 0, 0, '', '', '', '2023-11-27 19:56:22', '0000-00-00 00:00:00', '0000-00-00 00:00:00', '0000-00-00 00:00:00', ''),
(416, 'Saldi', '', '081244112444', '', '', '', '', '', 0, '', '', '2023-11-15 13:10:24', '', '', '', '', '', '', '', 0, 0, 6, 0, 0, 12, '31813441', '', '', '', '', '', '', '', 0, 0, '', '', '', '2023-11-27 19:57:17', '0000-00-00 00:00:00', '0000-00-00 00:00:00', '0000-00-00 00:00:00', ''),
(417, 'Yayan', '', '085810580948', '', '', '', '', '', 0, '', '', '2023-11-15 13:10:47', '', '', '', '', '', '', '', 0, 0, 6, 0, 0, 12, '52312892', '', '', '', '', '', '', '', 0, 0, '', '', '', '2023-11-27 19:58:20', '0000-00-00 00:00:00', '0000-00-00 00:00:00', '0000-00-00 00:00:00', ''),
(418, 'Antonio', '', '081250704512', '', '', '', '', '', 0, '', '', '2023-11-15 13:11:14', '', '', '', '', '', '', '', 0, 0, 6, 0, 0, 12, '48323527', '', '', '', '', '', '', '', 0, 0, '', '', '', '2023-11-27 20:00:03', '0000-00-00 00:00:00', '0000-00-00 00:00:00', '0000-00-00 00:00:00', ''),
(419, 'Ridwan', '', '085894771878', '', '', '', '', '', 0, '', '', '2023-11-15 13:11:38', '', '', '', '', '', '', '', 0, 0, 6, 0, 0, 12, '87644365', '', '', '', '', '', '', '', 0, 0, '', '', '', '2023-11-27 20:06:47', '0000-00-00 00:00:00', '0000-00-00 00:00:00', '0000-00-00 00:00:00', ''),
(420, 'Lowell Hutapea (pendeta)', '', '081223425520', '', '', '', '', '', 0, '', '', '2023-11-15 13:12:16', '', '', '', '', '', '', '', 2, 0, 0, 0, 0, 12, '62785782', '', '', '', '', '', '', '', 0, 0, 'lagi sibuk', '', '', '2023-11-27 20:07:17', '0000-00-00 00:00:00', '0000-00-00 00:00:00', '0000-00-00 00:00:00', ''),
(421, 'Budi Tira', '', '081381257576', '', '', '', '', '', 0, '', '', '2023-11-15 13:12:51', '', '', '', '', '', '', '', 0, 0, 6, 0, 0, 12, '58783614', '', '', '', '', '', '', '', 0, 0, '', '', '', '2023-11-27 20:09:05', '0000-00-00 00:00:00', '0000-00-00 00:00:00', '0000-00-00 00:00:00', ''),
(422, 'Kanjeng Mamy/ Dwi retno', '', '081252770019', '', '', '', '', '', 0, '', '', '2023-11-15 13:13:12', '', '', '', '', '', '', '', 0, 0, 6, 0, 0, 12, '64913874', '', '', '', '', '', '', '', 0, 0, '', '', '', '2023-11-27 20:10:35', '0000-00-00 00:00:00', '0000-00-00 00:00:00', '0000-00-00 00:00:00', ''),
(423, 'Karyono Palet Kayu UD Barok', '', '082393155037', '', '', '', '', '', 0, '', '', '2023-11-16 10:44:24', '', '', '', '', '', '', '', 2, 0, 0, 0, 0, 12, '52347883', '', '', '', '', '', '', '', 0, 0, 'nanti klien yg tlp lgi utk pesan', '', '', '2023-11-27 20:11:50', '0000-00-00 00:00:00', '0000-00-00 00:00:00', '0000-00-00 00:00:00', ''),
(424, 'Misdiansyah', '', '085822290028', '', '', '', '', '', 0, '', '', '2023-11-16 10:45:19', '', '', '', '', '', '', '', 0, 0, 6, 0, 0, 12, '97726281', '', '', '', '', '', '', '', 0, 0, '', '', '', '2023-11-27 20:20:52', '0000-00-00 00:00:00', '0000-00-00 00:00:00', '0000-00-00 00:00:00', ''),
(425, 'Muhammad Rusli', '', '085397469945', '', '', '', '', '', 0, '', '', '2023-11-16 10:45:43', '', '', '', '', '', '', '', 0, 0, 6, 0, 0, 12, '79652786', '', '', '', '', '', '', '', 0, 0, '', '', '', '2023-11-27 20:22:48', '0000-00-00 00:00:00', '0000-00-00 00:00:00', '0000-00-00 00:00:00', ''),
(427, 'ANDREW', '', '087817620316', '', '', '', '', '', 0, '', '', '2023-11-16 10:46:28', '', '', '', '', '', '', '', 0, 0, 6, 0, 0, 12, '42668938', '', '', '', '', '', '', '', 0, 0, '', '', '', '2023-11-27 20:26:02', '0000-00-00 00:00:00', '0000-00-00 00:00:00', '0000-00-00 00:00:00', ''),
(428, 'Mustamin', '', '082156995777', '', '', '', '', '', 0, '', '', '2023-11-16 10:46:52', '', '', '', '', '', '', '', 0, 0, 6, 0, 0, 12, '76643858', '', '', '', '', '', '', '', 0, 0, '', '', '', '2023-11-27 20:28:45', '0000-00-00 00:00:00', '0000-00-00 00:00:00', '0000-00-00 00:00:00', ''),
(429, 'Andri prasetyo', '', '085749001128', '', '', '', '', '', 0, '', '', '2023-11-16 10:47:14', '', '', '', '', '', '', '', 0, 0, 6, 0, 0, 12, '29865199', '', '', '', '', '', '', '', 0, 0, '', '', '', '2023-11-27 20:29:17', '0000-00-00 00:00:00', '0000-00-00 00:00:00', '0000-00-00 00:00:00', ''),
(430, 'Polikarpus Deodatus', '', '081256128477', '', '', '', '', '', 0, '', '', '2023-11-16 10:47:44', '', '', '', '', '', '', '', 3, 0, 0, 0, 0, 12, '32837168', '', '', '', '', '', '', '', 0, 0, 'tahap greeting', '', '', '2023-11-27 20:30:37', '0000-00-00 00:00:00', '0000-00-00 00:00:00', '0000-00-00 00:00:00', ''),
(431, 'abiel', '', '085716638219', '', '', '', '', '', 0, '', '', '2023-11-16 10:48:07', '', '', '', '', '', '', '', 0, 0, 6, 0, 0, 12, '89989798', '', '', '', '', '', '', '', 0, 0, '', '', '', '2023-11-27 20:36:17', '0000-00-00 00:00:00', '0000-00-00 00:00:00', '0000-00-00 00:00:00', ''),
(432, 'TAHIR DJ ALI Bapak Indri', '', '082194073428', '', '', '', '', '', 0, '', '', '2023-11-16 10:48:29', '', '', '', '', '', '', '', 0, 0, 7, 0, 0, 12, '85217222', '', '', '', '', '', '', '', 0, 0, '', '', '', '2023-11-27 20:38:21', '0000-00-00 00:00:00', '0000-00-00 00:00:00', '0000-00-00 00:00:00', ''),
(434, 'Lenny manueke', '', '085255005916', '', '', '', '', '', 0, '', '', '2023-11-16 10:49:16', '', '', '', '', '', '', '', 0, 0, 6, 0, 0, 12, '78563934', '', '', '', '', '', '', '', 0, 0, '', '', '', '2023-11-27 20:42:22', '0000-00-00 00:00:00', '0000-00-00 00:00:00', '0000-00-00 00:00:00', ''),
(435, 'Fajar kasih hutasoit', '', '082162918576', '', '', '', '', '', 0, '', '', '2023-11-16 10:49:41', '', '', '', '', '', '', '', 2, 0, 0, 0, 0, 13, '75617743', '', '', '', '', '', '', '', 0, 0, 'ini test comment', '', '', '2023-12-01 23:57:20', '0000-00-00 00:00:00', '0000-00-00 00:00:00', '0000-00-00 00:00:00', ''),
(436, 'Berlin Sijabat', '', '082368658477', '', '', '', '', '', 0, '', '', '2023-11-16 10:50:25', '', '', '', '', '', '', '', 3, 0, 0, 0, 0, 12, '97842638', '', '', '', '', '', '', '', 0, 0, 'tahap greeting', '', '', '2023-11-27 20:47:17', '0000-00-00 00:00:00', '0000-00-00 00:00:00', '0000-00-00 00:00:00', ''),
(437, 'Syahbudin', '', '085753881039', '', '', '', '', '', 0, '', '', '2023-11-16 10:50:53', '', '', '', '', '', '', '', 0, 0, 6, 0, 0, 12, '81727678', '', '', '', '', '', '', '', 0, 0, '', '', '', '2023-11-27 20:48:16', '0000-00-00 00:00:00', '0000-00-00 00:00:00', '0000-00-00 00:00:00', ''),
(438, 'Benny Robert', '', '081213099415', '', '', '', '', '', 0, '', '', '2023-11-16 10:51:18', '', '', '', '', '', '', '', 0, 0, 7, 0, 0, 12, '92446314', '', '', '', '', '', '', '', 0, 0, '', '', '', '2023-11-27 20:48:47', '0000-00-00 00:00:00', '0000-00-00 00:00:00', '0000-00-00 00:00:00', ''),
(439, 'Yuliaty', '', '083867818660', '', '', '', '', '', 0, '', '', '2023-11-16 10:51:42', '', '', '', '', '', '', '', 0, 0, 7, 0, 0, 12, '91128673', '', '', '', '', '', '', '', 0, 0, '', '', '', '2023-11-27 20:51:13', '0000-00-00 00:00:00', '0000-00-00 00:00:00', '0000-00-00 00:00:00', ''),
(440, 'Amiruddin Sitorus', '', '081233720693', '', '', '', '', '', 0, '', '', '2023-11-16 10:52:08', '', '', '', '', '', '', '', 0, 0, 6, 0, 0, 12, '68126165', '', '', '', '', '', '', '', 0, 0, '', '', '', '2023-11-27 20:52:48', '0000-00-00 00:00:00', '0000-00-00 00:00:00', '0000-00-00 00:00:00', ''),
(441, 'Johny Galela', '', '082262709840', '', '', '', '', '', 0, '', '', '2023-11-16 10:52:32', '', '', '', '', '', '', '', 0, 0, 7, 0, 0, 12, '57616829', '', '', '', '', '', '', '', 0, 0, '', '', '', '2023-11-27 20:53:53', '0000-00-00 00:00:00', '0000-00-00 00:00:00', '0000-00-00 00:00:00', ''),
(442, 'I nyoman Gentos', '', '081339768642', '', '', '', '', '', 0, '', '', '2023-11-16 13:49:08', '', '', '', '', '', '', '', 0, 0, 7, 0, 0, 12, '37939478', '', '', '', '', '', '', '', 0, 0, '', '', '', '2023-11-27 20:56:03', '0000-00-00 00:00:00', '0000-00-00 00:00:00', '0000-00-00 00:00:00', ''),
(443, 'Deni', '', '082394150111', '', '', '', '', '', 0, '', '', '2023-11-16 13:50:35', '', '', '', '', '', '', '', 0, 0, 6, 0, 0, 12, '93189644', '', '', '', '', '', '', '', 0, 0, '', '', '', '2023-11-27 20:57:32', '0000-00-00 00:00:00', '0000-00-00 00:00:00', '0000-00-00 00:00:00', ''),
(444, 'Ida Bagus Alit Oka', '', '081238440827', '', '', '', '', '', 0, '', '', '2023-11-16 13:51:00', '', '', '', '', '', '', '', 0, 0, 7, 0, 0, 12, '54711454', '', '', '', '', '', '', '', 0, 0, '', '', '', '2023-11-27 20:58:32', '0000-00-00 00:00:00', '0000-00-00 00:00:00', '0000-00-00 00:00:00', ''),
(445, 'Abdul Asis', '', '082193163137', '', '', '', '', '', 0, '', '', '2023-11-16 13:51:32', '', '', '', '', '', '', '', 3, 0, 0, 0, 0, 12, '69621647', '', '', '', '', '', '', '', 0, 0, 'diangkat tapi tdk ada respon', '', '', '2023-11-27 21:00:46', '0000-00-00 00:00:00', '0000-00-00 00:00:00', '0000-00-00 00:00:00', ''),
(446, 'Aman', '', '085893792276', '', '', '', '', '', 0, '', '', '2023-11-16 13:51:52', '', '', '', '', '', '', '', 0, 0, 6, 0, 0, 12, '33323655', '', '', '', '', '', '', '', 0, 0, '', '', '', '2023-11-27 21:03:32', '0000-00-00 00:00:00', '0000-00-00 00:00:00', '0000-00-00 00:00:00', ''),
(447, 'Wawan Anwar', '', '081223524977', '', '', '', '', '', 0, '', '', '2023-11-16 13:52:16', '', '', '', '', '', '', '', 0, 0, 7, 0, 0, 12, '79188699', '', '', '', '', '', '', '', 0, 0, '', '', '', '2023-11-27 21:04:50', '0000-00-00 00:00:00', '0000-00-00 00:00:00', '0000-00-00 00:00:00', ''),
(449, 'Tujiah D', '', '083147822759', '', '', '', '', '', 0, '', '', '2023-11-16 13:52:59', '', '', '', '', '', '', '', 0, 0, 6, 0, 0, 12, '43529927', '', '', '', '', '', '', '', 0, 0, '', '', '', '2023-11-27 21:10:33', '0000-00-00 00:00:00', '0000-00-00 00:00:00', '0000-00-00 00:00:00', ''),
(450, 'Densi', '', '081298196561', '', '', '', '', '', 0, '', '', '2023-11-16 13:53:21', '', '', '', '', '', '', '', 0, 13, 0, 0, 0, 12, '84693275', '', '', '', '', '', '', '', 0, 0, 'dlm pengawas dokter', '', '', '2023-11-27 21:11:07', '0000-00-00 00:00:00', '0000-00-00 00:00:00', '0000-00-00 00:00:00', ''),
(451, 'Pakdul', '', '081249297841', '', '', '', '', '', 0, '', '', '2023-11-16 13:53:40', '', '', '', '', '', '', '', 0, 0, 7, 0, 0, 12, '94726976', '', '', '', '', '', '', '', 0, 0, '', '', '', '2023-11-27 21:14:21', '0000-00-00 00:00:00', '0000-00-00 00:00:00', '0000-00-00 00:00:00', ''),
(452, 'Komandan Security PT. Murini', '', '082383273133', '', '', '', '', '', 0, '', '', '2023-11-16 13:54:00', '', '', '', '', '', '', '', 0, 0, 6, 0, 0, 12, '73626167', '', '', '', '', '', '', '', 0, 0, '', '', '', '2023-11-27 21:16:35', '0000-00-00 00:00:00', '0000-00-00 00:00:00', '0000-00-00 00:00:00', ''),
(453, 'Milton', '', '081356388944', '', '', '', '', '', 0, '', '', '2023-11-16 13:54:27', '', '', '', '', '', '', '', 0, 0, 7, 0, 0, 12, '62665722', '', '', '', '', '', '', '', 0, 0, '', '', '', '2023-11-27 21:17:17', '0000-00-00 00:00:00', '0000-00-00 00:00:00', '0000-00-00 00:00:00', ''),
(454, 'Suryadi', '', '085335815569', '', '', '', '', '', 0, '', '', '2023-11-16 13:54:46', '', '', '', '', '', '', '', 0, 0, 7, 0, 0, 12, '94864728', '', '', '', '', '', '', '', 0, 0, '', '', '', '2023-11-27 21:19:18', '0000-00-00 00:00:00', '0000-00-00 00:00:00', '0000-00-00 00:00:00', ''),
(455, 'Arman Sarmahata Saragih', '', '085710872846', '', '', '', '', '', 0, '', '', '2023-11-16 13:55:10', '', '', '', '', '', '', '', 0, 0, 6, 0, 0, 12, '37315347', '', '', '', '', '', '', '', 0, 0, '', '', '', '2023-11-27 21:21:02', '0000-00-00 00:00:00', '0000-00-00 00:00:00', '0000-00-00 00:00:00', ''),
(456, 'Mursyal', '', '083170909858', '', '', '', '', '', 0, '', '', '2023-11-16 13:55:34', '', '', '', '', '', '', '', 3, 0, 0, 0, 0, 12, '96122633', '', '', '', '', '', '', '', 0, 0, 'tahap greeting', '', '', '2023-11-27 21:22:53', '0000-00-00 00:00:00', '0000-00-00 00:00:00', '0000-00-00 00:00:00', ''),
(457, 'Hakim', '', '08133869443', '', '', '', '', '', 0, '', '', '2023-11-16 13:55:52', '', '', '', '', '', '', '', 0, 0, 6, 0, 0, 12, '67261639', '', '', '', '', '', '', '', 0, 0, '', '', '', '2023-11-27 21:24:32', '0000-00-00 00:00:00', '0000-00-00 00:00:00', '0000-00-00 00:00:00', ''),
(458, 'Yop Dano', '', '081342968865', '', '', '', '', '', 0, '', '', '2023-11-16 13:56:16', '', '', '', '', '', '', '', 0, 0, 6, 0, 0, 12, '72415866', '', '', '', '', '', '', '', 0, 0, '', '', '', '2023-11-27 21:25:02', '0000-00-00 00:00:00', '0000-00-00 00:00:00', '0000-00-00 00:00:00', ''),
(460, 'Adri S Oping', '', '082259966484', '', '', '', '', '', 0, '', '', '2023-11-16 13:56:58', '', '', '', '', '', '', '', 0, 0, 7, 0, 0, 12, '45672314', '', '', '', '', '', '', '', 0, 0, '', '', '', '2023-11-27 21:28:17', '0000-00-00 00:00:00', '0000-00-00 00:00:00', '0000-00-00 00:00:00', ''),
(461, 'Ally', '', '082161688008', '', '', '', '', '', 0, '', '', '2023-11-16 13:57:23', '', '', '', '', '', '', '', 0, 0, 6, 0, 0, 12, '82531648', '', '', '', '', '', '', '', 0, 0, '', '', '', '2023-11-27 21:29:50', '0000-00-00 00:00:00', '0000-00-00 00:00:00', '0000-00-00 00:00:00', ''),
(462, 'Syahrial Ujang', '', '085375703123', '', '', '', '', '', 0, '', '', '2023-11-19 13:11:07', '', '', '', '', '', '', '', 0, 0, 7, 0, 0, 12, '85833443', '', '', '', '', '', '', '', 0, 0, '', '', '', '2023-11-30 19:01:38', '0000-00-00 00:00:00', '0000-00-00 00:00:00', '0000-00-00 00:00:00', ''),
(464, 'Ipmawan Syarif', '', '081361183865', '', '', '', '', '', 0, '', '', '2023-11-19 13:12:36', '', '', '', '', '', '', '', 0, 0, 6, 0, 0, 12, '52424773', '', '', '', '', '', '', '', 0, 0, '', '', '', '2023-11-30 19:11:17', '0000-00-00 00:00:00', '0000-00-00 00:00:00', '0000-00-00 00:00:00', ''),
(467, 'Martha sella', '', '082282180389', '', '', '', '', '', 0, '', '', '2023-11-19 13:13:49', '', '', '', '', '', '', '', 2, 0, 0, 0, 0, 12, '33681444', '', '', '', '', '', '', '', 0, 0, 'anaknya angkat', '', '', '2023-11-30 19:15:17', '0000-00-00 00:00:00', '0000-00-00 00:00:00', '0000-00-00 00:00:00', ''),
(468, 'Syafruddin Rambe', '', '081370933649', '', '', '', '', '', 0, '', '', '2023-11-19 13:14:11', '', '', '', '', '', '', '', 0, 0, 7, 0, 0, 12, '88943119', '', '', '', '', '', '', '', 0, 0, '', '', '', '2023-11-30 19:20:59', '0000-00-00 00:00:00', '0000-00-00 00:00:00', '0000-00-00 00:00:00', ''),
(469, 'Iman', '', '082172858244', '', '', '', '', '', 0, '', '', '2023-11-19 13:14:48', '', '', '', '', '', '', '', 0, 0, 7, 0, 0, 12, '23781841', '', '', '', '', '', '', '', 0, 0, '', '', '', '2023-11-30 19:24:16', '0000-00-00 00:00:00', '0000-00-00 00:00:00', '0000-00-00 00:00:00', ''),
(470, 'Maruki', '', '082348788819', '', '', '', '', '', 0, '', '', '2023-11-19 13:15:08', '', '', '', '', '', '', '', 0, 0, 6, 0, 0, 12, '25219955', '', '', '', '', '', '', '', 0, 0, '', '', '', '2023-11-30 19:27:36', '0000-00-00 00:00:00', '0000-00-00 00:00:00', '0000-00-00 00:00:00', ''),
(472, 'trisno', '', '082213412094', '', '', '', '', '', 0, '', '', '2023-11-19 13:15:59', '', '', '', '', '', '', '', 0, 0, 6, 0, 0, 12, '97535224', '', '', '', '', '', '', '', 0, 0, '', '', '', '2023-11-30 19:39:17', '0000-00-00 00:00:00', '0000-00-00 00:00:00', '0000-00-00 00:00:00', ''),
(473, 'Purnami', '', '082816666119', '', '', '', '', '', 0, '', '', '2023-11-19 13:16:16', '', '', '', '', '', '', '', 0, 0, 6, 0, 0, 12, '93252771', '', '', '', '', '', '', '', 0, 0, '', '', '', '2023-11-30 19:41:27', '0000-00-00 00:00:00', '0000-00-00 00:00:00', '0000-00-00 00:00:00', ''),
(474, 'Suyetno', '', '082297508945', '', '', '', '', '', 0, '', '', '2023-11-19 13:16:39', '', '', '', '', '', '', '', 3, 0, 0, 0, 0, 12, '35652699', '', '', '', '', '', '', '', 0, 0, 'tahap greeting', '', '', '2023-11-30 19:43:22', '0000-00-00 00:00:00', '0000-00-00 00:00:00', '0000-00-00 00:00:00', ''),
(475, 'Lailasari Johan Basuni', '', '085382080809', '', '', '', '', '', 0, '', '', '2023-11-19 13:17:00', '', '', '', '', '', '', '', 0, 0, 7, 0, 0, 12, '88197543', '', '', '', '', '', '', '', 0, 0, '', '', '', '2023-11-30 19:45:03', '0000-00-00 00:00:00', '0000-00-00 00:00:00', '0000-00-00 00:00:00', ''),
(476, 'Udin', '', '081263787566', '', '', '', '', '', 0, '', '', '2023-11-19 13:17:37', '', '', '', '', '', '', '', 0, 0, 7, 0, 0, 12, '89117853', '', '', '', '', '', '', '', 0, 0, '', '', '', '2023-11-30 19:46:19', '0000-00-00 00:00:00', '0000-00-00 00:00:00', '0000-00-00 00:00:00', ''),
(477, 'Anto', '', '082241492278', '', '', '', '', '', 0, '', '', '2023-11-19 13:17:59', '', '', '', '', '', '', '', 0, 0, 7, 0, 0, 12, '57647884', '', '', '', '', '', '', '', 0, 0, '', '', '', '2023-11-30 19:47:40', '0000-00-00 00:00:00', '0000-00-00 00:00:00', '0000-00-00 00:00:00', ''),
(478, 'Amran/iwan', '', '081217097000', '', '', '', '', '', 0, '', '', '2023-11-19 13:18:19', '', '', '', '', '', '', '', 0, 0, 6, 0, 0, 12, '78357577', '', '', '', '', '', '', '', 0, 0, '', '', '', '2023-11-30 19:49:18', '0000-00-00 00:00:00', '0000-00-00 00:00:00', '0000-00-00 00:00:00', ''),
(479, 'Donny', '', '082340587479', '', '', '', '', '', 0, '', '', '2023-11-19 13:18:52', '', '', '', '', '', '', '', 0, 0, 7, 0, 0, 12, '45362388', '', '', '', '', '', '', '', 0, 0, '', '', '', '2023-11-30 19:50:31', '0000-00-00 00:00:00', '0000-00-00 00:00:00', '0000-00-00 00:00:00', ''),
(480, 'Agus Duheriyanto', '', '0895361242848', '', '', '', '', '', 0, '', '', '2023-11-19 13:19:15', '', '', '', '', '', '', '', 0, 0, 7, 0, 0, 12, '36222343', '', '', '', '', '', '', '', 0, 0, '', '', '', '2023-11-30 19:52:20', '0000-00-00 00:00:00', '0000-00-00 00:00:00', '0000-00-00 00:00:00', ''),
(481, 'Wempy, Corneles.', '', '082394944394', '', '', '', '', '', 0, '', '', '2023-11-19 13:19:46', '', '', '', '', '', '', '', 3, 0, 0, 0, 0, 12, '91992825', '', '', '', '', '', '', '', 0, 0, 'tahap greeting', '', '', '2023-11-30 19:53:31', '0000-00-00 00:00:00', '0000-00-00 00:00:00', '0000-00-00 00:00:00', ''),
(484, 'Iwan', '', '08569064921', '', '', '', '', '', 0, '', '', '2023-11-19 13:21:25', '', '', '', '', '', '', '', 0, 0, 6, 0, 0, 12, '52484514', '', '', '', '', '', '', '', 0, 0, '', '', '', '2023-11-30 20:04:32', '0000-00-00 00:00:00', '0000-00-00 00:00:00', '0000-00-00 00:00:00', ''),
(485, 'Wachid Dihardjo', '', '081399495289', '', '', '', '', '', 0, '', '', '2023-11-19 13:21:42', '', '', '', '', '', '', '', 0, 0, 7, 0, 0, 12, '36762728', '', '', '', '', '', '', '', 0, 0, '', '', '', '2023-11-30 20:06:50', '0000-00-00 00:00:00', '0000-00-00 00:00:00', '0000-00-00 00:00:00', ''),
(486, 'Neni', '', '081242418651', '', '', '', '', '', 0, '', '', '2023-11-19 13:22:07', '', '', '', '', '', '', '', 0, 0, 7, 0, 0, 12, '86248394', '', '', '', '', '', '', '', 0, 0, '', '', '', '2023-11-30 20:08:03', '0000-00-00 00:00:00', '0000-00-00 00:00:00', '0000-00-00 00:00:00', ''),
(487, 'Maman', '', '081367633362', '', '', '', '', '', 0, '', '', '2023-11-19 13:22:29', '', '', '', '', '', '', '', 0, 0, 7, 0, 0, 12, '21757596', '', '', '', '', '', '', '', 0, 0, '', '', '', '2023-11-30 20:09:17', '0000-00-00 00:00:00', '0000-00-00 00:00:00', '0000-00-00 00:00:00', ''),
(489, 'Bagindanamora', '', '085277239438', '', '', '', '', '', 0, '', '', '2023-11-19 13:23:29', '', '', '', '', '', '', '', 0, 0, 8, 0, 0, 12, '31771462', '', '', '', '', '', '', '', 0, 0, '', '', '', '2023-11-30 20:13:33', '0000-00-00 00:00:00', '0000-00-00 00:00:00', '0000-00-00 00:00:00', ''),
(490, 'abd (dipanggil bamali)', '', '085321471204', '', '', '', '', '', 0, '', '', '2023-11-19 13:24:01', '', '', '', '', '', '', '', 0, 0, 7, 0, 0, 12, '73372695', '', '', '', '', '', '', '', 0, 0, '', '', '', '2023-11-30 20:15:02', '0000-00-00 00:00:00', '0000-00-00 00:00:00', '0000-00-00 00:00:00', ''),
(491, 'Rusdi Gunawan', '', '081231546125', '', '', '', '', '', 0, '', '', '2023-11-19 13:24:34', '', '', '', '', '', '', '', 2, 0, 0, 0, 0, 12, '62432436', '', '', '', '', '', '', '', 0, 0, 'anaknya angkat', '', '', '2023-11-30 20:16:16', '0000-00-00 00:00:00', '0000-00-00 00:00:00', '0000-00-00 00:00:00', ''),
(492, 'Lukman abadi', '', '087865153535', '', '', '', '', '', 0, '', '', '2023-11-19 13:24:59', '', '', '', '', '', '', '', 2, 0, 0, 0, 0, 12, '18755923', '', '', '', '', '', '', '', 0, 0, 'istrinya yg angkat', '', '', '2023-11-30 20:19:17', '0000-00-00 00:00:00', '0000-00-00 00:00:00', '0000-00-00 00:00:00', ''),
(493, 'Zakaria', '', '082236033386', '', '', '', '', '', 0, '', '', '2023-11-19 13:25:38', '', '', '', '', '', '', '', 3, 0, 0, 0, 0, 12, '45272364', '', '', '', '', '', '', '', 0, 0, 'tahap greeting', '', '', '2023-11-30 20:21:32', '0000-00-00 00:00:00', '0000-00-00 00:00:00', '0000-00-00 00:00:00', ''),
(494, 'Sumidi', '', '085647136570', '', '', '', '', '', 0, '', '', '2023-11-19 13:25:58', '', '', '', '', '', '', '', 0, 0, 6, 0, 0, 12, '87819584', '', '', '', '', '', '', '', 0, 0, '', '', '', '2023-11-30 20:35:48', '0000-00-00 00:00:00', '0000-00-00 00:00:00', '0000-00-00 00:00:00', ''),
(495, 'Abas muhamad', '', '081237721390', '', '', '', '', '', 0, '', '', '2023-11-19 13:26:18', '', '', '', '', '', '', '', 3, 0, 0, 0, 0, 12, '91886889', '', '', '', '', '', '', '', 0, 0, 'tahap greeting', '', '', '2023-11-30 20:36:33', '0000-00-00 00:00:00', '0000-00-00 00:00:00', '0000-00-00 00:00:00', ''),
(496, 'Dg lawa', '', '082196857610', '', '', '', '', '', 0, '', '', '2023-11-19 13:26:41', '', '', '', '', '', '', '', 0, 0, 7, 0, 0, 12, '81588262', '', '', '', '', '', '', '', 0, 0, '', '', '', '2023-11-30 20:38:31', '0000-00-00 00:00:00', '0000-00-00 00:00:00', '0000-00-00 00:00:00', ''),
(497, 'Bpk Abdul Rouf (Pak Rouf)', '', '085231418699', '', '', '', '', '', 0, '', '', '2023-11-19 13:27:02', '', '', '', '', '', '', '', 2, 0, 0, 0, 0, 12, '13137724', '', '', '', '', '', '', '', 0, 0, 'istrinya yg angkat', '', '', '2023-11-30 20:41:17', '0000-00-00 00:00:00', '0000-00-00 00:00:00', '0000-00-00 00:00:00', ''),
(498, 'Zaenudin Ahmad', '', '081326249165', '', '', '', '', '', 0, '', '', '2023-11-19 13:27:35', '', '', '', '', '', '', '', 0, 0, 7, 0, 0, 12, '88442822', '', '', '', '', '', '', '', 0, 0, '', '', '', '2023-11-30 20:45:01', '0000-00-00 00:00:00', '0000-00-00 00:00:00', '0000-00-00 00:00:00', ''),
(499, 'Romli', '', '082334572332', '', '', '', '', '', 0, '', '', '2023-11-19 13:27:55', '', '', '', '', '', '', '', 0, 0, 7, 0, 0, 12, '51875593', '', '', '', '', '', '', '', 0, 0, '', '', '', '2023-11-30 20:54:08', '0000-00-00 00:00:00', '0000-00-00 00:00:00', '0000-00-00 00:00:00', ''),
(500, 'test quesort', '', '08666666666543', '', '', '', '', '', 0, '', '', '2023-11-21 14:14:13', '', '', '', '', '', '', '', 0, 0, 0, 16, 0, 13, '78299918', '', 'prm_spesial1190', 'EPROS', '', '', '', '', 0, 0, '', '', '', '2023-11-21 14:16:21', '0000-00-00 00:00:00', '0000-00-00 00:00:00', '0000-00-00 00:00:00', ''),
(503, 'testdatabaru', '', '0824354672834', '', '', '', '', '', 0, '', '', '2023-11-21 15:20:05', '', '', '', '', '', '', '', 0, 0, 0, 16, 0, 13, '59617429', '', 'prm_spesial1190', 'EPROS', '', '', '', '', 0, 0, '', '', '', '2023-11-21 16:22:36', '0000-00-00 00:00:00', '0000-00-00 00:00:00', '0000-00-00 00:00:00', ''),
(506, 'Syamsuddin T', '', '082188059935', '', '', '', '', '', 0, '', '', '2023-11-28 16:40:00', '', '', '', '', '', '', '', 0, 0, 6, 0, 0, 12, '96443447', '', '', '', '', '', '', '', 0, 0, '', '', '', '2023-11-28 18:17:56', '0000-00-00 00:00:00', '0000-00-00 00:00:00', '0000-00-00 00:00:00', ''),
(507, 'harianto', '', '082117036851', '', '', '', '', '', 0, '', '', '2023-11-28 16:43:58', '', '', '', '', '', '', '', 0, 0, 6, 0, 0, 12, '77117962', '', '', '', '', '', '', '', 0, 0, '', '', '', '2023-11-28 18:18:26', '0000-00-00 00:00:00', '0000-00-00 00:00:00', '0000-00-00 00:00:00', ''),
(508, 'Pak Nor', '', '082133716560', '', '', '', '', '', 0, '', '', '2023-11-28 16:44:41', '', '', '', '', '', '', '', 0, 0, 6, 0, 0, 12, '77878556', '', '', '', '', '', '', '', 0, 0, '', '', '', '2023-11-28 18:21:48', '0000-00-00 00:00:00', '0000-00-00 00:00:00', '0000-00-00 00:00:00', ''),
(509, 'sahrul efendi', '', '085276928803', '', '', '', '', '', 0, '', '', '2023-11-28 16:45:03', '', '', '', '', '', '', '', 0, 0, 6, 0, 0, 12, '34963528', '', '', '', '', '', '', '', 0, 0, '', '', '', '2023-11-28 18:28:29', '0000-00-00 00:00:00', '0000-00-00 00:00:00', '0000-00-00 00:00:00', ''),
(510, 'moch sahri', '', '081290806048', '', '', '', '', '', 0, '', '', '2023-11-28 16:45:37', '', '', '', '', '', '', '', 0, 0, 6, 0, 0, 12, '99688818', '', '', '', '', '', '', '', 0, 0, '', '', '', '2023-11-28 18:29:26', '0000-00-00 00:00:00', '0000-00-00 00:00:00', '0000-00-00 00:00:00', ''),
(511, 'Lubis Madi (bpk lubis)', '', '081275121243', '', '', '', '', '', 0, '', '', '2023-11-28 16:47:14', '', '', '', '', '', '', '', 0, 0, 6, 0, 0, 12, '75946635', '', '', '', '', '', '', '', 0, 0, '', '', '', '2023-11-28 18:31:12', '0000-00-00 00:00:00', '0000-00-00 00:00:00', '0000-00-00 00:00:00', ''),
(512, 'Dediwansyah', '', '08126108813', '', '', '', '', '', 0, '', '', '2023-11-28 16:47:55', '', '', '', '', '', '', '', 0, 0, 6, 0, 0, 12, '92586755', '', '', '', '', '', '', '', 0, 0, '', '', '', '2023-11-28 18:33:55', '0000-00-00 00:00:00', '0000-00-00 00:00:00', '0000-00-00 00:00:00', ''),
(513, 'Zulmidi', '', '085264650076', '', '', '', '', '', 0, '', '', '2023-11-28 16:49:33', '', '', '', '', '', '', '', 0, 0, 6, 0, 0, 12, '56869523', '', '', '', '', '', '', '', 0, 0, '', '', '', '2023-11-28 18:35:27', '0000-00-00 00:00:00', '0000-00-00 00:00:00', '0000-00-00 00:00:00', ''),
(514, 'Ibnu Hiban', '', '082289654843', '', '', '', '', '', 0, '', '', '2023-11-28 16:50:03', '', '', '', '', '', '', '', 0, 0, 6, 0, 0, 12, '86798597', '', '', '', '', '', '', '', 0, 0, '', '', '', '2023-11-28 18:36:41', '0000-00-00 00:00:00', '0000-00-00 00:00:00', '0000-00-00 00:00:00', ''),
(515, 'NAni Hartini Ahmad', '', '081322125629', '', '', '', '', '', 0, '', '', '2023-11-28 16:50:35', '', '', '', '', '', '', '', 2, 0, 0, 0, 0, 12, '84955936', '', '', '', '', '', '', '', 0, 0, 'lgi di jln', '', '', '2023-11-28 18:41:34', '0000-00-00 00:00:00', '0000-00-00 00:00:00', '0000-00-00 00:00:00', ''),
(516, 'syahtiran', '', '082229821509', '', '', '', '', '', 0, '', '', '2023-11-28 16:51:23', '', '', '', '', '', '', '', 0, 0, 6, 0, 0, 12, '88833151', '', '', '', '', '', '', '', 0, 0, '', '', '', '2023-11-28 18:43:05', '0000-00-00 00:00:00', '0000-00-00 00:00:00', '0000-00-00 00:00:00', ''),
(517, 'Andri sada', '', '085384474424', '', '', '', '', '', 0, '', '', '2023-11-28 16:52:05', '', '', '', '', '', '', '', 0, 0, 6, 0, 0, 12, '68527664', '', '', '', '', '', '', '', 0, 0, '', '', '', '2023-11-28 18:43:42', '0000-00-00 00:00:00', '0000-00-00 00:00:00', '0000-00-00 00:00:00', ''),
(519, 'hulman purba', '', '081280896395', '', '', '', '', '', 0, '', '', '2023-11-28 16:53:37', '', '', '', '', '', '', '', 0, 0, 6, 0, 0, 12, '33249835', '', '', '', '', '', '', '', 0, 0, '', '', '', '2023-11-28 18:51:27', '0000-00-00 00:00:00', '0000-00-00 00:00:00', '0000-00-00 00:00:00', ''),
(520, 'H. Bani', '', '082396051525', '', '', '', '', '', 0, '', '', '2023-11-28 16:54:03', '', '', '', '', '', '', '', 0, 0, 6, 0, 0, 12, '23172936', '', '', '', '', '', '', '', 0, 0, '', '', '', '2023-11-28 18:52:16', '0000-00-00 00:00:00', '0000-00-00 00:00:00', '0000-00-00 00:00:00', ''),
(521, 'Jamri', '', '085346844468', '', '', '', '', '', 0, '', '', '2023-11-28 16:54:27', '', '', '', '', '', '', '', 0, 0, 6, 0, 0, 12, '27446388', '', '', '', '', '', '', '', 0, 0, '', '', '', '2023-11-28 18:53:43', '0000-00-00 00:00:00', '0000-00-00 00:00:00', '0000-00-00 00:00:00', '');
INSERT INTO `tb_handling` (`id_customer`, `first_name`, `last_name`, `phone`, `country`, `timezone`, `addrest_list`, `state`, `city`, `zip`, `shipper`, `note`, `order_date`, `gender`, `email`, `age`, `height`, `Chronic_disease`, `married`, `children`, `id_status`, `id_statusb`, `id_statusc`, `id_statusd`, `id_statusf`, `id_agent`, `order_id`, `delivery_comment`, `promo`, `nama_product`, `description`, `package`, `shipment_type`, `amount`, `price`, `total`, `operator_comment`, `operator_comment3`, `operator_comment4`, `date_comment`, `date_comment2`, `date_comment3`, `date_comment4`, `bank_payment`) VALUES
(522, 'nul wafa / anak buah gondrong', '', '085754660747', '', '', '', '', '', 0, '', '', '2023-11-28 16:55:02', '', '', '', '', '', '', '', 0, 0, 6, 0, 0, 12, '21169249', '', '', '', '', '', '', '', 0, 0, '', '', '', '2023-11-28 18:55:42', '0000-00-00 00:00:00', '0000-00-00 00:00:00', '0000-00-00 00:00:00', ''),
(523, 'Asep sutami', '', '085773412749', '', '', '', '', '', 0, '', '', '2023-11-28 18:41:41', '', '', '', '', '', '', '', 0, 0, 7, 0, 0, 12, '13413888', '', '', '', '', '', '', '', 0, 0, '', '', '', '2023-11-28 18:56:26', '0000-00-00 00:00:00', '0000-00-00 00:00:00', '0000-00-00 00:00:00', ''),
(525, 'Hidan', '', '087894073619', '', '', '', '', '', 0, '', '', '2023-11-28 18:42:39', '', '', '', '', '', '', '', 0, 0, 6, 0, 0, 12, '17529523', '', '', '', '', '', '', '', 0, 0, '', '', '', '2023-11-28 19:00:27', '0000-00-00 00:00:00', '0000-00-00 00:00:00', '0000-00-00 00:00:00', ''),
(526, 'Herman Tel (bag. lapangan)', '', '081378516731', '', '', '', '', '', 0, '', '', '2023-11-28 18:43:03', '', '', '', '', '', '', '', 0, 0, 6, 0, 0, 12, '85765233', '', '', '', '', '', '', '', 0, 0, '', '', '', '2023-11-28 19:05:13', '0000-00-00 00:00:00', '0000-00-00 00:00:00', '0000-00-00 00:00:00', ''),
(527, 'Rikka sarekdek', '', '081363905848', '', '', '', '', '', 0, '', '', '2023-11-28 18:43:29', '', '', '', '', '', '', '', 0, 0, 7, 0, 0, 12, '41755243', '', '', '', '', '', '', '', 0, 0, '', '', '', '2023-11-28 19:06:11', '0000-00-00 00:00:00', '0000-00-00 00:00:00', '0000-00-00 00:00:00', ''),
(528, 'Mu safri', '', '085342523314', '', '', '', '', '', 0, '', '', '2023-11-28 18:44:15', '', '', '', '', '', '', '', 0, 0, 6, 0, 0, 12, '17947752', '', '', '', '', '', '', '', 0, 0, '', '', '', '2023-11-28 19:07:27', '0000-00-00 00:00:00', '0000-00-00 00:00:00', '0000-00-00 00:00:00', ''),
(530, 'Hotmaida', '', '081394481751', '', '', '', '', '', 0, '', '', '2023-11-28 18:45:47', '', '', '', '', '', '', '', 0, 0, 7, 0, 0, 12, '82525739', '', '', '', '', '', '', '', 0, 0, '', '', '', '2023-11-28 19:12:12', '0000-00-00 00:00:00', '0000-00-00 00:00:00', '0000-00-00 00:00:00', ''),
(531, 'Deetje Abuno', '', '081356361444', '', '', '', '', '', 0, '', '', '2023-11-28 18:46:58', '', '', '', '', '', '', '', 0, 0, 6, 0, 0, 12, '62559797', '', '', '', '', '', '', '', 0, 0, '', '', '', '2023-11-28 19:22:00', '0000-00-00 00:00:00', '0000-00-00 00:00:00', '0000-00-00 00:00:00', ''),
(532, 'Maradika', '', '082172130966', '', '', '', '', '', 0, '', '', '2023-11-28 18:47:52', '', '', '', '', '', '', '', 0, 0, 6, 0, 0, 12, '67592754', '', '', '', '', '', '', '', 0, 0, '', '', '', '2023-11-28 19:23:16', '0000-00-00 00:00:00', '0000-00-00 00:00:00', '0000-00-00 00:00:00', ''),
(533, 'HADI PRAYITNO', '', '087797700541', '', '', '', '', '', 0, '', '', '2023-11-28 18:48:42', '', '', '', '', '', '', '', 0, 0, 6, 0, 0, 12, '19251853', '', '', '', '', '', '', '', 0, 0, '', '', '', '2023-11-28 19:23:57', '0000-00-00 00:00:00', '0000-00-00 00:00:00', '0000-00-00 00:00:00', ''),
(534, 'Daniel Tambun', '', '085217281099', '', '', '', '', '', 0, '', '', '2023-11-28 18:49:19', '', '', '', '', '', '', '', 0, 0, 6, 0, 0, 12, '62978814', '', '', '', '', '', '', '', 0, 0, '', '', '', '2023-11-28 19:25:43', '0000-00-00 00:00:00', '0000-00-00 00:00:00', '0000-00-00 00:00:00', ''),
(535, 'Yulias samardi', '', '082130461294', '', '', '', '', '', 0, '', '', '2023-11-28 18:50:24', '', '', '', '', '', '', '', 0, 0, 6, 0, 0, 12, '22187862', '', '', '', '', '', '', '', 0, 0, '', '', '', '2023-11-28 19:27:57', '0000-00-00 00:00:00', '0000-00-00 00:00:00', '0000-00-00 00:00:00', ''),
(536, 'Dian', '', '085712436264', '', '', '', '', '', 0, '', '', '2023-11-28 18:50:54', '', '', '', '', '', '', '', 0, 0, 6, 0, 0, 12, '99754687', '', '', '', '', '', '', '', 0, 0, '', '', '', '2023-11-28 19:30:17', '0000-00-00 00:00:00', '0000-00-00 00:00:00', '0000-00-00 00:00:00', ''),
(537, 'Hj. Faridah', '', '082395924352', '', '', '', '', '', 0, '', '', '2023-11-28 18:51:20', '', '', '', '', '', '', '', 0, 0, 6, 0, 0, 12, '98928712', '', '', '', '', '', '', '', 0, 0, '', '', '', '2023-11-28 19:34:08', '0000-00-00 00:00:00', '0000-00-00 00:00:00', '0000-00-00 00:00:00', ''),
(538, 'Sucipto', '', '081373200392', '', '', '', '', '', 0, '', '', '2023-11-28 18:51:54', '', '', '', '', '', '', '', 0, 0, 6, 0, 0, 12, '49885563', '', '', '', '', '', '', '', 0, 0, '', '', '', '2023-11-28 19:34:58', '0000-00-00 00:00:00', '0000-00-00 00:00:00', '0000-00-00 00:00:00', ''),
(539, 'Maria Tampi', '', '081340894444', '', '', '', '', '', 0, '', '', '2023-11-28 18:52:44', '', '', '', '', '', '', '', 0, 0, 7, 0, 0, 12, '88613448', '', '', '', '', '', '', '', 0, 0, '', '', '', '2023-11-28 19:36:45', '0000-00-00 00:00:00', '0000-00-00 00:00:00', '0000-00-00 00:00:00', ''),
(540, 'Hi Darmawati', '', '082192475610', '', '', '', '', '', 0, '', '', '2023-11-28 18:53:36', '', '', '', '', '', '', '', 0, 0, 6, 0, 0, 12, '91659943', '', '', '', '', '', '', '', 0, 0, '', '', '', '2023-11-28 19:39:11', '0000-00-00 00:00:00', '0000-00-00 00:00:00', '0000-00-00 00:00:00', ''),
(541, 'Zaenuddin', '', '081348288229', '', '', '', '', '', 0, '', '', '2023-11-28 18:54:19', '', '', '', '', '', '', '', 0, 0, 6, 0, 0, 12, '54718997', '', '', '', '', '', '', '', 0, 0, '', '', '', '2023-11-28 19:39:41', '0000-00-00 00:00:00', '0000-00-00 00:00:00', '0000-00-00 00:00:00', ''),
(542, 'Chomsiatun', '', '087821984158', '', '', '', '', '', 0, '', '', '2023-11-28 18:55:28', '', '', '', '', '', '', '', 0, 0, 8, 0, 0, 12, '33546486', '', '', '', '', '', '', '', 0, 0, '', '', '', '2023-11-28 19:40:11', '0000-00-00 00:00:00', '0000-00-00 00:00:00', '0000-00-00 00:00:00', ''),
(543, 'RM Ishak', '', '081377584988', '', '', '', '', '', 0, '', '', '2023-11-28 18:55:58', '', '', '', '', '', '', '', 0, 0, 6, 0, 0, 12, '48585896', '', '', '', '', '', '', '', 0, 0, '', '', '', '2023-11-28 19:42:13', '0000-00-00 00:00:00', '0000-00-00 00:00:00', '0000-00-00 00:00:00', ''),
(544, 'Subarto', '', '082367471650', '', '', '', '', '', 0, '', '', '2023-11-28 18:56:28', '', '', '', '', '', '', '', 0, 0, 6, 0, 0, 12, '12317425', '', '', '', '', '', '', '', 0, 0, '', '', '', '2023-11-28 19:45:30', '0000-00-00 00:00:00', '0000-00-00 00:00:00', '0000-00-00 00:00:00', ''),
(545, 'Jonathan', '', '082193841407', '', '', '', '', '', 0, '', '', '2023-11-28 18:58:49', '', '', '', '', '', '', '', 0, 0, 6, 0, 0, 12, '54669956', '', '', '', '', '', '', '', 0, 0, '', '', '', '2023-11-28 19:46:11', '0000-00-00 00:00:00', '0000-00-00 00:00:00', '0000-00-00 00:00:00', ''),
(546, 'Paid isroi', '', '081229814343', '', '', '', '', '', 0, '', '', '2023-11-28 18:59:28', '', '', '', '', '', '', '', 0, 0, 6, 0, 0, 12, '39638483', '', '', '', '', '', '', '', 0, 0, '', '', '', '2023-11-28 19:46:42', '0000-00-00 00:00:00', '0000-00-00 00:00:00', '0000-00-00 00:00:00', ''),
(547, 'Paid isroi', '', '081229814343', '', '', '', '', '', 0, '', '', '2023-11-29 10:07:16', '', '', '', '', '', '', '', 0, 0, 7, 0, 0, 11, '74656437', '', '', '', '', '', '', '', 0, 0, '', '', '', '2023-11-29 16:32:41', '0000-00-00 00:00:00', '0000-00-00 00:00:00', '0000-00-00 00:00:00', ''),
(548, 'Sam', '', '085261908904', '', '', '', '', '', 0, '', '', '2023-11-29 10:09:01', '', '', '', '', '', '', '', 0, 0, 7, 0, 0, 11, '81465993', '', '', '', '', '', '', '', 0, 0, '', '', '', '2023-11-29 16:40:50', '0000-00-00 00:00:00', '0000-00-00 00:00:00', '0000-00-00 00:00:00', ''),
(549, 'Bakarudin', '', '082383531987', '', '', '', '', '', 0, '', '', '2023-11-29 10:09:23', '', '', '', '', '', '', '', 0, 10, 0, 0, 0, 11, '13952966', '', '', '', '', '', '', '', 0, 0, 'nanti2 call cut', '', '', '2023-11-29 16:56:40', '0000-00-00 00:00:00', '0000-00-00 00:00:00', '0000-00-00 00:00:00', ''),
(550, 'Rahmat lubis', '', '081275193645', '', '', '', '', '', 0, '', '', '2023-11-29 10:10:30', '', '', '', '', '', '', '', 0, 0, 7, 0, 0, 11, '47537749', '', '', '', '', '', '', '', 0, 0, '', '', '', '2023-11-29 17:06:37', '0000-00-00 00:00:00', '0000-00-00 00:00:00', '0000-00-00 00:00:00', ''),
(551, 'Toni suhartoni', '', '085774269591', '', '', '', '', '', 0, '', '', '2023-11-29 10:11:28', '', '', '', '', '', '', '', 0, 0, 6, 0, 0, 11, '45459645', '', '', '', '', '', '', '', 0, 0, '', '', '', '2023-11-29 17:08:10', '0000-00-00 00:00:00', '0000-00-00 00:00:00', '0000-00-00 00:00:00', ''),
(552, 'Dennywijaya', '', '081321311423', '', '', '', '', '', 0, '', '', '2023-11-29 10:12:14', '', '', '', '', '', '', '', 0, 0, 7, 0, 0, 13, '41684262', '', '', '', '', '', '', '', 0, 0, '', '', '', '2023-12-02 00:02:02', '0000-00-00 00:00:00', '0000-00-00 00:00:00', '0000-00-00 00:00:00', ''),
(553, 'Zainal arifin', '', '085259970066', '', '', '', '', '', 0, '', '', '2023-11-29 10:12:53', '', '', '', '', '', '', '', 0, 0, 7, 0, 0, 13, '46127352', '', '', '', '', '', '', '', 0, 0, 'test comment3', '', '', '2023-12-02 00:08:09', '0000-00-00 00:00:00', '0000-00-00 00:00:00', '0000-00-00 00:00:00', ''),
(555, 'Indermawan', '', '085237447762', '', '', '', '', '', 0, '', '', '2023-11-29 10:14:06', '', '', '', '', '', '', '', 2, 0, 0, 0, 0, 11, '17813954', '', '', '', '', '', '', '', 0, 0, 'klien mau solat yg angkt ibu tlp mlm', '', '', '2023-11-29 17:11:40', '0000-00-00 00:00:00', '0000-00-00 00:00:00', '0000-00-00 00:00:00', ''),
(556, 'Adi Wahyudin', '', '082339256746', '', '', '', '', '', 0, '', '', '2023-11-29 10:14:30', '', '', '', '', '', '', '', 0, 0, 7, 0, 0, 11, '86464839', '', '', '', '', '', '', '', 0, 0, '', '', '', '2023-11-29 17:13:26', '0000-00-00 00:00:00', '0000-00-00 00:00:00', '0000-00-00 00:00:00', ''),
(557, 'Uhing', '', '081290964772', '', '', '', '', '', 0, '', '', '2023-11-29 10:14:59', '', '', '', '', '', '', '', 0, 0, 7, 0, 0, 11, '37113197', '', '', '', '', '', '', '', 0, 0, '', '', '', '2023-11-29 17:17:10', '0000-00-00 00:00:00', '0000-00-00 00:00:00', '0000-00-00 00:00:00', ''),
(558, 'Aldian', '', '081349661762', '', '', '', '', '', 0, '', '', '2023-11-29 10:15:17', '', '', '', '', '', '', '', 0, 0, 7, 0, 0, 11, '25363748', '', '', '', '', '', '', '', 0, 0, '', '', '', '2023-11-29 17:24:10', '0000-00-00 00:00:00', '0000-00-00 00:00:00', '0000-00-00 00:00:00', ''),
(559, 'Iskandar Darise', '', '085398926204', '', '', '', '', '', 0, '', '', '2023-11-29 10:17:16', '', '', '', '', '', '', '', 0, 0, 6, 0, 0, 11, '93633359', '', '', '', '', '', '', '', 0, 0, '', '', '', '2023-11-29 17:29:25', '0000-00-00 00:00:00', '0000-00-00 00:00:00', '0000-00-00 00:00:00', ''),
(560, 'Benyamin Rapa', '', '085218573358', '', '', '', '', '', 0, '', '', '2023-11-29 10:17:53', '', '', '', '', '', '', '', 0, 0, 6, 0, 0, 11, '31246674', '', '', '', '', '', '', '', 0, 0, 'na', '', '', '2023-12-02 08:09:59', '0000-00-00 00:00:00', '0000-00-00 00:00:00', '0000-00-00 00:00:00', ''),
(561, 'Teguh', '', '081229492738', '', '', '', '', '', 0, '', '', '2023-11-29 10:19:29', '', '', '', '', '', '', '', 0, 0, 7, 0, 0, 11, '99344414', '', '', '', '', '', '', '', 0, 0, 'na', '', '', '2023-12-02 08:10:57', '0000-00-00 00:00:00', '0000-00-00 00:00:00', '0000-00-00 00:00:00', ''),
(562, 'Jonles', '', '081345577486', '', '', '', '', '', 0, '', '', '2023-11-29 10:19:56', '', '', '', '', '', '', '', 0, 0, 7, 0, 0, 11, '63575248', '', '', '', '', '', '', '', 0, 0, 'na', '', '', '2023-12-02 11:20:31', '0000-00-00 00:00:00', '0000-00-00 00:00:00', '0000-00-00 00:00:00', ''),
(563, 'Kesadaran', '', '081261155356', '', '', '', '', '', 0, '', '', '2023-11-29 10:20:19', '', '', '', '', '', '', '', 0, 0, 7, 0, 0, 11, '65529834', '', '', '', '', '', '', '', 0, 0, 'testttttttttttttttttttttttttttttttttttttttttttttttttttttttttttttttttttttttttttt', '', '', '2023-12-03 15:56:31', '0000-00-00 00:00:00', '0000-00-00 00:00:00', '0000-00-00 00:00:00', ''),
(565, 'Rahman', '', '085219557482', '', '', '', '', '', 0, '', '', '2023-11-29 10:21:20', '', '', '', '', '', '', '', 0, 0, 6, 0, 0, 12, '73554232', '', '', '', '', '', '', '', 0, 0, '', '', '', '2023-11-29 18:27:16', '0000-00-00 00:00:00', '0000-00-00 00:00:00', '0000-00-00 00:00:00', ''),
(566, 'Jamaludin', '', '081354645733', '', '', '', '', '', 0, '', '', '2023-11-29 10:22:01', '', '', '', '', '', '', '', 0, 0, 7, 0, 0, 12, '86617142', '', '', '', '', '', '', '', 0, 0, '', '', '', '2023-11-29 18:36:36', '0000-00-00 00:00:00', '0000-00-00 00:00:00', '0000-00-00 00:00:00', ''),
(568, 'Syaifulah', '', '087855067922', '', '', '', '', '', 0, '', '', '2023-11-29 10:22:57', '', '', '', '', '', '', '', 3, 0, 0, 0, 0, 12, '29667818', '', '', '', '', '', '', '', 0, 0, 'tahap greeting', '', '', '2023-11-29 18:45:58', '0000-00-00 00:00:00', '0000-00-00 00:00:00', '0000-00-00 00:00:00', ''),
(570, 'Asrul', '', '082170769998', '', '', '', '', '', 0, '', '', '2023-11-29 11:07:36', '', '', '', '', '', '', '', 0, 0, 7, 0, 0, 12, '17181882', '', '', '', '', '', '', '', 0, 0, '', '', '', '2023-11-29 18:49:59', '0000-00-00 00:00:00', '0000-00-00 00:00:00', '0000-00-00 00:00:00', ''),
(571, 'Misriya', '', '085331686778', '', '', '', '', '', 0, '', '', '2023-11-29 11:07:56', '', '', '', '', '', '', '', 3, 0, 0, 0, 0, 12, '86435859', '', '', '', '', '', '', '', 0, 0, 'tahap greeting', '', '', '2023-11-29 18:53:14', '0000-00-00 00:00:00', '0000-00-00 00:00:00', '0000-00-00 00:00:00', ''),
(572, 'Nurjanah', '', '085817225898', '', '', '', '', '', 0, '', '', '2023-11-29 11:08:24', '', '', '', '', '', '', '', 0, 0, 6, 0, 0, 12, '68774826', '', '', '', '', '', '', '', 0, 0, '', '', '', '2023-11-29 19:01:29', '0000-00-00 00:00:00', '0000-00-00 00:00:00', '0000-00-00 00:00:00', ''),
(574, 'Wayan Wardika.S.Pd', '', '081285524503', '', '', '', '', '', 0, '', '', '2023-11-29 11:10:29', '', '', '', '', '', '', '', 0, 0, 6, 0, 0, 12, '96157383', '', '', '', '', '', '', '', 0, 0, '', '', '', '2023-11-29 19:11:59', '0000-00-00 00:00:00', '0000-00-00 00:00:00', '0000-00-00 00:00:00', ''),
(575, 'Airin Olivia', '', '081382789307', '', '', '', '', '', 0, '', '', '2023-11-29 11:11:25', '', '', '', '', '', '', '', 0, 0, 6, 0, 0, 12, '61115615', '', '', '', '', '', '', '', 0, 0, '', '', '', '2023-11-29 19:15:59', '0000-00-00 00:00:00', '0000-00-00 00:00:00', '0000-00-00 00:00:00', ''),
(576, 'Marni', '', '083110920730', '', '', '', '', '', 0, '', '', '2023-11-29 11:12:01', '', '', '', '', '', '', '', 0, 0, 7, 0, 0, 12, '58569884', '', '', '', '', '', '', '', 0, 0, '', '', '', '2023-11-29 19:18:14', '0000-00-00 00:00:00', '0000-00-00 00:00:00', '0000-00-00 00:00:00', ''),
(577, 'Deisy Langkun', '', '082194042500', '', '', '', '', '', 0, '', '', '2023-11-29 11:12:41', '', '', '', '', '', '', '', 1, 0, 0, 0, 0, 12, '49221186', '', '', '', '', '', '', '', 0, 0, 'sinyal tdk bgs', '', '', '2023-11-29 19:20:01', '0000-00-00 00:00:00', '0000-00-00 00:00:00', '0000-00-00 00:00:00', ''),
(578, 'Susi sriyanti', '', '081374630617', '', '', '', '', '', 0, '', '', '2023-11-29 11:13:08', '', '', '', '', '', '', '', 3, 0, 0, 0, 0, 12, '75332465', '', '', '', '', '', '', '', 0, 0, 'tahap greeting', '', '', '2023-11-29 19:22:44', '0000-00-00 00:00:00', '0000-00-00 00:00:00', '0000-00-00 00:00:00', ''),
(579, 'Girjinerli Palaka', '', '082187973581', '', '', '', '', '', 0, '', '', '2023-11-29 11:13:48', '', '', '', '', '', '', '', 3, 0, 0, 0, 0, 12, '95885542', '', '', '', '', '', '', '', 0, 0, 'tahap greeting', '', '', '2023-11-29 19:24:00', '0000-00-00 00:00:00', '0000-00-00 00:00:00', '0000-00-00 00:00:00', ''),
(580, 'Sunardi', '', '081331146933', '', '', '', '', '', 0, '', '', '2023-11-29 11:14:34', '', '', '', '', '', '', '', 0, 0, 7, 0, 0, 12, '44732613', '', '', '', '', '', '', '', 0, 0, '', '', '', '2023-11-29 19:25:14', '0000-00-00 00:00:00', '0000-00-00 00:00:00', '0000-00-00 00:00:00', ''),
(581, 'Serka Surli/Enus Malle', '', '081248351236', '', '', '', '', '', 0, '', '', '2023-11-29 11:15:12', '', '', '', '', '', '', '', 0, 0, 6, 0, 0, 12, '79947533', '', '', '', '', '', '', '', 0, 0, '', '', '', '2023-11-29 19:32:53', '0000-00-00 00:00:00', '0000-00-00 00:00:00', '0000-00-00 00:00:00', ''),
(582, 'MHASIM', '', '087886562772', '', '', '', '', '', 0, '', '', '2023-11-29 11:15:57', '', '', '', '', '', '', '', 3, 0, 0, 0, 0, 12, '99329816', '', '', '', '', '', '', '', 0, 0, 'tahap greeting', '', '', '2023-11-29 19:34:14', '0000-00-00 00:00:00', '0000-00-00 00:00:00', '0000-00-00 00:00:00', ''),
(583, 'Rikando Pandaiya', '', '082291643025', '', '', '', '', '', 0, '', '', '2023-11-29 11:16:33', '', '', '', '', '', '', '', 0, 0, 6, 0, 0, 12, '46692634', '', '', '', '', '', '', '', 0, 0, '', '', '', '2023-11-29 19:36:45', '0000-00-00 00:00:00', '0000-00-00 00:00:00', '0000-00-00 00:00:00', ''),
(584, 'Lalu Mahyun', '', '085934823555', '', '', '', '', '', 0, '', '', '2023-11-29 11:17:06', '', '', '', '', '', '', '', 0, 0, 6, 0, 0, 12, '47323387', '', '', '', '', '', '', '', 0, 0, '', '', '', '2023-11-29 19:39:49', '0000-00-00 00:00:00', '0000-00-00 00:00:00', '0000-00-00 00:00:00', ''),
(585, 'Moeh Hatta', '', '081279955495', '', '', '', '', '', 0, '', '', '2023-11-29 11:17:33', '', '', '', '', '', '', '', 0, 0, 7, 0, 0, 12, '57178544', '', '', '', '', '', '', '', 0, 0, '', '', '', '2023-11-29 19:40:46', '0000-00-00 00:00:00', '0000-00-00 00:00:00', '0000-00-00 00:00:00', ''),
(586, 'Djunaidi Z/Darmaji', '', '085787315044', '', '', '', '', '', 0, '', '', '2023-11-29 11:18:12', '', '', '', '', '', '', '', 0, 0, 6, 0, 0, 12, '11599564', '', '', '', '', '', '', '', 0, 0, '', '', '', '2023-11-29 19:43:29', '0000-00-00 00:00:00', '0000-00-00 00:00:00', '0000-00-00 00:00:00', ''),
(587, 'Akhmad Khafidz', '', '089602866921', '', '', '', '', '', 0, '', '', '2023-11-29 11:18:59', '', '', '', '', '', '', '', 0, 0, 7, 0, 0, 12, '96866578', '', '', '', '', '', '', '', 0, 0, '', '', '', '2023-11-29 19:46:14', '0000-00-00 00:00:00', '0000-00-00 00:00:00', '0000-00-00 00:00:00', ''),
(588, 'Juli', '', '082194467127', '', '', '', '', '', 0, '', '', '2023-11-29 11:19:39', '', '', '', '', '', '', '', 0, 0, 7, 0, 0, 12, '92524595', '', '', '', '', '', '', '', 0, 0, '', '', '', '2023-11-29 19:47:29', '0000-00-00 00:00:00', '0000-00-00 00:00:00', '0000-00-00 00:00:00', ''),
(590, 'Mahdalena', '', '081251247788', '', '', '', '', '', 0, '', '', '2023-11-29 11:20:34', '', '', '', '', '', '', '', 0, 0, 7, 0, 0, 12, '85428219', '', '', '', '', '', '', '', 0, 0, '', '', '', '2023-11-29 19:54:44', '0000-00-00 00:00:00', '0000-00-00 00:00:00', '0000-00-00 00:00:00', ''),
(591, 'Ahyar', '', '085238049176', '', '', '', '', '', 0, '', '', '2023-11-29 11:21:08', '', '', '', '', '', '', '', 0, 0, 6, 0, 0, 12, '53246742', '', '', '', '', '', '', '', 0, 0, '', '', '', '2023-11-29 19:56:14', '0000-00-00 00:00:00', '0000-00-00 00:00:00', '0000-00-00 00:00:00', ''),
(592, 'Arbain', '', '082152381659', '', '', '', '', '', 0, '', '', '2023-11-29 11:21:33', '', '', '', '', '', '', '', 0, 0, 6, 0, 0, 12, '36613445', '', '', '', '', '', '', '', 0, 0, '', '', '', '2023-11-29 19:57:58', '0000-00-00 00:00:00', '0000-00-00 00:00:00', '0000-00-00 00:00:00', ''),
(593, 'Saut ps', '', '081253226812', '', '', '', '', '', 0, '', '', '2023-11-29 11:23:59', '', '', '', '', '', '', '', 3, 0, 0, 0, 0, 12, '71459991', '', '', '', '', '', '', '', 0, 0, 'tahap greeting', '', '', '2023-11-29 19:59:29', '0000-00-00 00:00:00', '0000-00-00 00:00:00', '0000-00-00 00:00:00', ''),
(594, 'Sonny Darmawan', '', '081310691874', '', '', '', '', '', 0, '', '', '2023-11-29 11:24:21', '', '', '', '', '', '', '', 0, 0, 7, 0, 0, 12, '67873842', '', '', '', '', '', '', '', 0, 0, '', '', '', '2023-11-29 20:00:49', '0000-00-00 00:00:00', '0000-00-00 00:00:00', '0000-00-00 00:00:00', ''),
(595, 'Pitson guna', '', '081213547419', '', '', '', '', '', 0, '', '', '2023-11-29 11:24:42', '', '', '', '', '', '', '', 3, 0, 0, 0, 0, 12, '83118319', '', '', '', '', '', '', '', 0, 0, 'tahap greeting', '', '', '2023-11-29 20:03:14', '0000-00-00 00:00:00', '0000-00-00 00:00:00', '0000-00-00 00:00:00', ''),
(596, 'Jetro', '', '085828007572', '', '', '', '', '', 0, '', '', '2023-11-29 11:25:20', '', '', '', '', '', '', '', 0, 0, 6, 0, 0, 12, '65584296', '', '', '', '', '', '', '', 0, 0, '', '', '', '2023-11-29 20:04:43', '0000-00-00 00:00:00', '0000-00-00 00:00:00', '0000-00-00 00:00:00', ''),
(597, 'Bernadus leo', '', '082192970430', '', '', '', '', '', 0, '', '', '2023-11-29 11:25:51', '', '', '', '', '', '', '', 0, 0, 8, 0, 0, 12, '25158179', '', '', '', '', '', '', '', 0, 0, '', '', '', '2023-11-29 20:05:59', '0000-00-00 00:00:00', '0000-00-00 00:00:00', '0000-00-00 00:00:00', ''),
(598, 'Otofianus', '', '081351630318', '', '', '', '', '', 0, '', '', '2023-11-29 11:26:16', '', '', '', '', '', '', '', 0, 0, 7, 0, 0, 12, '11595956', '', '', '', '', '', '', '', 0, 0, '', '', '', '2023-11-29 20:08:47', '0000-00-00 00:00:00', '0000-00-00 00:00:00', '0000-00-00 00:00:00', ''),
(599, 'fery wijaya (Pemilik)', '', '085237571552', '', '', '', '', '', 0, '', '', '2023-11-29 11:26:49', '', '', '', '', '', '', '', 0, 0, 7, 0, 0, 12, '75367311', '', '', '', '', '', '', '', 0, 0, '', '', '', '2023-11-29 20:14:29', '0000-00-00 00:00:00', '0000-00-00 00:00:00', '0000-00-00 00:00:00', ''),
(600, 'Ulfie Bambang', '', '081289339612', '', '', '', '', '', 0, '', '', '2023-11-29 11:27:14', '', '', '', '', '', '', '', 0, 0, 7, 0, 0, 12, '41217884', '', '', '', '', '', '', '', 0, 0, '', '', '', '2023-11-29 20:18:14', '0000-00-00 00:00:00', '0000-00-00 00:00:00', '0000-00-00 00:00:00', ''),
(601, 'QOMARUDDIN', '', '081251311966', '', '', '', '', '', 0, '', '', '2023-11-29 11:27:38', '', '', '', '', '', '', '', 0, 0, 7, 0, 0, 12, '77384175', '', '', '', '', '', '', '', 0, 0, '', '', '', '2023-11-29 20:23:30', '0000-00-00 00:00:00', '0000-00-00 00:00:00', '0000-00-00 00:00:00', ''),
(602, 'Irvan', '', '082110903120', '', '', '', '', '', 0, '', '', '2023-11-29 11:28:03', '', '', '', '', '', '', '', 3, 0, 0, 0, 0, 12, '26621685', '', '', '', '', '', '', '', 0, 0, 'dimatikan oleh custamer', '', '', '2023-11-29 20:24:45', '0000-00-00 00:00:00', '0000-00-00 00:00:00', '0000-00-00 00:00:00', ''),
(604, 'Sri Ningsih/Andryan', '', '081212552918', '', '', '', '', '', 0, '', '', '2023-11-29 11:29:17', '', '', '', '', '', '', '', 0, 0, 8, 0, 0, 12, '93144185', '', '', '', '', '', '', '', 0, 0, '', '', '', '2023-11-29 20:32:32', '0000-00-00 00:00:00', '0000-00-00 00:00:00', '0000-00-00 00:00:00', ''),
(605, 'Agustin', '', '082110680940', '', '', '', '', '', 0, '', '', '2023-11-29 11:29:45', '', '', '', '', '', '', '', 0, 0, 6, 0, 0, 12, '93124513', '', '', '', '', '', '', '', 0, 0, '', '', '', '2023-11-29 20:34:01', '0000-00-00 00:00:00', '0000-00-00 00:00:00', '0000-00-00 00:00:00', ''),
(606, 'Client Sebagai Engineering', '', '081276901029', '', '', '', '', '', 0, '', '', '2023-11-29 11:30:15', '', '', '', '', '', '', '', 0, 0, 7, 0, 0, 12, '64312829', '', '', '', '', '', '', '', 0, 0, '', '', '', '2023-11-29 20:35:29', '0000-00-00 00:00:00', '0000-00-00 00:00:00', '0000-00-00 00:00:00', ''),
(607, 'HM. Battan.', '', '085250141778', '', '', '', '', '', 0, '', '', '2023-11-29 11:30:35', '', '', '', '', '', '', '', 0, 0, 6, 0, 0, 12, '48544395', '', '', '', '', '', '', '', 0, 0, '', '', '', '2023-11-29 20:37:14', '0000-00-00 00:00:00', '0000-00-00 00:00:00', '0000-00-00 00:00:00', ''),
(609, 'Orion', '', '085397313007', '', '', '', '', '', 0, '', '', '2023-11-29 11:31:47', '', '', '', '', '', '', '', 3, 0, 0, 0, 0, 12, '29396355', '', '', '', '', '', '', '', 0, 0, 'tahap greeting', '', '', '2023-11-29 20:42:14', '0000-00-00 00:00:00', '0000-00-00 00:00:00', '0000-00-00 00:00:00', ''),
(612, 'Suriatman.', '', '085274062015', '', '', '', '', '', 0, '', '', '2023-11-29 11:32:57', '', '', '', '', '', '', '', 0, 0, 6, 0, 0, 12, '56452477', '', '', '', '', '', '', '', 0, 0, '', '', '', '2023-11-29 20:59:59', '0000-00-00 00:00:00', '0000-00-00 00:00:00', '0000-00-00 00:00:00', ''),
(613, 'Hasri/ibu Nuraini', '', '082145599266', '', '', '', '', '', 0, '', '', '2023-11-29 11:33:18', '', '', '', '', '', '', '', 3, 0, 0, 0, 0, 12, '28276953', '', '', '', '', '', '', '', 0, 0, 'tahap greeting', '', '', '2023-11-29 21:01:16', '0000-00-00 00:00:00', '0000-00-00 00:00:00', '0000-00-00 00:00:00', ''),
(614, 'JAJA WIHARJA', '', '081299785633', '', '', '', '', '', 0, '', '', '2023-11-29 11:33:42', '', '', '', '', '', '', '', 0, 0, 6, 0, 0, 12, '32727518', '', '', '', '', '', '', '', 0, 0, '', '', '', '2023-11-29 21:03:14', '0000-00-00 00:00:00', '0000-00-00 00:00:00', '0000-00-00 00:00:00', ''),
(615, 'ITolomano gulo', '', '082161998161', '', '', '', '', '', 0, '', '', '2023-11-29 11:34:13', '', '', '', '', '', '', '', 0, 0, 6, 0, 0, 12, '44519814', '', '', '', '', '', '', '', 0, 0, '', '', '', '2023-11-29 21:04:45', '0000-00-00 00:00:00', '0000-00-00 00:00:00', '0000-00-00 00:00:00', '');

-- --------------------------------------------------------

--
-- Struktur dari tabel `tb_image`
--

CREATE TABLE `tb_image` (
  `id_operator` int(20) NOT NULL,
  `id_admin` int(20) NOT NULL,
  `dataimage` blob NOT NULL,
  `tipeimage` varchar(20) NOT NULL
) ENGINE=InnoDB DEFAULT CHARSET=utf8mb4 COLLATE=utf8mb4_general_ci;

-- --------------------------------------------------------

--
-- Struktur dari tabel `tb_leader`
--

CREATE TABLE `tb_leader` (
  `id_leader` int(20) NOT NULL,
  `username` varchar(50) NOT NULL,
  `password` varchar(60) NOT NULL,
  `id_level` int(20) NOT NULL
) ENGINE=InnoDB DEFAULT CHARSET=utf8mb4 COLLATE=utf8mb4_general_ci;

--
-- Dumping data untuk tabel `tb_leader`
--

INSERT INTO `tb_leader` (`id_leader`, `username`, `password`, `id_level`) VALUES
(1, 'leader1', '$2y$10$hihb/M2VNsefQR5Shz6h8.aVVcLZtMUH5de7aRIpmSMicpmIsWuqy', 2);

-- --------------------------------------------------------

--
-- Struktur dari tabel `tb_manager`
--

CREATE TABLE `tb_manager` (
  `id_manager` int(20) NOT NULL,
  `username` varchar(50) NOT NULL,
  `password` varchar(60) NOT NULL,
  `id_level` int(20) NOT NULL
) ENGINE=InnoDB DEFAULT CHARSET=utf8mb4 COLLATE=utf8mb4_general_ci;

--
-- Dumping data untuk tabel `tb_manager`
--

INSERT INTO `tb_manager` (`id_manager`, `username`, `password`, `id_level`) VALUES
(1, 'testmanager', '$2y$10$EwGF5qlNPT6xEwM0Pk4kKuUeoxNzVRkhiq.Qu98nwb72l6cORiBOG', 1);

-- --------------------------------------------------------

--
-- Struktur dari tabel `tb_notconnect`
--

CREATE TABLE `tb_notconnect` (
  `id_statusc` int(20) NOT NULL,
  `statusc` varchar(50) DEFAULT NULL
) ENGINE=InnoDB DEFAULT CHARSET=utf8mb4 COLLATE=utf8mb4_general_ci;

--
-- Dumping data untuk tabel `tb_notconnect`
--

INSERT INTO `tb_notconnect` (`id_statusc`, `statusc`) VALUES
(0, ''),
(5, 'IN_MESSENGER'),
(6, 'TURNED_OFF_PHONE'),
(7, 'NO_ANSWER'),
(8, 'NUMBER_IS_BUSY');

-- --------------------------------------------------------

--
-- Struktur dari tabel `tb_opstatus`
--

CREATE TABLE `tb_opstatus` (
  `id_statuse` int(20) NOT NULL,
  `statuse` varchar(50) NOT NULL
) ENGINE=InnoDB DEFAULT CHARSET=utf8mb4 COLLATE=utf8mb4_general_ci;

--
-- Dumping data untuk tabel `tb_opstatus`
--

INSERT INTO `tb_opstatus` (`id_statuse`, `statuse`) VALUES
(0, 'online'),
(1, 'Toilet'),
(2, 'Eat'),
(3, 'Ciggrates'),
(4, 'Pray'),
(9, 'offline');

-- --------------------------------------------------------

--
-- Struktur dari tabel `tb_outstanding`
--

CREATE TABLE `tb_outstanding` (
  `id_customer` int(20) NOT NULL,
  `first_name` varchar(100) NOT NULL,
  `last_name` varchar(100) NOT NULL,
  `phone` varchar(20) NOT NULL,
  `country` varchar(30) NOT NULL,
  `timezone` varchar(50) NOT NULL,
  `addrest_list` varchar(500) DEFAULT NULL,
  `state` varchar(30) NOT NULL,
  `city` varchar(30) NOT NULL,
  `zip` int(20) NOT NULL,
  `shipper` varchar(50) NOT NULL,
  `note` varchar(50) NOT NULL,
  `order_date` varchar(100) NOT NULL,
  `gender` varchar(50) NOT NULL,
  `email` varchar(50) NOT NULL,
  `age` varchar(20) NOT NULL,
  `height` varchar(11) NOT NULL,
  `Chronic_disease` varchar(50) NOT NULL,
  `married` varchar(30) DEFAULT NULL,
  `children` varchar(30) DEFAULT NULL,
  `id_status` int(20) NOT NULL,
  `id_statusb` int(20) NOT NULL,
  `id_statusc` int(20) NOT NULL,
  `id_statusd` int(20) NOT NULL,
  `id_statusf` int(20) NOT NULL,
  `id_agent` int(20) DEFAULT NULL,
  `order_id` varchar(50) NOT NULL,
  `delivery_comment` varchar(200) NOT NULL,
  `promo` varchar(50) NOT NULL,
  `nama_product` varchar(50) NOT NULL,
  `description` varchar(50) NOT NULL,
  `package` varchar(30) NOT NULL,
  `shipment_type` varchar(50) NOT NULL,
  `amount` varchar(50) NOT NULL,
  `price` int(30) NOT NULL,
  `total` int(30) NOT NULL,
  `operator_comment` varchar(500) NOT NULL,
  `operator_comment3` varchar(50) NOT NULL,
  `operator_comment4` varchar(50) NOT NULL,
  `date_comment` varchar(100) NOT NULL,
  `date_comment2` datetime NOT NULL,
  `date_comment3` datetime NOT NULL,
  `date_comment4` datetime NOT NULL,
  `bank_payment` varchar(50) NOT NULL
) ENGINE=InnoDB DEFAULT CHARSET=utf8mb4 COLLATE=utf8mb4_general_ci;

-- --------------------------------------------------------

--
-- Struktur dari tabel `tb_procces`
--

CREATE TABLE `tb_procces` (
  `id_statusf` int(20) NOT NULL,
  `statusf` varchar(50) NOT NULL
) ENGINE=InnoDB DEFAULT CHARSET=utf8mb4 COLLATE=utf8mb4_general_ci;

--
-- Dumping data untuk tabel `tb_procces`
--

INSERT INTO `tb_procces` (`id_statusf`, `statusf`) VALUES
(0, ''),
(18, 'OUTSTANDING'),
(19, 'PENDING'),
(20, 'SUBMIT'),
(21, 'APPROVED'),
(22, 'CANCEL'),
(23, 'DELIVERY_NOT_OK'),
(24, 'DELIVERY_OK');

-- --------------------------------------------------------

--
-- Struktur dari tabel `tb_quetype`
--

CREATE TABLE `tb_quetype` (
  `id_statusg` int(20) NOT NULL,
  `statusg` varchar(50) NOT NULL
) ENGINE=InnoDB DEFAULT CHARSET=utf8mb4 COLLATE=utf8mb4_general_ci;

--
-- Dumping data untuk tabel `tb_quetype`
--

INSERT INTO `tb_quetype` (`id_statusg`, `statusg`) VALUES
(1, 'NEW_ORDER'),
(2, 'OLD_ORDER');

-- --------------------------------------------------------

--
-- Struktur dari tabel `tb_queue`
--

CREATE TABLE `tb_queue` (
  `id_customer` int(20) NOT NULL,
  `first_name` varchar(100) NOT NULL,
  `last_name` varchar(100) NOT NULL,
  `phone` varchar(20) NOT NULL,
  `country` varchar(30) NOT NULL,
  `timezone` varchar(50) NOT NULL,
  `addrest_list` varchar(500) DEFAULT NULL,
  `state` varchar(30) NOT NULL,
  `city` varchar(30) NOT NULL,
  `zip` int(20) NOT NULL,
  `shipper` varchar(50) NOT NULL,
  `note` varchar(50) NOT NULL,
  `order_date` varchar(100) NOT NULL,
  `gender` varchar(50) NOT NULL,
  `email` varchar(50) NOT NULL,
  `age` varchar(20) NOT NULL,
  `height` varchar(11) NOT NULL,
  `Chronic_disease` varchar(50) NOT NULL,
  `married` varchar(30) DEFAULT NULL,
  `children` varchar(30) DEFAULT NULL,
  `id_status` int(20) NOT NULL,
  `id_statusb` int(20) NOT NULL,
  `id_statusc` int(20) NOT NULL,
  `id_statusd` int(20) NOT NULL,
  `id_statusf` int(20) NOT NULL,
  `id_agent` int(20) DEFAULT NULL,
  `order_id` varchar(50) NOT NULL,
  `delivery_comment` varchar(200) NOT NULL,
  `promo` varchar(50) NOT NULL,
  `nama_product` varchar(50) NOT NULL,
  `description` varchar(50) NOT NULL,
  `package` varchar(30) NOT NULL,
  `shipment_type` varchar(50) NOT NULL,
  `amount` varchar(50) NOT NULL,
  `price` int(30) NOT NULL,
  `total` int(30) NOT NULL,
  `operator_comment` varchar(500) NOT NULL,
  `operator_comment3` varchar(50) NOT NULL,
  `operator_comment4` varchar(50) NOT NULL,
  `date_comment` varchar(100) NOT NULL,
  `date_comment2` datetime NOT NULL,
  `date_comment3` datetime NOT NULL,
  `date_comment4` datetime NOT NULL,
  `bank_payment` varchar(50) NOT NULL
) ENGINE=InnoDB DEFAULT CHARSET=utf8mb4 COLLATE=utf8mb4_general_ci;

--
-- Dumping data untuk tabel `tb_queue`
--

INSERT INTO `tb_queue` (`id_customer`, `first_name`, `last_name`, `phone`, `country`, `timezone`, `addrest_list`, `state`, `city`, `zip`, `shipper`, `note`, `order_date`, `gender`, `email`, `age`, `height`, `Chronic_disease`, `married`, `children`, `id_status`, `id_statusb`, `id_statusc`, `id_statusd`, `id_statusf`, `id_agent`, `order_id`, `delivery_comment`, `promo`, `nama_product`, `description`, `package`, `shipment_type`, `amount`, `price`, `total`, `operator_comment`, `operator_comment3`, `operator_comment4`, `date_comment`, `date_comment2`, `date_comment3`, `date_comment4`, `bank_payment`) VALUES
(105, 'adi/ibu pijat taslim', '', '083116228116', '', '', '', '', '', 0, '', '', '2023-10-11 08:51:19', '', '', '', '', '', '', '', 2, 0, 6, 0, 19, 9, '81185191', '', '', 'EPROS', '', '', '', '', 0, 0, '', '', '', '2023-11-13 19:59:49', '0000-00-00 00:00:00', '0000-00-00 00:00:00', '0000-00-00 00:00:00', ''),
(112, 'Herry', '', '082120868394', '', '', '', '', '', 0, '', '', '2023-10-11 08:57:21', '', '', '', '', '', '', '', 3, 11, 6, 0, 19, 9, '95797641', '', '', '', '', '', '', '', 0, 0, '', '', '', '2023-11-11 17:59:26', '0000-00-00 00:00:00', '0000-00-00 00:00:00', '0000-00-00 00:00:00', ''),
(122, 'Yayan Trisakti', '', '081386512011', '', 'Asia/Jakarta', '', '', '', 0, '', 'minta barang sampai hari sabtu', '2023-10-11 09:11:21', '', '', '', '', '', 'yes', 'yes', 1, 0, 7, 15, 23, 13, '32487175', '', '', 'EPROS', '', '', '3-6days', '1', 1089, 1089, '', '', '', '2023-11-09 19:44:52', '2023-11-09 19:44:52', '0000-00-00 00:00:00', '0000-00-00 00:00:00', ''),
(123, 'lilik', 'test', '087730490988', '', 'Asia/Jakarta', '', 'Jakarta', '', 0, '', '', '2023-10-11 09:12:24', '', '', '', '', '', 'yes', 'yes', 2, 0, 7, 0, 19, 10, '35777565', '', '', '', '300mg', '10caps', '1-3days', '2', 12000, 24000, '', '', '', '2023-11-08 09:09:10', '0000-00-00 00:00:00', '0000-00-00 00:00:00', '0000-00-00 00:00:00', ''),
(138, 'nus aweka', '', '081393734935', 'indonesia', 'Asia/Jakarta', '', '', '', 0, '', '', '2023-11-07 18:41:49', '', '', '', '', '', 'yes', 'yes', 0, 0, 7, 0, 19, 3, '18615969', '', 'prm_spesial1190', 'EPROS', '', '', '', '', 0, 0, '', '', '', '2023-11-12 21:09:03', '0000-00-00 00:00:00', '0000-00-00 00:00:00', '0000-00-00 00:00:00', ''),
(179, 'Gery', '', '082123870364', '', '', '', '', '', 0, '', '', '2023-11-08 11:35:53', '', '', '', '', '', '', '', 0, 14, 7, 0, 19, 3, '51923845', '', 'prm_spesial1190', 'EPROS', '', '', '', '', 0, 0, 'test', '', '', '2023-11-13 16:19:26', '0000-00-00 00:00:00', '0000-00-00 00:00:00', '0000-00-00 00:00:00', ''),
(193, 'Sugiono', '', '081233062589', '', '', '', '', '', 0, '', '', '2023-11-08 11:45:27', '', '', '', '', '', '', '', 0, 0, 7, 17, 19, 3, '52272889', '', 'prm_spesial1190', 'EPROS', '', '', '', '', 0, 0, '', '', '', '2023-11-13 15:06:22', '0000-00-00 00:00:00', '0000-00-00 00:00:00', '0000-00-00 00:00:00', ''),
(265, 'Milliono', '', '082387334283', '', '', '', '', '', 0, '', '', '2023-11-11 00:34:50', '', '', '', '', '', '', '', 0, 0, 7, 0, 19, 12, '17618368', '', '', '', '', '', '', '', 0, 0, '', '', '', '2023-11-20 21:09:36', '0000-00-00 00:00:00', '0000-00-00 00:00:00', '0000-00-00 00:00:00', ''),
(266, 'HJ ETy', '', '085242383361', '', '', '', '', '', 0, '', '', '2023-11-11 00:35:18', '', '', '', '', '', '', '', 0, 0, 7, 0, 19, 12, '58167172', '', '', '', '', '', '', '', 0, 0, '', '', '', '2023-11-20 21:10:51', '0000-00-00 00:00:00', '0000-00-00 00:00:00', '0000-00-00 00:00:00', ''),
(502, 'testquesortpending2', '', '08348343444', '', '', '', '', '', 0, '', '', '2023-11-21 15:16:55', '', '', '', '', '', '', '', 0, 0, 0, 0, 24, 13, '14791917', '', 'prm_spesial1190', 'EPROS', '', '', '', '', 0, 0, '', '', '', '2023-11-21 15:27:06', '2023-11-21 15:27:06', '0000-00-00 00:00:00', '0000-00-00 00:00:00', ''),
(992, '', '', '', '', '', '', '', '', 0, '', '', '', '', '', '', '', '', '', '', 0, 0, 0, 0, 0, 0, '', '', '', '', '', '', '', '', 0, 0, '', '', '', '', '0000-00-00 00:00:00', '0000-00-00 00:00:00', '0000-00-00 00:00:00', '');

-- --------------------------------------------------------

--
-- Struktur dari tabel `tb_spam`
--

CREATE TABLE `tb_spam` (
  `id_statusd` int(20) NOT NULL,
  `statusd` varchar(60) NOT NULL
) ENGINE=InnoDB DEFAULT CHARSET=utf8mb4 COLLATE=utf8mb4_general_ci;

--
-- Dumping data untuk tabel `tb_spam`
--

INSERT INTO `tb_spam` (`id_statusd`, `statusd`) VALUES
(0, ''),
(15, 'NOT_ORDERED'),
(16, 'DOUBLE_ORDER'),
(17, 'SPAM');

-- --------------------------------------------------------

--
-- Struktur dari tabel `tb_trash`
--

CREATE TABLE `tb_trash` (
  `id_customer` int(20) NOT NULL,
  `first_name` varchar(100) NOT NULL,
  `last_name` varchar(100) NOT NULL,
  `phone` varchar(20) NOT NULL,
  `country` varchar(30) NOT NULL,
  `timezone` varchar(50) NOT NULL,
  `addrest_list` varchar(200) NOT NULL,
  `state` varchar(30) NOT NULL,
  `city` varchar(30) NOT NULL,
  `zip` int(20) NOT NULL,
  `shipper` varchar(50) NOT NULL,
  `note` varchar(50) NOT NULL,
  `order_date` varchar(100) NOT NULL,
  `gender` varchar(50) NOT NULL,
  `email` varchar(50) NOT NULL,
  `age` varchar(20) NOT NULL,
  `height` varchar(11) NOT NULL,
  `Chronic_disease` varchar(50) NOT NULL,
  `married` varchar(30) DEFAULT NULL,
  `children` varchar(30) DEFAULT NULL,
  `id_status` int(20) NOT NULL,
  `id_statusb` int(20) NOT NULL,
  `id_statusc` int(20) NOT NULL,
  `id_statusd` int(20) NOT NULL,
  `id_statusf` int(20) NOT NULL,
  `id_agent` int(20) DEFAULT NULL,
  `order_id` varchar(50) NOT NULL,
  `delivery_comment` varchar(200) NOT NULL,
  `promo` varchar(50) NOT NULL,
  `nama_product` varchar(50) NOT NULL,
  `description` varchar(50) NOT NULL,
  `package` varchar(30) NOT NULL,
  `shipment_type` varchar(50) NOT NULL,
  `amount` varchar(50) NOT NULL,
  `price` int(30) NOT NULL,
  `total` int(30) NOT NULL,
  `operator_comment` varchar(500) NOT NULL,
  `operator_comment3` varchar(50) NOT NULL,
  `operator_comment4` varchar(50) NOT NULL,
  `date_comment` varchar(100) NOT NULL,
  `date_comment2` datetime NOT NULL,
  `date_comment3` datetime NOT NULL,
  `date_comment4` datetime NOT NULL,
  `bank_payment` varchar(50) NOT NULL
) ENGINE=InnoDB DEFAULT CHARSET=utf8mb4 COLLATE=utf8mb4_general_ci;

--
-- Dumping data untuk tabel `tb_trash`
--

INSERT INTO `tb_trash` (`id_customer`, `first_name`, `last_name`, `phone`, `country`, `timezone`, `addrest_list`, `state`, `city`, `zip`, `shipper`, `note`, `order_date`, `gender`, `email`, `age`, `height`, `Chronic_disease`, `married`, `children`, `id_status`, `id_statusb`, `id_statusc`, `id_statusd`, `id_statusf`, `id_agent`, `order_id`, `delivery_comment`, `promo`, `nama_product`, `description`, `package`, `shipment_type`, `amount`, `price`, `total`, `operator_comment`, `operator_comment3`, `operator_comment4`, `date_comment`, `date_comment2`, `date_comment3`, `date_comment4`, `bank_payment`) VALUES
(103, 'alex', 'test', '09809086', 'Indonesia', 'Asia/Jakarta', 'jalan mangga 2 no 365 belakang pom bensin depan pos satpam pagar biru ruko kuning tembok putih, atap hitam, jendela merah', 'Kalimantan Barat', 'Ketapang', 12000, '', 'minta dikirim ', '2023-09-29 18:16:35', '', '', '32', '172', '', 'yes', 'yes', 2, 0, 7, 0, 19, 4, '', '', '', 'EPROS', '', '', '3-6days', '1', 1190, 1190, '', '', '', '2023-11-09 16:10:55', '0000-00-00 00:00:00', '0000-00-00 00:00:00', '0000-00-00 00:00:00', ''),
(104, 'alex', '', '09809086', '', '', '', '', '', 0, '', '', '2023-10-06 21:14:30', '', '', '', '', '', '', '', 2, 0, 0, 0, 18, 11, '67567555', '', '', 'EPROS', '', '', '1-3days', '1', 1890, 1890, 'okkkkkkkkkkkkkkkkkke', '', '', '2023-10-06 22:59:26', '2023-10-06 22:59:26', '0000-00-00 00:00:00', '0000-00-00 00:00:00', 'COD'),
(108, 'Ade Safrudin', '', '082217787051', '', '', '', '', '', 0, '', '', '2023-10-11 08:53:42', '', '', '', '', '', '', '', 2, 12, 6, 0, 19, 9, '35256549', '', '', '', '', '', '', '', 0, 0, '', '', '', '2023-11-11 17:58:56', '0000-00-00 00:00:00', '0000-00-00 00:00:00', '0000-00-00 00:00:00', ''),
(110, 'Moch. Sueb', '', '08121651651', '', '', '', '', '', 0, '', '', '2023-10-11 08:55:22', '', '', '', '', '', '', '', 1, 9, 6, 0, 19, 9, '72277623', '', '', 'EPROS', '', '', '1-3days', '', 0, 0, '', '', '', '2023-11-11 18:00:56', '0000-00-00 00:00:00', '0000-00-00 00:00:00', '0000-00-00 00:00:00', ''),
(115, 'syamsuri pengepul ru', '', '081252833197', '', '', '', '', '', 0, '', '', '2023-10-11 09:00:34', '', '', '', '', '', '', '', 3, 14, 7, 0, 19, 11, '95794944', '', '', '', '', '', '', '', 0, 0, '', '', '', '2023-11-04 09:14:42', '0000-00-00 00:00:00', '0000-00-00 00:00:00', '0000-00-00 00:00:00', ''),
(116, 'gafur', 'test', '082192298813', '', 'Asia/Jakarta', '', '', '', 0, '', '', '2023-10-11 09:01:54', '', '', '', '', '', 'yes', 'yes', 1, 12, 0, 0, 19, 11, '78298192', '', '', '', '', '', '', '', 0, 0, 'test', '', '', '2023-10-30 18:55:37', '2023-10-30 18:55:37', '0000-00-00 00:00:00', '0000-00-00 00:00:00', ''),
(120, 'Gum Suharwoto', '', '087700912014', '', '', '', '', '', 0, '', '', '2023-10-11 09:09:52', '', '', '', '', '', '', '', 3, 14, 0, 0, 19, 9, '42541872', '', '', '', '', '', '', '', 0, 0, 'cek test', '', '', '2023-10-28 17:31:47', '0000-00-00 00:00:00', '0000-00-00 00:00:00', '0000-00-00 00:00:00', ''),
(143, 'Nian deris', '', '085879626201', '', '', '', '', '', 0, '', '', '2023-11-07 18:50:03', '', '', '', '', '', '', '', 0, 0, 0, 17, 0, 13, '34466651', '', 'prm_spesial1190', 'EPROS', '', '', '', '', 0, 0, '', '', '', '2023-11-23 16:44:49', '0000-00-00 00:00:00', '0000-00-00 00:00:00', '0000-00-00 00:00:00', ''),
(150, 'jojon palu', '', '081342223469', '', '', '', '', '', 0, '', '', '2023-11-07 18:54:36', '', '', '', '', '', '', '', 0, 0, 0, 17, 0, 13, '27642511', '', 'prm_spesial1190', 'EPROS', '', '', '', '', 0, 0, '', '', '', '2023-11-21 16:34:17', '0000-00-00 00:00:00', '0000-00-00 00:00:00', '0000-00-00 00:00:00', ''),
(165, 'Riky', '', '082125409077', '', '', '', '', '', 0, '', '', '2023-11-07 20:57:06', '', '', '', '', '', '', '', 0, 14, 0, 0, 0, 12, '48881326', '', 'prm_spesial1190', 'EPROS', '', '', '', '', 0, 0, 'slh nmr', '', '', '2023-11-28 20:40:11', '0000-00-00 00:00:00', '0000-00-00 00:00:00', '0000-00-00 00:00:00', ''),
(167, 'sobari', '', '083867407088', '', '', '', '', '', 0, '', '', '2023-11-07 20:58:06', '', '', '', '', '', '', '', 0, 14, 0, 0, 0, 12, '86749449', '', 'prm_spesial1190', 'EPROS', '', '', '', '', 0, 0, 'tdk ada uang', '', '', '2023-11-28 20:43:12', '0000-00-00 00:00:00', '0000-00-00 00:00:00', '0000-00-00 00:00:00', ''),
(206, 'Kamil', '', '085716904253', '', '', '', '', '', 0, '', '', '2023-11-10 23:57:06', '', '', '', '', '', '', '', 0, 0, 0, 17, 0, 13, '13522389', '', 'prm_spesial1190', 'EPROS', '', '', '', '', 0, 0, '', '', '', '2023-11-21 13:50:35', '0000-00-00 00:00:00', '0000-00-00 00:00:00', '0000-00-00 00:00:00', ''),
(211, 'Denny gan', '', '082135353433', '', '', '', '', '', 0, '', '', '2023-11-11 00:00:28', '', '', '', '', '', '', '', 0, 14, 0, 0, 0, 12, '96696784', '', 'prm_spesial1190', 'EPROS', '', '', '', '', 0, 0, 'tdk minat psn', '', '', '2023-11-28 21:26:44', '0000-00-00 00:00:00', '0000-00-00 00:00:00', '0000-00-00 00:00:00', ''),
(213, 'Gento / Pakde Mebel', '', '085348431420', '', '', '', '', '', 0, '', '', '2023-11-11 00:01:27', '', '', '', '', '', '', '', 0, 14, 0, 0, 0, 12, '43437244', '', 'prm_spesial1190', 'EPROS', '', '', '', '', 0, 0, 'blm ada uang', '', '', '2023-11-27 21:34:07', '0000-00-00 00:00:00', '0000-00-00 00:00:00', '0000-00-00 00:00:00', ''),
(222, 'Sahbudin Siregar', '', '082288032851', '', '', '', '', '', 0, '', '', '2023-11-11 00:07:00', '', '', '', '', '', '', '', 2, 0, 0, 0, 19, 12, '73894995', '', 'prm_spesial1190', 'EPROS', '', '', '', '', 0, 0, 'ank kecil', '', '', '2023-11-19 18:20:19', '0000-00-00 00:00:00', '0000-00-00 00:00:00', '0000-00-00 00:00:00', ''),
(224, 'Erwin Timbul P.M pak', '', '088977274073', '', '', '', '', '', 0, '', '', '2023-11-11 00:08:22', '', '', '', '', '', '', '', 0, 0, 0, 17, 19, 13, '47829258', '', '', '', '', '', '', '', 0, 0, 'ini test hasby', '', '', '2023-11-17 21:31:58', '0000-00-00 00:00:00', '0000-00-00 00:00:00', '0000-00-00 00:00:00', ''),
(235, 'Tabiula', '', '081242460508', '', '', '', '', '', 0, '', '', '2023-11-11 00:14:58', '', '', '', '', '', '', '', 0, 14, 0, 0, 0, 12, '64734646', '', 'prm_spesial1190', 'EPROS', '', '', '', '', 0, 0, 'pindah pindah tempat tinggal', '', '', '2023-11-30 18:15:31', '0000-00-00 00:00:00', '0000-00-00 00:00:00', '0000-00-00 00:00:00', ''),
(245, 'Arief rahmatullah (p', '', '081223325792', '', '', '', '', '', 0, '', '', '2023-11-11 00:22:27', '', '', '', '', '', '', '', 0, 14, 0, 0, 0, 12, '76957124', '', '', '', '', '', '', '', 0, 0, 'tdk pesan', '', '', '2023-11-30 18:58:46', '0000-00-00 00:00:00', '0000-00-00 00:00:00', '0000-00-00 00:00:00', ''),
(260, 'Meidy Diem', '', '081340404454', '', '', '', '', '', 0, '', '', '2023-11-11 00:32:34', '', '', '', '', '', '', '', 2, 0, 7, 0, 19, 12, '19443174', '', '', '', '', '', '', '', 0, 0, 'bpk sdh meninggal', '', '', '2023-11-20 20:57:35', '0000-00-00 00:00:00', '0000-00-00 00:00:00', '0000-00-00 00:00:00', ''),
(268, 'Sigit Prabowo', '', '081932558423', '', '', '', '', '', 0, '', '', '2023-11-11 00:36:54', '', '', '', '', '', '', '', 0, 14, 7, 0, 19, 12, '83795915', '', '', '', '', '', '', '', 0, 0, 'blm ada niat utk bli', '', '', '2023-11-20 21:15:21', '0000-00-00 00:00:00', '0000-00-00 00:00:00', '0000-00-00 00:00:00', ''),
(269, 'Aryani Basri', '', '087777799650', '', '', '', '', '', 0, '', '', '2023-11-11 00:37:23', '', '', '', '', '', '', '', 0, 14, 0, 0, 0, 12, '94516759', '', 'prm_spesial1190', 'EPROS', '', '', '', '', 0, 0, 'bpk sdh meninggal', '', '', '2023-11-30 18:18:01', '0000-00-00 00:00:00', '0000-00-00 00:00:00', '0000-00-00 00:00:00', ''),
(273, 'Sutrisno', '', '081945409800', '', '', '', '', '', 0, '', '', '2023-11-13 11:59:00', '', '', '', '', '', '', '', 0, 14, 6, 0, 19, 12, '45742167', '', '', '', '', '', '', '', 0, 0, 'tdk ada niat mau psn', '', '', '2023-11-20 21:19:07', '0000-00-00 00:00:00', '0000-00-00 00:00:00', '0000-00-00 00:00:00', ''),
(276, 'Purwantara', '', '089662666582', '', '', '', '', '', 0, '', '', '2023-11-13 12:01:02', '', '', '', '', '', '', '', 0, 14, 0, 0, 19, 12, '44383274', '', '', '', '', '', '', '', 0, 0, 'blm ada niat utk bli', '', '', '2023-11-20 21:26:51', '0000-00-00 00:00:00', '0000-00-00 00:00:00', '0000-00-00 00:00:00', ''),
(285, 'euis amiinah', '', '089541046704', '', '', '', '', '', 0, '', '', '2023-11-13 12:05:27', '', '', '', '', '', '', '', 0, 0, 6, 17, 19, 12, '81495391', '', '', '', '', '', '', '', 0, 0, 'nmr tdk terdftr', '', '', '2023-11-20 21:41:06', '0000-00-00 00:00:00', '0000-00-00 00:00:00', '0000-00-00 00:00:00', ''),
(286, 'Bapak Harun', '', '081329028745', '', '', '', '', '', 0, '', '', '2023-11-13 12:06:03', '', '', '', '', '', '', '', 3, 14, 0, 0, 19, 12, '53594349', '', '', '', '', '', '', '', 0, 0, 'tdk minat psn', '', '', '2023-11-20 21:42:37', '0000-00-00 00:00:00', '0000-00-00 00:00:00', '0000-00-00 00:00:00', ''),
(289, 'Syamsul Huda', '', '08121674844', '', '', '', '', '', 0, '', '', '2023-11-13 12:07:43', '', '', '', '', '', '', '', 0, 14, 7, 0, 19, 12, '44453883', '', '', '', '', '', '', '', 0, 0, 'berisik bnyk suara', '', '', '2023-11-20 21:47:14', '0000-00-00 00:00:00', '0000-00-00 00:00:00', '0000-00-00 00:00:00', ''),
(314, 'Sulaimua', '', '08121405843', '', '', '', '', '', 0, '', '', '2023-11-13 12:39:26', '', '', '', '', '', '', '', 0, 0, 0, 0, 0, 0, '37754437', '', 'prm_spesial1190', 'EPROS', '', '', '', '', 0, 0, '', '', '', '0000-00-00 00:00:00', '0000-00-00 00:00:00', '0000-00-00 00:00:00', '0000-00-00 00:00:00', ''),
(315, 'Sulaimuan', '', '081214058436', '', '', '', '', '', 0, '', '', '2023-11-13 12:39:51', '', '', '', '', '', '', '', 0, 14, 0, 0, 0, 12, '56836699', '', 'prm_spesial1190', 'EPROS', '', '', '', '', 0, 0, 'tdk ada uang dan kondisi tdk di tmpt', '', '', '2023-11-30 18:40:00', '0000-00-00 00:00:00', '0000-00-00 00:00:00', '0000-00-00 00:00:00', ''),
(326, 'LAI DJUN PHIN', '', '081250647886', '', '', '', '', '', 0, '', '', '2023-11-13 12:44:40', '', '', '', '', '', '', '', 0, 14, 0, 0, 19, 11, '42189183', '', 'prm_spesial1190', 'EPROS', '', '', '', '', 0, 0, 'klien tdk mrasa pesan', '', '', '2023-11-13 16:21:27', '0000-00-00 00:00:00', '0000-00-00 00:00:00', '0000-00-00 00:00:00', ''),
(362, 'Ansi', '', '082144713503', '', '', '', '', '', 0, '', '', '2023-11-15 12:47:44', '', '', '', '', '', '', '', 0, 14, 0, 0, 0, 12, '87199633', '', '', '', '', '', '', '', 0, 0, 'di kira pesanaan hp', '', '', '2023-11-26 16:20:28', '0000-00-00 00:00:00', '0000-00-00 00:00:00', '0000-00-00 00:00:00', ''),
(376, 'Stanly', '', '081245530661', '', '', '', '', '', 0, '', '', '2023-11-15 12:53:02', '', '', '', '', '', '', '', 0, 14, 0, 0, 0, 12, '22373914', '', '', '', '', '', '', '', 0, 0, 'salah org', '', '', '2023-11-27 18:44:20', '0000-00-00 00:00:00', '0000-00-00 00:00:00', '0000-00-00 00:00:00', ''),
(381, 'Martha Antou', '', '082188903555', '', '', '', '', '', 0, '', '', '2023-11-15 12:54:55', '', '', '', '', '', '', '', 0, 14, 0, 0, 0, 12, '94527646', '', '', '', '', '', '', '', 0, 0, 'diblng penipuan', '', '', '2023-11-27 18:51:01', '0000-00-00 00:00:00', '0000-00-00 00:00:00', '0000-00-00 00:00:00', ''),
(387, 'Zaidun', '', '081316283206', '', '', '', '', '', 0, '', '', '2023-11-15 12:58:21', '', '', '', '', '', '', '', 0, 14, 0, 0, 0, 12, '11896942', '', '', '', '', '', '', '', 0, 0, 'tdk minat psn', '', '', '2023-11-27 19:01:17', '0000-00-00 00:00:00', '0000-00-00 00:00:00', '0000-00-00 00:00:00', ''),
(391, 'Pak Santos (perawatan)', '', '081337542107', '', '', '', '', '', 0, '', '', '2023-11-15 12:59:43', '', '', '', '', '', '', '', 0, 14, 0, 0, 0, 12, '35532424', '', '', '', '', '', '', '', 0, 0, 'tdk minat psn', '', '', '2023-11-27 19:06:32', '0000-00-00 00:00:00', '0000-00-00 00:00:00', '0000-00-00 00:00:00', ''),
(396, 'Martono', '', '085875539376', '', '', '', '', '', 0, '', '', '2023-11-15 13:01:53', '', '', '', '', '', '', '', 0, 14, 0, 0, 0, 12, '59274239', '', '', '', '', '', '', '', 0, 0, 'anak-anak yg slh pnct', '', '', '2023-11-27 19:19:33', '0000-00-00 00:00:00', '0000-00-00 00:00:00', '0000-00-00 00:00:00', ''),
(398, 'Eki', '', '081360812145', '', '', '', '', '', 0, '', '', '2023-11-15 13:02:37', '', '', '', '', '', '', '', 0, 0, 0, 0, 19, 13, '77136422', '', '', '', '', '', '', '', 0, 0, '', '', '', '0000-00-00 00:00:00', '0000-00-00 00:00:00', '0000-00-00 00:00:00', '0000-00-00 00:00:00', ''),
(399, 'Legiman', '', '081260904817', '', '', '', '', '', 0, '', '', '2023-11-15 13:02:56', '', '', '', '', '', '', '', 0, 0, 0, 0, 19, 13, '55977921', '', '', '', '', '', '', '', 0, 0, '', '', '', '0000-00-00 00:00:00', '0000-00-00 00:00:00', '0000-00-00 00:00:00', '0000-00-00 00:00:00', ''),
(409, 'Giyono', '', '082215049998', '', '', '', '', '', 0, '', '', '2023-11-15 13:06:49', '', '', '', '', '', '', '', 0, 14, 0, 0, 0, 12, '91272649', '', '', '', '', '', '', '', 0, 0, 'tdk tahu almt krn ska pindh kerjaan', '', '', '2023-11-27 19:38:48', '0000-00-00 00:00:00', '0000-00-00 00:00:00', '0000-00-00 00:00:00', ''),
(411, 'Bima', '', '082121365577', '', '', '', '', '', 0, '', '', '2023-11-15 13:08:07', '', '', '', '', '', '', '', 0, 14, 0, 0, 0, 12, '33332439', '', '', '', '', '', '', '', 0, 0, 'bukan saya yg psn', '', '', '2023-11-27 19:44:17', '0000-00-00 00:00:00', '0000-00-00 00:00:00', '0000-00-00 00:00:00', ''),
(412, 'Usman (sopir angkot)', '', '082345003000', '', '', '', '', '', 0, '', '', '2023-11-15 13:08:31', '', '', '', '', '', '', '', 0, 14, 0, 0, 0, 12, '16326586', '', '', '', '', '', '', '', 0, 0, 'blm ad ung, nnti di tlp lg aja', '', '', '2023-11-27 19:46:51', '0000-00-00 00:00:00', '0000-00-00 00:00:00', '0000-00-00 00:00:00', ''),
(426, 'AA. Komp Sukarta Wirawan', '', '087701157783', '', '', '', '', '', 0, '', '', '2023-11-16 10:46:05', '', '', '', '', '', '', '', 0, 14, 0, 0, 0, 12, '47774754', '', '', '', '', '', '', '', 0, 0, 'blm ada dana atau uang', '', '', '2023-11-27 20:24:02', '0000-00-00 00:00:00', '0000-00-00 00:00:00', '0000-00-00 00:00:00', ''),
(433, 'DWI ASTUTI', '', '081231971328', '', '', '', '', '', 0, '', '', '2023-11-16 10:48:52', '', '', '', '', '', '', '', 0, 14, 0, 0, 0, 12, '21944963', '', '', '', '', '', '', '', 0, 0, 'slh, tdk pesan', '', '', '2023-11-27 20:39:53', '0000-00-00 00:00:00', '0000-00-00 00:00:00', '0000-00-00 00:00:00', ''),
(448, 'Apriadi', '', '081260534986', '', '', '', '', '', 0, '', '', '2023-11-16 13:52:37', '', '', '', '', '', '', '', 0, 14, 0, 0, 0, 12, '36574417', '', '', '', '', '', '', '', 0, 0, 'tdk minat psn', '', '', '2023-11-27 21:06:33', '0000-00-00 00:00:00', '0000-00-00 00:00:00', '0000-00-00 00:00:00', ''),
(459, 'Rapiun', '', '081917658079', '', '', '', '', '', 0, '', '', '2023-11-16 13:56:37', '', '', '', '', '', '', '', 0, 14, 0, 0, 0, 12, '53951737', '', '', '', '', '', '', '', 0, 0, 'sdh ngntuk', '', '', '2023-11-27 21:25:32', '0000-00-00 00:00:00', '0000-00-00 00:00:00', '0000-00-00 00:00:00', ''),
(463, 'Samin Mokoginta', '', '081354013788', '', '', '', '', '', 0, '', '', '2023-11-19 13:12:06', '', '', '', '', '', '', '', 0, 14, 0, 0, 0, 12, '52377619', '', '', '', '', '', '', '', 0, 0, 'tdk minat psn', '', '', '2023-11-30 19:05:16', '0000-00-00 00:00:00', '0000-00-00 00:00:00', '0000-00-00 00:00:00', ''),
(465, 'Alfred B', '', '081257672736', '', '', '', '', '', 0, '', '', '2023-11-19 13:13:02', '', '', '', '', '', '', '', 0, 14, 0, 0, 0, 12, '42417571', '', '', '', '', '', '', '', 0, 0, 'minta di batalkn sja', '', '', '2023-11-30 19:12:17', '0000-00-00 00:00:00', '0000-00-00 00:00:00', '0000-00-00 00:00:00', ''),
(466, 'Ikhsan Ramadhan', '', '082359444292', '', '', '', '', '', 0, '', '', '2023-11-19 13:13:25', '', '', '', '', '', '', '', 0, 14, 0, 0, 19, 12, '44451789', '', '', '', '', '', '', '', 0, 0, 'masih muda ', '', '', '2023-11-20 19:34:07', '0000-00-00 00:00:00', '0000-00-00 00:00:00', '0000-00-00 00:00:00', ''),
(471, 'Suroso', '', '085945633344', '', '', '', '', '', 0, '', '', '2023-11-19 13:15:31', '', '', '', '', '', '', '', 0, 14, 0, 0, 0, 12, '64259426', '', '', '', '', '', '', '', 0, 0, 'slh nmr', '', '', '2023-11-30 19:28:18', '0000-00-00 00:00:00', '0000-00-00 00:00:00', '0000-00-00 00:00:00', ''),
(482, 'Mega', '', '087881079173', '', '', '', '', '', 0, '', '', '2023-11-19 13:20:44', '', '', '', '', '', '', '', 0, 14, 0, 0, 0, 12, '38424782', '', '', '', '', '', '', '', 0, 0, 'istrinya yg angkat dan berisik', '', '', '2023-11-30 19:56:12', '0000-00-00 00:00:00', '0000-00-00 00:00:00', '0000-00-00 00:00:00', ''),
(483, 'Djamalis', '', '08117445647', '', '', '', '', '', 0, '', '', '2023-11-19 13:21:06', '', '', '', '', '', '', '', 0, 14, 0, 0, 0, 12, '35816861', '', '', '', '', '', '', '', 0, 0, 'lg skt dan sdh bnyk penyakit', '', '', '2023-11-30 20:00:02', '0000-00-00 00:00:00', '0000-00-00 00:00:00', '0000-00-00 00:00:00', ''),
(488, 'Danang (Owner/Pemilik)', '', '081224790042', '', '', '', '', '', 0, '', '', '2023-11-19 13:22:56', '', '', '', '', '', '', '', 0, 14, 0, 0, 0, 12, '31124293', '', '', '', '', '', '', '', 0, 0, 'tdk tertarik', '', '', '2023-11-30 20:11:01', '0000-00-00 00:00:00', '0000-00-00 00:00:00', '0000-00-00 00:00:00', ''),
(501, 'testquesortpending', '', '082435467283', '', '', '', '', '', 0, '', '', '2023-11-21 14:14:53', '', '', '', '', '', '', '', 0, 0, 0, 17, 0, 13, '64454838', '', 'prm_spesial1190', 'EPROS', '', '', '', '', 0, 0, '', '', '', '2023-11-21 15:28:18', '0000-00-00 00:00:00', '0000-00-00 00:00:00', '0000-00-00 00:00:00', ''),
(504, 'testdate', '', '082435467283', '', '', '', '', '', 0, '', '', '2023-11-21 15:34:14', '', '', '', '', '', '', '', 0, 0, 0, 0, 0, 0, '94233299', '', 'prm_spesial1190', 'EPROS', '', '', '', '', 0, 0, '', '', '', '0000-00-00 00:00:00', '0000-00-00 00:00:00', '0000-00-00 00:00:00', '0000-00-00 00:00:00', ''),
(505, 'testdate2', '', '0824354672834', '', '', '', '', '', 0, '', '', '2023-11-21 18:02:41', '', '', '', '', '', '', '', 0, 0, 0, 0, 0, 0, '94348751', '', 'prm_spesial1190', 'EPROS', '', '', '', '', 0, 0, '', '', '', '0000-00-00 00:00:00', '0000-00-00 00:00:00', '0000-00-00 00:00:00', '0000-00-00 00:00:00', ''),
(518, 'Linder sindage', '', '081240164459', '', '', '', '', '', 0, '', '', '2023-11-28 16:53:08', '', '', '', '', '', '', '', 0, 14, 0, 0, 0, 12, '24559266', '', '', '', '', '', '', '', 0, 0, 'anak-anak yg pesan', '', '', '2023-11-28 18:47:13', '0000-00-00 00:00:00', '0000-00-00 00:00:00', '0000-00-00 00:00:00', ''),
(524, 'Riawati', '', '081265616842', '', '', '', '', '', 0, '', '', '2023-11-28 18:42:08', '', '', '', '', '', '', '', 0, 14, 0, 0, 0, 12, '59795782', '', '', '', '', '', '', '', 0, 0, 'suami sdh meninggl 20 tahun lalu', '', '', '2023-11-28 18:58:13', '0000-00-00 00:00:00', '0000-00-00 00:00:00', '0000-00-00 00:00:00', ''),
(529, 'supriyatna', '', '089526920425', '', '', '', '', '', 0, '', '', '2023-11-28 18:45:08', '', '', '', '', '', '', '', 0, 14, 0, 0, 0, 12, '15749963', '', '', '', '', '', '', '', 0, 0, 'istri sdh mnggl dan sdh lnjt usia', '', '', '2023-11-28 19:08:27', '0000-00-00 00:00:00', '0000-00-00 00:00:00', '0000-00-00 00:00:00', ''),
(564, 'Anton yulhendri', '', '085271934662', '', '', '', '', '', 0, '', '', '2023-11-29 10:20:49', '', '', '', '', '', '', '', 0, 14, 0, 0, 0, 12, '64284566', '', '', '', '', '', '', '', 0, 0, 'tdk ada uang ', '', '', '2023-11-29 18:17:24', '0000-00-00 00:00:00', '0000-00-00 00:00:00', '0000-00-00 00:00:00', ''),
(567, 'Jay harahap', '', '082165447301', '', '', '', '', '', 0, '', '', '2023-11-29 10:22:27', '', '', '', '', '', '', '', 0, 14, 0, 0, 0, 12, '32677835', '', '', '', '', '', '', '', 0, 0, 'blm butuh krn masih muda', '', '', '2023-11-29 18:38:28', '0000-00-00 00:00:00', '0000-00-00 00:00:00', '0000-00-00 00:00:00', ''),
(569, 'Ririn', '', '081399339605', '', '', '', '', '', 0, '', '', '2023-11-29 10:23:43', '', '', '', '', '', '', '', 0, 14, 0, 0, 0, 12, '92182417', '', '', '', '', '', '', '', 0, 0, 'blm bth kta istrinya', '', '', '2023-11-29 18:47:31', '0000-00-00 00:00:00', '0000-00-00 00:00:00', '0000-00-00 00:00:00', ''),
(573, 'Antha popezchu', '', '081343869463', '', '', '', '', '', 0, '', '', '2023-11-29 11:08:59', '', '', '', '', '', '', '', 0, 14, 0, 0, 0, 12, '52627178', '', '', '', '', '', '', '', 0, 0, 'nanti lgi di pedalaman', '', '', '2023-11-29 19:03:59', '0000-00-00 00:00:00', '0000-00-00 00:00:00', '0000-00-00 00:00:00', ''),
(589, 'Yoyo', '', '081212223338', '', '', '', '', '', 0, '', '', '2023-11-29 11:20:07', '', '', '', '', '', '', '', 0, 14, 0, 0, 0, 12, '34737457', '', '', '', '', '', '', '', 0, 0, 'dengan adiknya', '', '', '2023-11-29 19:50:35', '0000-00-00 00:00:00', '0000-00-00 00:00:00', '0000-00-00 00:00:00', ''),
(603, 'Ahmad laode sahabu', '', '082214684248', '', '', '', '', '', 0, '', '', '2023-11-29 11:28:37', '', '', '', '', '', '', '', 0, 14, 0, 0, 0, 12, '83623994', '', '', '', '', '', '', '', 0, 0, 'tdk minat membeli', '', '', '2023-11-29 20:26:16', '0000-00-00 00:00:00', '0000-00-00 00:00:00', '0000-00-00 00:00:00', ''),
(608, 'Indra', '', '082173125666', '', '', '', '', '', 0, '', '', '2023-11-29 11:31:11', '', '', '', '', '', '', '', 0, 14, 0, 0, 0, 12, '42517374', '', '', '', '', '', '', '', 0, 0, 'tdk ada uang', '', '', '2023-11-29 20:40:14', '0000-00-00 00:00:00', '0000-00-00 00:00:00', '0000-00-00 00:00:00', ''),
(610, 'Herman', '', '081223242519', '', '', '', '', '', 0, '', '', '2023-11-29 11:32:11', '', '', '', '', '', '', '', 0, 14, 0, 0, 0, 12, '16764426', '', '', '', '', '', '', '', 0, 0, 'blm ada uang', '', '', '2023-11-29 20:43:46', '0000-00-00 00:00:00', '0000-00-00 00:00:00', '0000-00-00 00:00:00', ''),
(611, 'Tobing', '', '082288785591', '', '', '', '', '', 0, '', '', '2023-11-29 11:32:37', '', '', '', '', '', '', '', 0, 14, 0, 0, 0, 12, '12762874', '', '', '', '', '', '', '', 0, 0, 'tdl ada uang', '', '', '2023-11-29 20:54:44', '0000-00-00 00:00:00', '0000-00-00 00:00:00', '0000-00-00 00:00:00', '');

--
-- Indexes for dumped tables
--

--
-- Indeks untuk tabel `customerque`
--
ALTER TABLE `customerque`
  ADD PRIMARY KEY (`id_customer`),
  ADD KEY `id_statusf` (`id_statusf`),
  ADD KEY `id_statusg` (`id_statusg`);

--
-- Indeks untuk tabel `history_agent`
--
ALTER TABLE `history_agent`
  ADD PRIMARY KEY (`nb`),
  ADD KEY `id_status` (`id_status`),
  ADD KEY `id_statusc` (`id_statusc`),
  ADD KEY `id_statusb` (`id_statusb`),
  ADD KEY `id_statusd` (`id_statusd`),
  ADD KEY `id_statusf` (`id_statusf`),
  ADD KEY `id_agent` (`id_agent`);

--
-- Indeks untuk tabel `level`
--
ALTER TABLE `level`
  ADD PRIMARY KEY (`id_level`);

--
-- Indeks untuk tabel `product`
--
ALTER TABLE `product`
  ADD PRIMARY KEY (`id_product`);

--
-- Indeks untuk tabel `session_logs`
--
ALTER TABLE `session_logs`
  ADD KEY `id_statuse` (`id_statuse`);

--
-- Indeks untuk tabel `stat_agent`
--
ALTER TABLE `stat_agent`
  ADD PRIMARY KEY (`id_agent`),
  ADD KEY `id_statuse` (`id_statuse`);

--
-- Indeks untuk tabel `tb_agent`
--
ALTER TABLE `tb_agent`
  ADD PRIMARY KEY (`id_agent`),
  ADD KEY `id_level` (`id_level`),
  ADD KEY `id_statuse` (`id_statuse`),
  ADD KEY `id_statuse_2` (`id_statuse`);

--
-- Indeks untuk tabel `tb_callback`
--
ALTER TABLE `tb_callback`
  ADD PRIMARY KEY (`id_status`);

--
-- Indeks untuk tabel `tb_customer`
--
ALTER TABLE `tb_customer`
  ADD PRIMARY KEY (`number`),
  ADD KEY `id_status` (`id_status`),
  ADD KEY `id_statusc` (`id_statusc`),
  ADD KEY `id_statusb` (`id_statusb`),
  ADD KEY `id_statusd` (`id_statusd`),
  ADD KEY `id_statusf` (`id_statusf`),
  ADD KEY `id_agent` (`id_agent`);

--
-- Indeks untuk tabel `tb_delivery`
--
ALTER TABLE `tb_delivery`
  ADD PRIMARY KEY (`id_customer`),
  ADD KEY `id_status` (`id_status`),
  ADD KEY `id_statusc` (`id_statusc`),
  ADD KEY `id_statusb` (`id_statusb`),
  ADD KEY `id_statusd` (`id_statusd`),
  ADD KEY `id_statusf` (`id_statusf`),
  ADD KEY `id_agent` (`id_agent`);

--
-- Indeks untuk tabel `tb_disclaimer`
--
ALTER TABLE `tb_disclaimer`
  ADD PRIMARY KEY (`id_statusb`);

--
-- Indeks untuk tabel `tb_handling`
--
ALTER TABLE `tb_handling`
  ADD PRIMARY KEY (`id_customer`),
  ADD KEY `id_status` (`id_status`),
  ADD KEY `id_statusc` (`id_statusc`),
  ADD KEY `id_statusb` (`id_statusb`),
  ADD KEY `id_statusd` (`id_statusd`),
  ADD KEY `id_statusf` (`id_statusf`),
  ADD KEY `id_agent` (`id_agent`);

--
-- Indeks untuk tabel `tb_leader`
--
ALTER TABLE `tb_leader`
  ADD PRIMARY KEY (`id_leader`),
  ADD KEY `id_level` (`id_level`);

--
-- Indeks untuk tabel `tb_manager`
--
ALTER TABLE `tb_manager`
  ADD PRIMARY KEY (`id_manager`),
  ADD KEY `id_level` (`id_level`);

--
-- Indeks untuk tabel `tb_notconnect`
--
ALTER TABLE `tb_notconnect`
  ADD PRIMARY KEY (`id_statusc`);

--
-- Indeks untuk tabel `tb_opstatus`
--
ALTER TABLE `tb_opstatus`
  ADD PRIMARY KEY (`id_statuse`);

--
-- Indeks untuk tabel `tb_outstanding`
--
ALTER TABLE `tb_outstanding`
  ADD PRIMARY KEY (`id_customer`),
  ADD KEY `id_status` (`id_status`),
  ADD KEY `id_statusc` (`id_statusc`),
  ADD KEY `id_statusb` (`id_statusb`),
  ADD KEY `id_statusd` (`id_statusd`),
  ADD KEY `id_statusf` (`id_statusf`),
  ADD KEY `id_agent` (`id_agent`);

--
-- Indeks untuk tabel `tb_procces`
--
ALTER TABLE `tb_procces`
  ADD PRIMARY KEY (`id_statusf`);

--
-- Indeks untuk tabel `tb_quetype`
--
ALTER TABLE `tb_quetype`
  ADD PRIMARY KEY (`id_statusg`);

--
-- Indeks untuk tabel `tb_queue`
--
ALTER TABLE `tb_queue`
  ADD PRIMARY KEY (`id_customer`),
  ADD KEY `id_status` (`id_status`),
  ADD KEY `id_statusc` (`id_statusc`),
  ADD KEY `id_statusb` (`id_statusb`),
  ADD KEY `id_statusd` (`id_statusd`),
  ADD KEY `id_statusf` (`id_statusf`),
  ADD KEY `id_agent` (`id_agent`);

--
-- Indeks untuk tabel `tb_spam`
--
ALTER TABLE `tb_spam`
  ADD PRIMARY KEY (`id_statusd`);

--
-- Indeks untuk tabel `tb_trash`
--
ALTER TABLE `tb_trash`
  ADD PRIMARY KEY (`id_customer`),
  ADD KEY `id_status` (`id_status`),
  ADD KEY `id_statusc` (`id_statusc`),
  ADD KEY `id_statusb` (`id_statusb`),
  ADD KEY `id_statusd` (`id_statusd`),
  ADD KEY `id_statusf` (`id_statusf`),
  ADD KEY `id_agent` (`id_agent`);

--
-- AUTO_INCREMENT untuk tabel yang dibuang
--

--
-- AUTO_INCREMENT untuk tabel `customerque`
--
ALTER TABLE `customerque`
  MODIFY `id_customer` int(20) NOT NULL AUTO_INCREMENT, AUTO_INCREMENT=507;

--
-- AUTO_INCREMENT untuk tabel `history_agent`
--
ALTER TABLE `history_agent`
  MODIFY `nb` int(11) NOT NULL AUTO_INCREMENT, AUTO_INCREMENT=1691;

--
-- AUTO_INCREMENT untuk tabel `level`
--
ALTER TABLE `level`
  MODIFY `id_level` int(20) NOT NULL AUTO_INCREMENT, AUTO_INCREMENT=4;

--
-- AUTO_INCREMENT untuk tabel `product`
--
ALTER TABLE `product`
  MODIFY `id_product` int(20) NOT NULL AUTO_INCREMENT, AUTO_INCREMENT=3;

--
-- AUTO_INCREMENT untuk tabel `tb_agent`
--
ALTER TABLE `tb_agent`
  MODIFY `id_agent` int(20) NOT NULL AUTO_INCREMENT, AUTO_INCREMENT=15;

--
-- AUTO_INCREMENT untuk tabel `tb_customer`
--
ALTER TABLE `tb_customer`
  MODIFY `number` int(20) NOT NULL AUTO_INCREMENT, AUTO_INCREMENT=1793;

--
-- AUTO_INCREMENT untuk tabel `tb_delivery`
--
ALTER TABLE `tb_delivery`
  MODIFY `id_customer` int(20) NOT NULL AUTO_INCREMENT, AUTO_INCREMENT=992;

--
-- AUTO_INCREMENT untuk tabel `tb_handling`
--
ALTER TABLE `tb_handling`
  MODIFY `id_customer` int(20) NOT NULL AUTO_INCREMENT, AUTO_INCREMENT=992;

--
-- AUTO_INCREMENT untuk tabel `tb_leader`
--
ALTER TABLE `tb_leader`
  MODIFY `id_leader` int(20) NOT NULL AUTO_INCREMENT, AUTO_INCREMENT=2;

--
-- AUTO_INCREMENT untuk tabel `tb_manager`
--
ALTER TABLE `tb_manager`
  MODIFY `id_manager` int(20) NOT NULL AUTO_INCREMENT, AUTO_INCREMENT=2;

--
-- AUTO_INCREMENT untuk tabel `tb_opstatus`
--
ALTER TABLE `tb_opstatus`
  MODIFY `id_statuse` int(20) NOT NULL AUTO_INCREMENT, AUTO_INCREMENT=10;

--
-- AUTO_INCREMENT untuk tabel `tb_outstanding`
--
ALTER TABLE `tb_outstanding`
  MODIFY `id_customer` int(20) NOT NULL AUTO_INCREMENT, AUTO_INCREMENT=16014;

--
-- AUTO_INCREMENT untuk tabel `tb_quetype`
--
ALTER TABLE `tb_quetype`
  MODIFY `id_statusg` int(20) NOT NULL AUTO_INCREMENT, AUTO_INCREMENT=3;

--
-- AUTO_INCREMENT untuk tabel `tb_queue`
--
ALTER TABLE `tb_queue`
  MODIFY `id_customer` int(20) NOT NULL AUTO_INCREMENT, AUTO_INCREMENT=993;

--
-- AUTO_INCREMENT untuk tabel `tb_trash`
--
ALTER TABLE `tb_trash`
  MODIFY `id_customer` int(20) NOT NULL AUTO_INCREMENT, AUTO_INCREMENT=992;

--
-- Ketidakleluasaan untuk tabel pelimpahan (Dumped Tables)
--

--
-- Ketidakleluasaan untuk tabel `customerque`
--
ALTER TABLE `customerque`
  ADD CONSTRAINT `customerque_ibfk_1` FOREIGN KEY (`id_statusf`) REFERENCES `tb_procces` (`id_statusf`),
  ADD CONSTRAINT `customerque_ibfk_2` FOREIGN KEY (`id_statusg`) REFERENCES `tb_quetype` (`id_statusg`);

--
-- Ketidakleluasaan untuk tabel `history_agent`
--
ALTER TABLE `history_agent`
  ADD CONSTRAINT `history_agent_ibfk_1` FOREIGN KEY (`id_status`) REFERENCES `tb_callback` (`id_status`) ON DELETE CASCADE ON UPDATE CASCADE,
  ADD CONSTRAINT `history_agent_ibfk_2` FOREIGN KEY (`id_statusc`) REFERENCES `tb_notconnect` (`id_statusc`) ON DELETE CASCADE ON UPDATE CASCADE,
  ADD CONSTRAINT `history_agent_ibfk_3` FOREIGN KEY (`id_statusb`) REFERENCES `tb_disclaimer` (`id_statusb`),
  ADD CONSTRAINT `history_agent_ibfk_4` FOREIGN KEY (`id_statusd`) REFERENCES `tb_spam` (`id_statusd`) ON DELETE CASCADE ON UPDATE CASCADE,
  ADD CONSTRAINT `history_agent_ibfk_5` FOREIGN KEY (`id_statusf`) REFERENCES `tb_procces` (`id_statusf`) ON DELETE CASCADE ON UPDATE CASCADE;

--
-- Ketidakleluasaan untuk tabel `session_logs`
--
ALTER TABLE `session_logs`
  ADD CONSTRAINT `session_logs_ibfk_1` FOREIGN KEY (`id_statuse`) REFERENCES `tb_opstatus` (`id_statuse`);

--
-- Ketidakleluasaan untuk tabel `stat_agent`
--
ALTER TABLE `stat_agent`
  ADD CONSTRAINT `stat_agent_ibfk_1` FOREIGN KEY (`id_statuse`) REFERENCES `tb_opstatus` (`id_statuse`);

--
-- Ketidakleluasaan untuk tabel `tb_agent`
--
ALTER TABLE `tb_agent`
  ADD CONSTRAINT `tb_agent_ibfk_1` FOREIGN KEY (`id_level`) REFERENCES `level` (`id_level`) ON DELETE CASCADE ON UPDATE CASCADE,
  ADD CONSTRAINT `tb_agent_ibfk_2` FOREIGN KEY (`id_statuse`) REFERENCES `tb_opstatus` (`id_statuse`) ON DELETE CASCADE ON UPDATE CASCADE;

--
-- Ketidakleluasaan untuk tabel `tb_customer`
--
ALTER TABLE `tb_customer`
  ADD CONSTRAINT `tb_customer_ibfk_1` FOREIGN KEY (`id_status`) REFERENCES `tb_callback` (`id_status`) ON DELETE CASCADE ON UPDATE CASCADE,
  ADD CONSTRAINT `tb_customer_ibfk_2` FOREIGN KEY (`id_statusc`) REFERENCES `tb_notconnect` (`id_statusc`) ON DELETE CASCADE ON UPDATE CASCADE,
  ADD CONSTRAINT `tb_customer_ibfk_3` FOREIGN KEY (`id_statusb`) REFERENCES `tb_disclaimer` (`id_statusb`),
  ADD CONSTRAINT `tb_customer_ibfk_4` FOREIGN KEY (`id_statusd`) REFERENCES `tb_spam` (`id_statusd`) ON DELETE CASCADE ON UPDATE CASCADE,
  ADD CONSTRAINT `tb_customer_ibfk_5` FOREIGN KEY (`id_statusf`) REFERENCES `tb_procces` (`id_statusf`) ON DELETE CASCADE ON UPDATE CASCADE;

--
-- Ketidakleluasaan untuk tabel `tb_delivery`
--
ALTER TABLE `tb_delivery`
  ADD CONSTRAINT `tb_delivery_ibfk_1` FOREIGN KEY (`id_status`) REFERENCES `tb_callback` (`id_status`) ON DELETE CASCADE ON UPDATE CASCADE,
  ADD CONSTRAINT `tb_delivery_ibfk_2` FOREIGN KEY (`id_statusc`) REFERENCES `tb_notconnect` (`id_statusc`) ON DELETE CASCADE ON UPDATE CASCADE,
  ADD CONSTRAINT `tb_delivery_ibfk_3` FOREIGN KEY (`id_statusb`) REFERENCES `tb_disclaimer` (`id_statusb`),
  ADD CONSTRAINT `tb_delivery_ibfk_4` FOREIGN KEY (`id_statusd`) REFERENCES `tb_spam` (`id_statusd`) ON DELETE CASCADE ON UPDATE CASCADE,
  ADD CONSTRAINT `tb_delivery_ibfk_5` FOREIGN KEY (`id_statusf`) REFERENCES `tb_procces` (`id_statusf`) ON DELETE CASCADE ON UPDATE CASCADE;

--
-- Ketidakleluasaan untuk tabel `tb_handling`
--
ALTER TABLE `tb_handling`
  ADD CONSTRAINT `tb_handling_ibfk_1` FOREIGN KEY (`id_status`) REFERENCES `tb_callback` (`id_status`) ON DELETE CASCADE ON UPDATE CASCADE,
  ADD CONSTRAINT `tb_handling_ibfk_2` FOREIGN KEY (`id_statusc`) REFERENCES `tb_notconnect` (`id_statusc`) ON DELETE CASCADE ON UPDATE CASCADE,
  ADD CONSTRAINT `tb_handling_ibfk_3` FOREIGN KEY (`id_statusb`) REFERENCES `tb_disclaimer` (`id_statusb`),
  ADD CONSTRAINT `tb_handling_ibfk_4` FOREIGN KEY (`id_statusd`) REFERENCES `tb_spam` (`id_statusd`) ON DELETE CASCADE ON UPDATE CASCADE,
  ADD CONSTRAINT `tb_handling_ibfk_5` FOREIGN KEY (`id_statusf`) REFERENCES `tb_procces` (`id_statusf`) ON DELETE CASCADE ON UPDATE CASCADE;

--
-- Ketidakleluasaan untuk tabel `tb_leader`
--
ALTER TABLE `tb_leader`
  ADD CONSTRAINT `tb_leader_ibfk_1` FOREIGN KEY (`id_level`) REFERENCES `level` (`id_level`);

--
-- Ketidakleluasaan untuk tabel `tb_manager`
--
ALTER TABLE `tb_manager`
  ADD CONSTRAINT `tb_manager_ibfk_1` FOREIGN KEY (`id_level`) REFERENCES `level` (`id_level`);

--
-- Ketidakleluasaan untuk tabel `tb_outstanding`
--
ALTER TABLE `tb_outstanding`
  ADD CONSTRAINT `tb_outstanding_ibfk_1` FOREIGN KEY (`id_status`) REFERENCES `tb_callback` (`id_status`) ON DELETE CASCADE ON UPDATE CASCADE,
  ADD CONSTRAINT `tb_outstanding_ibfk_2` FOREIGN KEY (`id_statusc`) REFERENCES `tb_notconnect` (`id_statusc`) ON DELETE CASCADE ON UPDATE CASCADE,
  ADD CONSTRAINT `tb_outstanding_ibfk_3` FOREIGN KEY (`id_statusb`) REFERENCES `tb_disclaimer` (`id_statusb`),
  ADD CONSTRAINT `tb_outstanding_ibfk_4` FOREIGN KEY (`id_statusd`) REFERENCES `tb_spam` (`id_statusd`) ON DELETE CASCADE ON UPDATE CASCADE,
  ADD CONSTRAINT `tb_outstanding_ibfk_5` FOREIGN KEY (`id_statusf`) REFERENCES `tb_procces` (`id_statusf`) ON DELETE CASCADE ON UPDATE CASCADE;

--
-- Ketidakleluasaan untuk tabel `tb_queue`
--
ALTER TABLE `tb_queue`
  ADD CONSTRAINT `tb_queue_ibfk_1` FOREIGN KEY (`id_status`) REFERENCES `tb_callback` (`id_status`) ON DELETE CASCADE ON UPDATE CASCADE,
  ADD CONSTRAINT `tb_queue_ibfk_2` FOREIGN KEY (`id_statusc`) REFERENCES `tb_notconnect` (`id_statusc`) ON DELETE CASCADE ON UPDATE CASCADE,
  ADD CONSTRAINT `tb_queue_ibfk_3` FOREIGN KEY (`id_statusb`) REFERENCES `tb_disclaimer` (`id_statusb`),
  ADD CONSTRAINT `tb_queue_ibfk_4` FOREIGN KEY (`id_statusd`) REFERENCES `tb_spam` (`id_statusd`) ON DELETE CASCADE ON UPDATE CASCADE,
  ADD CONSTRAINT `tb_queue_ibfk_5` FOREIGN KEY (`id_statusf`) REFERENCES `tb_procces` (`id_statusf`) ON DELETE CASCADE ON UPDATE CASCADE;

--
-- Ketidakleluasaan untuk tabel `tb_trash`
--
ALTER TABLE `tb_trash`
  ADD CONSTRAINT `tb_trash_ibfk_1` FOREIGN KEY (`id_status`) REFERENCES `tb_callback` (`id_status`) ON DELETE CASCADE ON UPDATE CASCADE,
  ADD CONSTRAINT `tb_trash_ibfk_2` FOREIGN KEY (`id_statusc`) REFERENCES `tb_notconnect` (`id_statusc`) ON DELETE CASCADE ON UPDATE CASCADE,
  ADD CONSTRAINT `tb_trash_ibfk_3` FOREIGN KEY (`id_statusb`) REFERENCES `tb_disclaimer` (`id_statusb`),
  ADD CONSTRAINT `tb_trash_ibfk_4` FOREIGN KEY (`id_statusd`) REFERENCES `tb_spam` (`id_statusd`) ON DELETE CASCADE ON UPDATE CASCADE,
  ADD CONSTRAINT `tb_trash_ibfk_5` FOREIGN KEY (`id_statusf`) REFERENCES `tb_procces` (`id_statusf`) ON DELETE CASCADE ON UPDATE CASCADE;
COMMIT;

/*!40101 SET CHARACTER_SET_CLIENT=@OLD_CHARACTER_SET_CLIENT */;
/*!40101 SET CHARACTER_SET_RESULTS=@OLD_CHARACTER_SET_RESULTS */;
/*!40101 SET COLLATION_CONNECTION=@OLD_COLLATION_CONNECTION */;
